"OrderNumber";"OrderDate";"OrderStatus";"CustomerFirstName";"CustomerLastName";"CustomerEmail";"CategoryName";"ProductName";"SKU";"Quantity";"UnitPrice";"Discount";"LineTotal";"ShippingTotal";"GrandTotal"
"ORD-11074";"2008-05-06 07:00:00";"pending";"Nuria";"Gonzalez";"nuria.gonzalez@example.com";"Confections";"Product PAFRH";"SKU-0016";"14";"17.45";"0.050";"232.09";"18.44";"250.53"
"ORD-11076";"2008-05-06 07:00:00";"processing";"Amritansh";"Raghav";"amritansh.raghav@example.com";"Confections";"Product XKXDO";"SKU-0019";"10";"9.20";"0.250";"69.00";"38.28";"831.03"
"ORD-11075";"2008-05-06 07:00:00";"processing";"Jacek";"Myrcha";"jacek.myrcha@example.com";"Seafood";"Product CBRRL";"SKU-0046";"30";"12.00";"0.150";"306.00";"6.19";"504.29"
"ORD-11076";"2008-05-06 07:00:00";"processing";"Amritansh";"Raghav";"amritansh.raghav@example.com";"Condiments";"Product VAIIV";"SKU-0006";"20";"25.00";"0.250";"375.00";"38.28";"831.03"
"ORD-11075";"2008-05-06 07:00:00";"processing";"Jacek";"Myrcha";"jacek.myrcha@example.com";"Beverages";"Product RECZE";"SKU-0002";"10";"19.00";"0.150";"161.50";"6.19";"504.29"
"ORD-11076";"2008-05-06 07:00:00";"processing";"Amritansh";"Raghav";"amritansh.raghav@example.com";"Produce";"Product PWCJB";"SKU-0014";"20";"23.25";"0.250";"348.75";"38.28";"831.03"
"ORD-11075";"2008-05-06 07:00:00";"processing";"Jacek";"Myrcha";"jacek.myrcha@example.com";"Beverages";"Product JYGFE";"SKU-0076";"2";"18.00";"0.150";"30.60";"6.19";"504.29"
"ORD-11070";"2008-05-05 07:00:00";"processing";"George";"Louverdis";"george.louverdis@example.com";"Beverages";"Product RECZE";"SKU-0002";"20";"19.00";"0.150";"323.00";"136.00";"1765.98"
"ORD-11071";"2008-05-05 07:00:00";"processing";"Marlies";"Dressler";"marlies.dressler@example.com";"Seafood";"Product POXFU";"SKU-0013";"10";"6.00";"0.050";"57.00";"0.93";"485.43"
"ORD-11070";"2008-05-05 07:00:00";"processing";"George";"Louverdis";"george.louverdis@example.com";"Dairy Product";"Product XWOXC";"SKU-0031";"20";"12.50";"0.000";"250.00";"136.00";"1765.98"
"ORD-11072";"2008-05-05 07:00:00";"processing";"John";"Kane";"john.kane@example.com";"Beverages";"Product RECZE";"SKU-0002";"8";"19.00";"0.000";"152.00";"258.64";"5476.64"
"ORD-11072";"2008-05-05 07:00:00";"processing";"John";"Kane";"john.kane@example.com";"Seafood";"Product TTEEX";"SKU-0041";"40";"9.65";"0.000";"386.00";"258.64";"5476.64"
"ORD-11073";"2008-05-05 07:00:00";"processing";"Fadi";"Fakhouri";"fadi.fakhouri@example.com";"Dairy Product";"Product QMVUN";"SKU-0011";"10";"21.00";"0.000";"210.00";"24.95";"324.95"
"ORD-11072";"2008-05-05 07:00:00";"processing";"John";"Kane";"john.kane@example.com";"Confections";"Product BIUDV";"SKU-0050";"22";"16.25";"0.000";"357.50";"258.64";"5476.64"
"ORD-11073";"2008-05-05 07:00:00";"processing";"Fadi";"Fakhouri";"fadi.fakhouri@example.com";"Beverages";"Product QOGNU";"SKU-0024";"20";"4.50";"0.000";"90.00";"24.95";"324.95"
"ORD-11071";"2008-05-05 07:00:00";"processing";"Marlies";"Dressler";"marlies.dressler@example.com";"Produce";"Product HMLNI";"SKU-0007";"15";"30.00";"0.050";"427.50";"0.93";"485.43"
"ORD-11072";"2008-05-05 07:00:00";"processing";"John";"Kane";"john.kane@example.com";"Grains/Cereals";"Product HCQDE";"SKU-0064";"130";"33.25";"0.000";"4322.50";"258.64";"5476.64"
"ORD-11070";"2008-05-05 07:00:00";"processing";"George";"Louverdis";"george.louverdis@example.com";"Beverages";"Product HHYDP";"SKU-0001";"40";"18.00";"0.150";"612.00";"136.00";"1765.98"
"ORD-11070";"2008-05-05 07:00:00";"processing";"George";"Louverdis";"george.louverdis@example.com";"Confections";"Product PAFRH";"SKU-0016";"30";"17.45";"0.150";"444.98";"136.00";"1765.98"
"ORD-11067";"2008-05-04 07:00:00";"delivered";"TiAnna";"Jones";"tianna.jones@example.com";"Seafood";"Product TTEEX";"SKU-0041";"9";"9.65";"0.000";"86.85";"7.98";"94.83"
"ORD-11068";"2008-05-04 07:00:00";"processing";"Anna";"Misiec";"anna.misiec@example.com";"Produce";"Product OFBNT";"SKU-0028";"8";"45.60";"0.150";"310.08";"81.75";"2108.83"
"ORD-11069";"2008-05-04 07:00:00";"delivered";"Jens";"Geschwandtner";"jens.geschwandtner@example.com";"Beverages";"Product LSOFL";"SKU-0039";"20";"18.00";"0.000";"360.00";"15.67";"375.67"
"ORD-11068";"2008-05-04 07:00:00";"processing";"Anna";"Misiec";"anna.misiec@example.com";"Condiments";"Product LUNZZ";"SKU-0077";"28";"13.00";"0.150";"309.40";"81.75";"2108.83"
"ORD-11068";"2008-05-04 07:00:00";"processing";"Anna";"Misiec";"anna.misiec@example.com";"Beverages";"Product ZZZHR";"SKU-0043";"36";"46.00";"0.150";"1407.60";"81.75";"2108.83"
"ORD-11064";"2008-05-01 07:00:00";"delivered";"Tomás";"Navarro";"tomas.navarro@example.com";"Seafood";"Product TTEEX";"SKU-0041";"12";"9.65";"0.000";"115.80";"30.09";"4360.49"
"ORD-11064";"2008-05-01 07:00:00";"delivered";"Tomás";"Navarro";"tomas.navarro@example.com";"Confections";"Product TBTBL";"SKU-0068";"55";"12.50";"0.000";"687.50";"30.09";"4360.49"
"ORD-11066";"2008-05-01 07:00:00";"delivered";"Ronaldo";"Smith Jr.";"ronaldo.smithjr@example.com";"Beverages";"Product SWNJY";"SKU-0034";"35";"14.00";"0.000";"490.00";"44.72";"973.47"
"ORD-11065";"2008-05-01 07:00:00";"processing";"Marlies";"Dressler";"marlies.dressler@example.com";"Meat/Poultry";"Product QAQRL";"SKU-0054";"20";"7.45";"0.250";"111.75";"12.91";"202.33"
"ORD-11064";"2008-05-01 07:00:00";"delivered";"Tomás";"Navarro";"tomas.navarro@example.com";"Meat/Poultry";"Product YYWRT";"SKU-0055";"4";"24.00";"0.100";"86.40";"30.09";"4360.49"
"ORD-11065";"2008-05-01 07:00:00";"processing";"Marlies";"Dressler";"marlies.dressler@example.com";"Seafood";"Product LYERX";"SKU-0030";"4";"25.89";"0.250";"77.67";"12.91";"202.33"
"ORD-11066";"2008-05-01 07:00:00";"delivered";"Ronaldo";"Smith Jr.";"ronaldo.smithjr@example.com";"Confections";"Product PAFRH";"SKU-0016";"3";"17.45";"0.000";"52.35";"44.72";"973.47"
"ORD-11064";"2008-05-01 07:00:00";"delivered";"Tomás";"Navarro";"tomas.navarro@example.com";"Meat/Poultry";"Product BKGEA";"SKU-0053";"25";"32.80";"0.100";"738.00";"30.09";"4360.49"
"ORD-11064";"2008-05-01 07:00:00";"delivered";"Tomás";"Navarro";"tomas.navarro@example.com";"Meat/Poultry";"Product BLCAX";"SKU-0017";"77";"39.00";"0.100";"2702.70";"30.09";"4360.49"
"ORD-11066";"2008-05-01 07:00:00";"delivered";"Ronaldo";"Smith Jr.";"ronaldo.smithjr@example.com";"Confections";"Product XKXDO";"SKU-0019";"42";"9.20";"0.000";"386.40";"44.72";"973.47"
"ORD-11063";"2008-04-30 07:00:00";"delivered";"Ovidiu V.";"Craciun";"ovidiuv.craciun@example.com";"Seafood";"Product TTEEX";"SKU-0041";"30";"9.65";"0.100";"260.55";"81.73";"1424.68"
"ORD-11062";"2008-04-30 07:00:00";"processing";"Florian";"Voss";"florian.voss@example.com";"Beverages";"Product TOONT";"SKU-0070";"12";"15.00";"0.200";"144.00";"29.93";"436.33"
"ORD-11063";"2008-04-30 07:00:00";"delivered";"Ovidiu V.";"Craciun";"ovidiuv.craciun@example.com";"Beverages";"Product SWNJY";"SKU-0034";"30";"14.00";"0.000";"420.00";"81.73";"1424.68"
"ORD-11060";"2008-04-30 07:00:00";"delivered";"Martin";"Schmöllerl";"martin.schmollerl@example.com";"Dairy Product";"Product WHBYK";"SKU-0060";"4";"34.00";"0.000";"136.00";"10.98";"276.98"
"ORD-11061";"2008-04-30 07:00:00";"processing";"Venky";"Krishnan";"venky.krishnan@example.com";"Dairy Product";"Product WHBYK";"SKU-0060";"15";"34.00";"0.000";"510.00";"14.01";"524.01"
"ORD-11060";"2008-04-30 07:00:00";"delivered";"Martin";"Schmöllerl";"martin.schmollerl@example.com";"Condiments";"Product LUNZZ";"SKU-0077";"10";"13.00";"0.000";"130.00";"10.98";"276.98"
"ORD-11062";"2008-04-30 07:00:00";"processing";"Florian";"Voss";"florian.voss@example.com";"Meat/Poultry";"Product BKGEA";"SKU-0053";"10";"32.80";"0.200";"262.40";"29.93";"436.33"
"ORD-11063";"2008-04-30 07:00:00";"delivered";"Ovidiu V.";"Craciun";"ovidiuv.craciun@example.com";"Seafood";"Product YZIXQ";"SKU-0040";"40";"18.40";"0.100";"662.40";"81.73";"1424.68"
"ORD-11058";"2008-04-29 07:00:00";"processing";"Carole";"Poland";"carole.poland@example.com";"Confections";"Product VJZZH";"SKU-0021";"3";"10.00";"0.000";"30.00";"31.14";"889.14"
"ORD-11059";"2008-04-29 07:00:00";"processing";"Euan";"Garden";"euan.garden@example.com";"Seafood";"Product POXFU";"SKU-0013";"30";"6.00";"0.000";"180.00";"85.80";"1923.80"
"ORD-11058";"2008-04-29 07:00:00";"processing";"Carole";"Poland";"carole.poland@example.com";"Dairy Product";"Product WHBYK";"SKU-0060";"21";"34.00";"0.000";"714.00";"31.14";"889.14"
"ORD-11057";"2008-04-29 07:00:00";"delivered";"Ken";"Mallit";"ken.mallit@example.com";"Beverages";"Product TOONT";"SKU-0070";"3";"15.00";"0.000";"45.00";"4.13";"49.13"
"ORD-11059";"2008-04-29 07:00:00";"processing";"Euan";"Garden";"euan.garden@example.com";"Dairy Product";"Product WHBYK";"SKU-0060";"35";"34.00";"0.000";"1190.00";"85.80";"1923.80"
"ORD-11058";"2008-04-29 07:00:00";"processing";"Carole";"Poland";"carole.poland@example.com";"Condiments";"Product XYZPE";"SKU-0061";"4";"28.50";"0.000";"114.00";"31.14";"889.14"
"ORD-11059";"2008-04-29 07:00:00";"processing";"Euan";"Garden";"euan.garden@example.com";"Meat/Poultry";"Product BLCAX";"SKU-0017";"12";"39.00";"0.000";"468.00";"85.80";"1923.80"
"ORD-11056";"2008-04-28 07:00:00";"delivered";"Randall";"Boseman";"randall.boseman@example.com";"Dairy Product";"Product WHBYK";"SKU-0060";"50";"34.00";"0.000";"1700.00";"278.96";"4018.96"
"ORD-11054";"2008-04-28 07:00:00";"processing";"Mike";"Ray";"mike.ray@example.com";"Dairy Product";"Product ASTMN";"SKU-0033";"10";"2.50";"0.000";"25.00";"0.33";"305.33"
"ORD-11054";"2008-04-28 07:00:00";"processing";"Mike";"Ray";"mike.ray@example.com";"Beverages";"Product XLXQF";"SKU-0067";"20";"14.00";"0.000";"280.00";"0.33";"305.33"
"ORD-11055";"2008-04-28 07:00:00";"delivered";"Kris";"Langohr";"kris.langohr@example.com";"Confections";"Product LYLNI";"SKU-0025";"15";"14.00";"0.000";"210.00";"120.92";"1848.42"
"ORD-11056";"2008-04-28 07:00:00";"delivered";"Randall";"Boseman";"randall.boseman@example.com";"Meat/Poultry";"Product YYWRT";"SKU-0055";"35";"24.00";"0.000";"840.00";"278.96";"4018.96"
"ORD-11055";"2008-04-28 07:00:00";"delivered";"Kris";"Langohr";"kris.langohr@example.com";"Produce";"Product APITJ";"SKU-0051";"20";"53.00";"0.000";"1060.00";"120.92";"1848.42"
"ORD-11055";"2008-04-28 07:00:00";"delivered";"Kris";"Langohr";"kris.langohr@example.com";"Beverages";"Product QOGNU";"SKU-0024";"15";"4.50";"0.000";"67.50";"120.92";"1848.42"
"ORD-11056";"2008-04-28 07:00:00";"delivered";"Randall";"Boseman";"randall.boseman@example.com";"Produce";"Product HMLNI";"SKU-0007";"40";"30.00";"0.000";"1200.00";"278.96";"4018.96"
"ORD-11055";"2008-04-28 07:00:00";"delivered";"Kris";"Langohr";"kris.langohr@example.com";"Grains/Cereals";"Product OVLQI";"SKU-0057";"20";"19.50";"0.000";"390.00";"120.92";"1848.42"
"ORD-11053";"2008-04-27 07:00:00";"delivered";"Tosh";"Meston";"tosh.meston@example.com";"Seafood";"Product CKEDC";"SKU-0018";"35";"62.50";"0.200";"1750.00";"53.05";"3108.05"
"ORD-11052";"2008-04-27 07:00:00";"delivered";"Shy";"Cohen";"shy.cohen@example.com";"Condiments";"Product XYZPE";"SKU-0061";"10";"28.50";"0.200";"228.00";"67.26";"1399.26"
"ORD-11051";"2008-04-27 07:00:00";"processing";"Tim";"Litton";"tim.litton@example.com";"Beverages";"Product QOGNU";"SKU-0024";"10";"4.50";"0.200";"36.00";"2.79";"38.79"
"ORD-11053";"2008-04-27 07:00:00";"delivered";"Tosh";"Meston";"tosh.meston@example.com";"Grains/Cereals";"Product HCQDE";"SKU-0064";"25";"33.25";"0.200";"665.00";"53.05";"3108.05"
"ORD-11050";"2008-04-27 07:00:00";"delivered";"Patricia";"San Juan";"patricia.sanjuan@example.com";"Beverages";"Product JYGFE";"SKU-0076";"50";"18.00";"0.100";"810.00";"59.41";"869.41"
"ORD-11052";"2008-04-27 07:00:00";"delivered";"Shy";"Cohen";"shy.cohen@example.com";"Beverages";"Product ZZZHR";"SKU-0043";"30";"46.00";"0.200";"1104.00";"67.26";"1399.26"
"ORD-11053";"2008-04-27 07:00:00";"delivered";"Tosh";"Meston";"tosh.meston@example.com";"Dairy Product";"Product NUNAW";"SKU-0032";"20";"32.00";"0.000";"640.00";"53.05";"3108.05"
"ORD-11049";"2008-04-24 07:00:00";"delivered";"Yao-Qiang";"Cheng";"yaoqiang.cheng@example.com";"Beverages";"Product RECZE";"SKU-0002";"10";"19.00";"0.200";"152.00";"8.34";"281.94"
"ORD-11049";"2008-04-24 07:00:00";"delivered";"Yao-Qiang";"Cheng";"yaoqiang.cheng@example.com";"Dairy Product";"Product OSFNS";"SKU-0012";"4";"38.00";"0.200";"121.60";"8.34";"281.94"
"ORD-11048";"2008-04-24 07:00:00";"delivered";"Pilar Colome";"Bassols";"pilarcolome.bassols@example.com";"Confections";"Product TBTBL";"SKU-0068";"42";"12.50";"0.000";"525.00";"24.12";"549.12"
"ORD-11047";"2008-04-24 07:00:00";"delivered";"Randall";"Boseman";"randall.boseman@example.com";"Beverages";"Product HHYDP";"SKU-0001";"25";"18.00";"0.250";"337.50";"46.62";"864.50"
"ORD-11047";"2008-04-24 07:00:00";"delivered";"Randall";"Boseman";"randall.boseman@example.com";"Condiments";"Product EPEIM";"SKU-0005";"30";"21.35";"0.250";"480.38";"46.62";"864.50"
"ORD-11045";"2008-04-23 07:00:00";"processing";"Pilar Colome";"Bassols";"pilarcolome.bassols@example.com";"Dairy Product";"Product ASTMN";"SKU-0033";"15";"2.50";"0.000";"37.50";"70.58";"1380.08"
"ORD-11046";"2008-04-23 07:00:00";"delivered";"Manoj";"Syamala";"manoj.syamala@example.com";"Dairy Product";"Product OSFNS";"SKU-0012";"20";"38.00";"0.050";"722.00";"71.64";"1557.44"
"ORD-11046";"2008-04-23 07:00:00";"delivered";"Manoj";"Syamala";"manoj.syamala@example.com";"Beverages";"Product NEVTJ";"SKU-0035";"18";"18.00";"0.050";"307.80";"71.64";"1557.44"
"ORD-11045";"2008-04-23 07:00:00";"processing";"Pilar Colome";"Bassols";"pilarcolome.bassols@example.com";"Produce";"Product APITJ";"SKU-0051";"24";"53.00";"0.000";"1272.00";"70.58";"1380.08"
"ORD-11044";"2008-04-23 07:00:00";"delivered";"Steve";"Conn";"steve.conn@example.com";"Confections";"Product WUXYK";"SKU-0062";"12";"49.30";"0.000";"591.60";"8.72";"600.32"
"ORD-11046";"2008-04-23 07:00:00";"delivered";"Manoj";"Syamala";"manoj.syamala@example.com";"Dairy Product";"Product NUNAW";"SKU-0032";"15";"32.00";"0.050";"456.00";"71.64";"1557.44"
"ORD-11042";"2008-04-22 07:00:00";"delivered";"Shawn";"Richardson";"shawn.richardson@example.com";"Condiments";"Product XYZPE";"SKU-0061";"4";"28.50";"0.000";"114.00";"29.99";"435.74"
"ORD-11043";"2008-04-22 07:00:00";"delivered";"Dave";"O’Brien";"dave.obrien@example.com";"Dairy Product";"Product QMVUN";"SKU-0011";"10";"21.00";"0.000";"210.00";"8.80";"218.80"
"ORD-11041";"2008-04-22 07:00:00";"delivered";"Jacek";"Jelitto";"jacek.jelitto@example.com";"Condiments";"Product ICKNK";"SKU-0063";"30";"43.90";"0.000";"1317.00";"48.22";"1821.22"
"ORD-11040";"2008-04-22 07:00:00";"processing";"Venky";"Krishnan";"venky.krishnan@example.com";"Confections";"Product VJZZH";"SKU-0021";"20";"10.00";"0.000";"200.00";"18.84";"218.84"
"ORD-11041";"2008-04-22 07:00:00";"delivered";"Jacek";"Jelitto";"jacek.jelitto@example.com";"Beverages";"Product RECZE";"SKU-0002";"30";"19.00";"0.200";"456.00";"48.22";"1821.22"
"ORD-11042";"2008-04-22 07:00:00";"delivered";"Shawn";"Richardson";"shawn.richardson@example.com";"Condiments";"Product VJIEO";"SKU-0044";"15";"19.45";"0.000";"291.75";"29.99";"435.74"
"ORD-11039";"2008-04-21 07:00:00";"pending";"Cornel";"Lupu";"cornel.lupu@example.com";"Beverages";"Product NEVTJ";"SKU-0035";"24";"18.00";"0.000";"432.00";"65.00";"3155.00"
"ORD-11037";"2008-04-21 07:00:00";"delivered";"Rostislav";"Shabalin";"rostislav.shabalin@example.com";"Beverages";"Product TOONT";"SKU-0070";"4";"15.00";"0.000";"60.00";"3.20";"63.20"
"ORD-11039";"2008-04-21 07:00:00";"pending";"Cornel";"Lupu";"cornel.lupu@example.com";"Produce";"Product OFBNT";"SKU-0028";"20";"45.60";"0.000";"912.00";"65.00";"3155.00"
"ORD-11039";"2008-04-21 07:00:00";"pending";"Cornel";"Lupu";"cornel.lupu@example.com";"Confections";"Product FPYPN";"SKU-0049";"60";"20.00";"0.000";"1200.00";"65.00";"3155.00"
"ORD-11039";"2008-04-21 07:00:00";"pending";"Cornel";"Lupu";"cornel.lupu@example.com";"Grains/Cereals";"Product OVLQI";"SKU-0057";"28";"19.50";"0.000";"546.00";"65.00";"3155.00"
"ORD-11038";"2008-04-21 07:00:00";"delivered";"Katrin";"Gulbis";"katrin.gulbis@example.com";"Dairy Product";"Product MYMOI";"SKU-0071";"30";"21.50";"0.000";"645.00";"29.59";"762.19"
"ORD-11038";"2008-04-21 07:00:00";"delivered";"Katrin";"Gulbis";"katrin.gulbis@example.com";"Seafood";"Product YZIXQ";"SKU-0040";"5";"18.40";"0.200";"73.60";"29.59";"762.19"
"ORD-11038";"2008-04-21 07:00:00";"delivered";"Katrin";"Gulbis";"katrin.gulbis@example.com";"Grains/Cereals";"Product QSRXF";"SKU-0052";"2";"7.00";"0.000";"14.00";"29.59";"762.19"
"ORD-11036";"2008-04-20 07:00:00";"delivered";"TiAnna";"Jones";"tianna.jones@example.com";"Dairy Product";"Product UKXRI";"SKU-0059";"30";"55.00";"0.000";"1650.00";"149.47";"1841.47"
"ORD-11034";"2008-04-20 07:00:00";"delivered";"Anja";"Egelund-Muller";"anja.egelundmuller@example.com";"Condiments";"Product XYZPE";"SKU-0061";"6";"28.50";"0.000";"171.00";"40.32";"579.72"
"ORD-11035";"2008-04-20 07:00:00";"delivered";"Katrin";"Gulbis";"katrin.gulbis@example.com";"Meat/Poultry";"Product QAQRL";"SKU-0054";"10";"7.45";"0.000";"74.50";"0.17";"1754.67"
"ORD-11035";"2008-04-20 07:00:00";"delivered";"Katrin";"Gulbis";"katrin.gulbis@example.com";"Grains/Cereals";"Product RJVNM";"SKU-0042";"30";"14.00";"0.000";"420.00";"0.17";"1754.67"
"ORD-11035";"2008-04-20 07:00:00";"delivered";"Katrin";"Gulbis";"katrin.gulbis@example.com";"Beverages";"Product HHYDP";"SKU-0001";"10";"18.00";"0.000";"180.00";"0.17";"1754.67"
"ORD-11034";"2008-04-20 07:00:00";"delivered";"Anja";"Egelund-Muller";"anja.egelundmuller@example.com";"Confections";"Product VJZZH";"SKU-0021";"15";"10.00";"0.100";"135.00";"40.32";"579.72"
"ORD-11034";"2008-04-20 07:00:00";"delivered";"Anja";"Egelund-Muller";"anja.egelundmuller@example.com";"Condiments";"Product VJIEO";"SKU-0044";"12";"19.45";"0.000";"233.40";"40.32";"579.72"
"ORD-11035";"2008-04-20 07:00:00";"delivered";"Katrin";"Gulbis";"katrin.gulbis@example.com";"Beverages";"Product NEVTJ";"SKU-0035";"60";"18.00";"0.000";"1080.00";"0.17";"1754.67"
"ORD-11036";"2008-04-20 07:00:00";"delivered";"TiAnna";"Jones";"tianna.jones@example.com";"Seafood";"Product POXFU";"SKU-0013";"7";"6.00";"0.000";"42.00";"149.47";"1841.47"
"ORD-11032";"2008-04-17 07:00:00";"delivered";"Ronaldo";"Smith Jr.";"ronaldo.smithjr@example.com";"Beverages";"Product QDOMO";"SKU-0038";"25";"263.50";"0.000";"6587.50";"606.19";"9508.69"
"ORD-11032";"2008-04-17 07:00:00";"delivered";"Ronaldo";"Smith Jr.";"ronaldo.smithjr@example.com";"Seafood";"Product GMKIJ";"SKU-0036";"35";"19.00";"0.000";"665.00";"606.19";"9508.69"
"ORD-11031";"2008-04-17 07:00:00";"delivered";"Tomás";"Navarro";"tomas.navarro@example.com";"Beverages";"Product QOGNU";"SKU-0024";"21";"4.50";"0.000";"94.50";"227.22";"2620.72"
"ORD-11033";"2008-04-17 07:00:00";"delivered";"Jacek";"Myrcha";"jacek.myrcha@example.com";"Dairy Product";"Product COAXA";"SKU-0069";"36";"36.00";"0.100";"1166.40";"84.74";"3317.54"
"ORD-11031";"2008-04-17 07:00:00";"delivered";"Tomás";"Navarro";"tomas.navarro@example.com";"Beverages";"Product HHYDP";"SKU-0001";"45";"18.00";"0.000";"810.00";"227.22";"2620.72"
"ORD-11031";"2008-04-17 07:00:00";"delivered";"Tomás";"Navarro";"tomas.navarro@example.com";"Grains/Cereals";"Product HCQDE";"SKU-0064";"20";"33.25";"0.000";"665.00";"227.22";"2620.72"
"ORD-11033";"2008-04-17 07:00:00";"delivered";"Jacek";"Myrcha";"jacek.myrcha@example.com";"Meat/Poultry";"Product BKGEA";"SKU-0053";"70";"32.80";"0.100";"2066.40";"84.74";"3317.54"
"ORD-11030";"2008-04-17 07:00:00";"delivered";"Tomás";"Navarro";"tomas.navarro@example.com";"Meat/Poultry";"Product VJXYN";"SKU-0029";"60";"123.79";"0.250";"5570.55";"830.75";"13445.80"
"ORD-11031";"2008-04-17 07:00:00";"delivered";"Tomás";"Navarro";"tomas.navarro@example.com";"Dairy Product";"Product MYMOI";"SKU-0071";"16";"21.50";"0.000";"344.00";"227.22";"2620.72"
"ORD-11030";"2008-04-17 07:00:00";"delivered";"Tomás";"Navarro";"tomas.navarro@example.com";"Condiments";"Product EPEIM";"SKU-0005";"70";"21.35";"0.000";"1494.50";"830.75";"13445.80"
"ORD-11030";"2008-04-17 07:00:00";"delivered";"Tomás";"Navarro";"tomas.navarro@example.com";"Beverages";"Product RECZE";"SKU-0002";"100";"19.00";"0.250";"1425.00";"830.75";"13445.80"
"ORD-11031";"2008-04-17 07:00:00";"delivered";"Tomás";"Navarro";"tomas.navarro@example.com";"Seafood";"Product POXFU";"SKU-0013";"80";"6.00";"0.000";"480.00";"227.22";"2620.72"
"ORD-11030";"2008-04-17 07:00:00";"delivered";"Tomás";"Navarro";"tomas.navarro@example.com";"Dairy Product";"Product UKXRI";"SKU-0059";"100";"55.00";"0.250";"4125.00";"830.75";"13445.80"
"ORD-11032";"2008-04-17 07:00:00";"delivered";"Ronaldo";"Smith Jr.";"ronaldo.smithjr@example.com";"Dairy Product";"Product UKXRI";"SKU-0059";"30";"55.00";"0.000";"1650.00";"606.19";"9508.69"
"ORD-11029";"2008-04-16 07:00:00";"delivered";"Jacek";"Jelitto";"jacek.jelitto@example.com";"Grains/Cereals";"Product VKCMF";"SKU-0056";"20";"38.00";"0.000";"760.00";"47.84";"1334.64"
"ORD-11027";"2008-04-16 07:00:00";"delivered";"Pilar Colome";"Bassols";"pilarcolome.bassols@example.com";"Beverages";"Product QOGNU";"SKU-0024";"30";"4.50";"0.250";"101.25";"52.52";"930.25"
"ORD-11028";"2008-04-16 07:00:00";"delivered";"Lolan";"Song";"lolan.song@example.com";"Meat/Poultry";"Product YYWRT";"SKU-0055";"35";"24.00";"0.000";"840.00";"29.59";"2189.59"
"ORD-11027";"2008-04-16 07:00:00";"delivered";"Pilar Colome";"Bassols";"pilarcolome.bassols@example.com";"Confections";"Product WUXYK";"SKU-0062";"21";"49.30";"0.250";"776.48";"52.52";"930.25"
"ORD-11028";"2008-04-16 07:00:00";"delivered";"Lolan";"Song";"lolan.song@example.com";"Dairy Product";"Product UKXRI";"SKU-0059";"24";"55.00";"0.000";"1320.00";"29.59";"2189.59"
"ORD-11029";"2008-04-16 07:00:00";"delivered";"Jacek";"Jelitto";"jacek.jelitto@example.com";"Condiments";"Product ICKNK";"SKU-0063";"12";"43.90";"0.000";"526.80";"47.84";"1334.64"
"ORD-11026";"2008-04-15 07:00:00";"delivered";"Martin";"Schmöllerl";"martin.schmollerl@example.com";"Seafood";"Product CKEDC";"SKU-0018";"8";"62.50";"0.000";"500.00";"47.09";"1077.09"
"ORD-11024";"2008-04-15 07:00:00";"delivered";"Randall";"Boseman";"randall.boseman@example.com";"Confections";"Product HLGZA";"SKU-0026";"12";"31.23";"0.000";"374.76";"74.36";"2041.17"
"ORD-11026";"2008-04-15 07:00:00";"delivered";"Martin";"Schmöllerl";"martin.schmollerl@example.com";"Produce";"Product APITJ";"SKU-0051";"10";"53.00";"0.000";"530.00";"47.09";"1077.09"
"ORD-11025";"2008-04-15 07:00:00";"delivered";"Michael";"Ludwig";"michael.ludwig@example.com";"Beverages";"Product HHYDP";"SKU-0001";"10";"18.00";"0.100";"162.00";"29.17";"299.17"
"ORD-11024";"2008-04-15 07:00:00";"delivered";"Randall";"Boseman";"randall.boseman@example.com";"Dairy Product";"Product MYMOI";"SKU-0071";"50";"21.50";"0.000";"1075.00";"74.36";"2041.17"
"ORD-11025";"2008-04-15 07:00:00";"delivered";"Michael";"Ludwig";"michael.ludwig@example.com";"Seafood";"Product POXFU";"SKU-0013";"20";"6.00";"0.100";"108.00";"29.17";"299.17"
"ORD-11024";"2008-04-15 07:00:00";"delivered";"Randall";"Boseman";"randall.boseman@example.com";"Condiments";"Product XYWBZ";"SKU-0065";"21";"21.05";"0.000";"442.05";"74.36";"2041.17"
"ORD-11024";"2008-04-15 07:00:00";"delivered";"Randall";"Boseman";"randall.boseman@example.com";"Dairy Product";"Product ASTMN";"SKU-0033";"30";"2.50";"0.000";"75.00";"74.36";"2041.17"
"ORD-11021";"2008-04-14 07:00:00";"delivered";"Giorgio";"Veronesi";"giorgio.veronesi@example.com";"Confections";"Product HLGZA";"SKU-0026";"63";"31.23";"0.000";"1967.49";"297.18";"6603.42"
"ORD-11021";"2008-04-14 07:00:00";"delivered";"Giorgio";"Veronesi";"giorgio.veronesi@example.com";"Produce";"Product APITJ";"SKU-0051";"44";"53.00";"0.250";"1749.00";"297.18";"6603.42"
"ORD-11020";"2008-04-14 07:00:00";"delivered";"Nadejda";"Marinova";"nadejda.marinova@example.com";"Seafood";"Product YHXGE";"SKU-0010";"24";"31.00";"0.150";"632.40";"43.30";"675.70"
"ORD-11022";"2008-04-14 07:00:00";"delivered";"Shy";"Cohen";"shy.cohen@example.com";"Dairy Product";"Product COAXA";"SKU-0069";"30";"36.00";"0.000";"1080.00";"6.27";"1408.27"
"ORD-11023";"2008-04-14 07:00:00";"delivered";"David";"Jaffe";"david.jaffe@example.com";"Produce";"Product HMLNI";"SKU-0007";"4";"30.00";"0.000";"120.00";"123.83";"1623.83"
"ORD-11021";"2008-04-14 07:00:00";"delivered";"Giorgio";"Veronesi";"giorgio.veronesi@example.com";"Beverages";"Product RECZE";"SKU-0002";"11";"19.00";"0.250";"156.75";"297.18";"6603.42"
"ORD-11023";"2008-04-14 07:00:00";"delivered";"David";"Jaffe";"david.jaffe@example.com";"Beverages";"Product ZZZHR";"SKU-0043";"30";"46.00";"0.000";"1380.00";"123.83";"1623.83"
"ORD-11021";"2008-04-14 07:00:00";"delivered";"Giorgio";"Veronesi";"giorgio.veronesi@example.com";"Dairy Product";"Product GEEOO";"SKU-0072";"35";"34.80";"0.000";"1218.00";"297.18";"6603.42"
"ORD-11022";"2008-04-14 07:00:00";"delivered";"Shy";"Cohen";"shy.cohen@example.com";"Confections";"Product XKXDO";"SKU-0019";"35";"9.20";"0.000";"322.00";"6.27";"1408.27"
"ORD-11021";"2008-04-14 07:00:00";"delivered";"Giorgio";"Veronesi";"giorgio.veronesi@example.com";"Confections";"Product QHFFP";"SKU-0020";"15";"81.00";"0.000";"1215.00";"297.18";"6603.42"
"ORD-11019";"2008-04-13 07:00:00";"processing";"Lawrie";"Gaffney";"lawrie.gaffney@example.com";"Seafood";"Product CBRRL";"SKU-0046";"3";"12.00";"0.000";"36.00";"3.17";"79.17"
"ORD-11018";"2008-04-13 07:00:00";"delivered";"Radoslaw";"Szymczak";"radosaw.szymczak@example.com";"Seafood";"Product CKEDC";"SKU-0018";"10";"62.50";"0.000";"625.00";"11.65";"1586.65"
"ORD-11019";"2008-04-13 07:00:00";"processing";"Lawrie";"Gaffney";"lawrie.gaffney@example.com";"Confections";"Product FPYPN";"SKU-0049";"2";"20.00";"0.000";"40.00";"3.17";"79.17"
"ORD-11017";"2008-04-13 07:00:00";"delivered";"John";"Kane";"john.kane@example.com";"Dairy Product";"Product UKXRI";"SKU-0059";"110";"55.00";"0.000";"6050.00";"754.26";"7504.26"
"ORD-11017";"2008-04-13 07:00:00";"delivered";"John";"Kane";"john.kane@example.com";"Condiments";"Product IMEHJ";"SKU-0003";"25";"10.00";"0.000";"250.00";"754.26";"7504.26"
"ORD-11018";"2008-04-13 07:00:00";"delivered";"Radoslaw";"Szymczak";"radosaw.szymczak@example.com";"Dairy Product";"Product OSFNS";"SKU-0012";"20";"38.00";"0.000";"760.00";"11.65";"1586.65"
"ORD-11018";"2008-04-13 07:00:00";"delivered";"Radoslaw";"Szymczak";"radosaw.szymczak@example.com";"Grains/Cereals";"Product VKCMF";"SKU-0056";"5";"38.00";"0.000";"190.00";"11.65";"1586.65"
"ORD-11017";"2008-04-13 07:00:00";"delivered";"John";"Kane";"john.kane@example.com";"Beverages";"Product TOONT";"SKU-0070";"30";"15.00";"0.000";"450.00";"754.26";"7504.26"
"ORD-11014";"2008-04-10 07:00:00";"delivered";"Cornel";"Lupu";"cornel.lupu@example.com";"Seafood";"Product TTEEX";"SKU-0041";"28";"9.65";"0.100";"243.18";"23.60";"266.78"
"ORD-11016";"2008-04-10 07:00:00";"delivered";"Torsten";"Arndt";"torsten.arndt@example.com";"Dairy Product";"Product XWOXC";"SKU-0031";"15";"12.50";"0.000";"187.50";"33.80";"525.30"
"ORD-11015";"2008-04-10 07:00:00";"delivered";"Kaspars";"Ginters";"kaspars.ginters@example.com";"Condiments";"Product LUNZZ";"SKU-0077";"18";"13.00";"0.000";"234.00";"4.62";"626.97"
"ORD-11015";"2008-04-10 07:00:00";"delivered";"Kaspars";"Ginters";"kaspars.ginters@example.com";"Seafood";"Product LYERX";"SKU-0030";"15";"25.89";"0.000";"388.35";"4.62";"626.97"
"ORD-11016";"2008-04-10 07:00:00";"delivered";"Torsten";"Arndt";"torsten.arndt@example.com";"Seafood";"Product GMKIJ";"SKU-0036";"16";"19.00";"0.000";"304.00";"33.80";"525.30"
"ORD-11010";"2008-04-09 07:00:00";"delivered";"Florian";"Voss";"florian.voss@example.com";"Beverages";"Product QOGNU";"SKU-0024";"10";"4.50";"0.000";"45.00";"28.71";"673.71"
"ORD-11011";"2008-04-09 07:00:00";"delivered";"Michael";"Allen";"michael.allen@example.com";"Seafood";"Product ACRVI";"SKU-0058";"40";"13.25";"0.050";"503.50";"1.21";"934.71"
"ORD-11013";"2008-04-09 07:00:00";"delivered";"Jason M.";"Watters";"jasonm.watters@example.com";"Grains/Cereals";"Product JLUDZ";"SKU-0023";"10";"9.00";"0.000";"90.00";"32.99";"393.99"
"ORD-11013";"2008-04-09 07:00:00";"delivered";"Jason M.";"Watters";"jasonm.watters@example.com";"Confections";"Product TBTBL";"SKU-0068";"2";"12.50";"0.000";"25.00";"32.99";"393.99"
"ORD-11011";"2008-04-09 07:00:00";"delivered";"Michael";"Allen";"michael.allen@example.com";"Dairy Product";"Product MYMOI";"SKU-0071";"20";"21.50";"0.000";"430.00";"1.21";"934.71"
"ORD-11013";"2008-04-09 07:00:00";"delivered";"Jason M.";"Watters";"jasonm.watters@example.com";"Grains/Cereals";"Product RJVNM";"SKU-0042";"4";"14.00";"0.000";"56.00";"32.99";"393.99"
"ORD-11012";"2008-04-09 07:00:00";"delivered";"Jason";"Carlson";"jason.carlson@example.com";"Dairy Product";"Product MYMOI";"SKU-0071";"60";"21.50";"0.050";"1225.50";"242.95";"3068.25"
"ORD-11010";"2008-04-09 07:00:00";"delivered";"Florian";"Voss";"florian.voss@example.com";"Produce";"Product HMLNI";"SKU-0007";"20";"30.00";"0.000";"600.00";"28.71";"673.71"
"ORD-11012";"2008-04-09 07:00:00";"delivered";"Jason";"Carlson";"jason.carlson@example.com";"Confections";"Product XKXDO";"SKU-0019";"50";"9.20";"0.050";"437.00";"242.95";"3068.25"
"ORD-11013";"2008-04-09 07:00:00";"delivered";"Jason M.";"Watters";"jasonm.watters@example.com";"Seafood";"Product AQOKR";"SKU-0045";"20";"9.50";"0.000";"190.00";"32.99";"393.99"
"ORD-11012";"2008-04-09 07:00:00";"delivered";"Jason";"Carlson";"jason.carlson@example.com";"Dairy Product";"Product WHBYK";"SKU-0060";"36";"34.00";"0.050";"1162.80";"242.95";"3068.25"
"ORD-11007";"2008-04-08 07:00:00";"delivered";"Sunil";"Uppal";"sunil.uppal@example.com";"Grains/Cereals";"Product RJVNM";"SKU-0042";"14";"14.00";"0.000";"196.00";"202.24";"2836.14"
"ORD-11008";"2008-04-08 07:00:00";"processing";"John";"Kane";"john.kane@example.com";"Dairy Product";"Product MYMOI";"SKU-0071";"21";"21.50";"0.000";"451.50";"79.46";"4760.36"
"ORD-11008";"2008-04-08 07:00:00";"processing";"John";"Kane";"john.kane@example.com";"Produce";"Product OFBNT";"SKU-0028";"70";"45.60";"0.050";"3032.40";"79.46";"4760.36"
"ORD-11008";"2008-04-08 07:00:00";"processing";"John";"Kane";"john.kane@example.com";"Beverages";"Product SWNJY";"SKU-0034";"90";"14.00";"0.050";"1197.00";"79.46";"4760.36"
"ORD-11007";"2008-04-08 07:00:00";"delivered";"Sunil";"Uppal";"sunil.uppal@example.com";"Condiments";"Product WVJFP";"SKU-0008";"30";"40.00";"0.000";"1200.00";"202.24";"2836.14"
"ORD-11007";"2008-04-08 07:00:00";"delivered";"Sunil";"Uppal";"sunil.uppal@example.com";"Meat/Poultry";"Product VJXYN";"SKU-0029";"10";"123.79";"0.000";"1237.90";"202.24";"2836.14"
"ORD-11009";"2008-04-08 07:00:00";"delivered";"Rostislav";"Shabalin";"rostislav.shabalin@example.com";"Dairy Product";"Product WHBYK";"SKU-0060";"9";"34.00";"0.000";"306.00";"59.11";"675.61"
"ORD-11009";"2008-04-08 07:00:00";"delivered";"Rostislav";"Shabalin";"rostislav.shabalin@example.com";"Seafood";"Product GMKIJ";"SKU-0036";"18";"19.00";"0.250";"256.50";"59.11";"675.61"
"ORD-11009";"2008-04-08 07:00:00";"delivered";"Rostislav";"Shabalin";"rostislav.shabalin@example.com";"Beverages";"Product QOGNU";"SKU-0024";"12";"4.50";"0.000";"54.00";"59.11";"675.61"
"ORD-11005";"2008-04-07 07:00:00";"delivered";"Katarina";"Larsson";"katarina.larsson@example.com";"Beverages";"Product HHYDP";"SKU-0001";"2";"18.00";"0.000";"36.00";"0.75";"586.75"
"ORD-11006";"2008-04-07 07:00:00";"delivered";"Venky";"Krishnan";"venky.krishnan@example.com";"Beverages";"Product HHYDP";"SKU-0001";"8";"18.00";"0.000";"144.00";"25.19";"354.88"
"ORD-11006";"2008-04-07 07:00:00";"delivered";"Venky";"Krishnan";"venky.krishnan@example.com";"Meat/Poultry";"Product VJXYN";"SKU-0029";"2";"123.79";"0.250";"185.69";"25.19";"354.88"
"ORD-11005";"2008-04-07 07:00:00";"delivered";"Katarina";"Larsson";"katarina.larsson@example.com";"Dairy Product";"Product UKXRI";"SKU-0059";"10";"55.00";"0.000";"550.00";"0.75";"586.75"
"ORD-11004";"2008-04-07 07:00:00";"delivered";"Donald";"Mace";"donald.mace@example.com";"Beverages";"Product JYGFE";"SKU-0076";"6";"18.00";"0.000";"108.00";"44.84";"340.22"
"ORD-11004";"2008-04-07 07:00:00";"delivered";"Donald";"Mace";"donald.mace@example.com";"Confections";"Product HLGZA";"SKU-0026";"6";"31.23";"0.000";"187.38";"44.84";"340.22"
"ORD-11001";"2008-04-06 07:00:00";"delivered";"Patricia";"San Juan";"patricia.sanjuan@example.com";"Meat/Poultry";"Product YYWRT";"SKU-0055";"6";"24.00";"0.000";"144.00";"197.30";"2966.30"
"ORD-11000";"2008-04-06 07:00:00";"delivered";"Michael";"Moore";"michael.moore@example.com";"Condiments";"Product KSBRM";"SKU-0004";"25";"22.00";"0.250";"412.50";"55.12";"958.87"
"ORD-11000";"2008-04-06 07:00:00";"delivered";"Michael";"Moore";"michael.moore@example.com";"Condiments";"Product LUNZZ";"SKU-0077";"30";"13.00";"0.000";"390.00";"55.12";"958.87"
"ORD-11002";"2008-04-06 07:00:00";"delivered";"Tomás";"Navarro";"tomas.navarro@example.com";"Meat/Poultry";"Product YYWRT";"SKU-0055";"40";"24.00";"0.000";"960.00";"141.16";"1952.26"
"ORD-11001";"2008-04-06 07:00:00";"delivered";"Patricia";"San Juan";"patricia.sanjuan@example.com";"Produce";"Product HMLNI";"SKU-0007";"60";"30.00";"0.000";"1800.00";"197.30";"2966.30"
"ORD-11002";"2008-04-06 07:00:00";"delivered";"Tomás";"Navarro";"tomas.navarro@example.com";"Seafood";"Product POXFU";"SKU-0013";"56";"6.00";"0.000";"336.00";"141.16";"1952.26"
"ORD-11003";"2008-04-06 07:00:00";"delivered";"Robin";"Young";"robin.young@example.com";"Seafood";"Product YZIXQ";"SKU-0040";"10";"18.40";"0.000";"184.00";"14.91";"340.91"
"ORD-11001";"2008-04-06 07:00:00";"delivered";"Patricia";"San Juan";"patricia.sanjuan@example.com";"Grains/Cereals";"Product CPHFY";"SKU-0022";"25";"21.00";"0.000";"525.00";"197.30";"2966.30"
"ORD-11003";"2008-04-06 07:00:00";"delivered";"Robin";"Young";"robin.young@example.com";"Grains/Cereals";"Product QSRXF";"SKU-0052";"10";"7.00";"0.000";"70.00";"14.91";"340.91"
"ORD-11000";"2008-04-06 07:00:00";"delivered";"Michael";"Moore";"michael.moore@example.com";"Beverages";"Product QOGNU";"SKU-0024";"30";"4.50";"0.250";"101.25";"55.12";"958.87"
"ORD-11002";"2008-04-06 07:00:00";"delivered";"Tomás";"Navarro";"tomas.navarro@example.com";"Beverages";"Product NEVTJ";"SKU-0035";"15";"18.00";"0.150";"229.50";"141.16";"1952.26"
"ORD-11002";"2008-04-06 07:00:00";"delivered";"Tomás";"Navarro";"tomas.navarro@example.com";"Grains/Cereals";"Product RJVNM";"SKU-0042";"24";"14.00";"0.150";"285.60";"141.16";"1952.26"
"ORD-11001";"2008-04-06 07:00:00";"delivered";"Patricia";"San Juan";"patricia.sanjuan@example.com";"Seafood";"Product CBRRL";"SKU-0046";"25";"12.00";"0.000";"300.00";"197.30";"2966.30"
"ORD-11003";"2008-04-06 07:00:00";"delivered";"Robin";"Young";"robin.young@example.com";"Beverages";"Product HHYDP";"SKU-0001";"4";"18.00";"0.000";"72.00";"14.91";"340.91"
"ORD-10999";"2008-04-03 07:00:00";"delivered";"Nadejda";"Marinova";"nadejda.marinova@example.com";"Condiments";"Product LUNZZ";"SKU-0077";"21";"13.00";"0.050";"259.35";"96.35";"1294.30"
"ORD-10998";"2008-04-03 07:00:00";"delivered";"Steve";"Conn";"steve.conn@example.com";"Condiments";"Product XYZPE";"SKU-0061";"7";"28.50";"0.000";"199.50";"20.31";"706.31"
"ORD-10998";"2008-04-03 07:00:00";"delivered";"Steve";"Conn";"steve.conn@example.com";"Produce";"Product BKAZJ";"SKU-0074";"20";"10.00";"0.000";"200.00";"20.31";"706.31"
"ORD-10997";"2008-04-03 07:00:00";"delivered";"Marlies";"Dressler";"marlies.dressler@example.com";"Grains/Cereals";"Product QSRXF";"SKU-0052";"20";"7.00";"0.250";"105.00";"73.91";"1958.91"
"ORD-10997";"2008-04-03 07:00:00";"delivered";"Marlies";"Dressler";"marlies.dressler@example.com";"Dairy Product";"Product NUNAW";"SKU-0032";"50";"32.00";"0.000";"1600.00";"73.91";"1958.91"
"ORD-10998";"2008-04-03 07:00:00";"delivered";"Steve";"Conn";"steve.conn@example.com";"Beverages";"Product QOGNU";"SKU-0024";"12";"4.50";"0.000";"54.00";"20.31";"706.31"
"ORD-10997";"2008-04-03 07:00:00";"delivered";"Marlies";"Dressler";"marlies.dressler@example.com";"Seafood";"Product CBRRL";"SKU-0046";"20";"12.00";"0.250";"180.00";"73.91";"1958.91"
"ORD-10998";"2008-04-03 07:00:00";"delivered";"Steve";"Conn";"steve.conn@example.com";"Beverages";"Product BWRLG";"SKU-0075";"30";"7.75";"0.000";"232.50";"20.31";"706.31"
"ORD-10999";"2008-04-03 07:00:00";"delivered";"Nadejda";"Marinova";"nadejda.marinova@example.com";"Seafood";"Product TTEEX";"SKU-0041";"20";"9.65";"0.050";"183.35";"96.35";"1294.30"
"ORD-10999";"2008-04-03 07:00:00";"delivered";"Nadejda";"Marinova";"nadejda.marinova@example.com";"Produce";"Product APITJ";"SKU-0051";"15";"53.00";"0.050";"755.25";"96.35";"1294.30"
"ORD-10994";"2008-04-02 07:00:00";"delivered";"Karl";"Fonteneau";"karl.fonteneau@example.com";"Dairy Product";"Product UKXRI";"SKU-0059";"18";"55.00";"0.050";"940.50";"65.53";"1006.03"
"ORD-10995";"2008-04-02 07:00:00";"delivered";"Fadi";"Fakhouri";"fadi.fakhouri@example.com";"Dairy Product";"Product WHBYK";"SKU-0060";"4";"34.00";"0.000";"136.00";"46.00";"1242.00"
"ORD-10996";"2008-04-02 07:00:00";"delivered";"Giorgio";"Veronesi";"giorgio.veronesi@example.com";"Grains/Cereals";"Product RJVNM";"SKU-0042";"40";"14.00";"0.000";"560.00";"1.12";"561.12"
"ORD-10995";"2008-04-02 07:00:00";"delivered";"Fadi";"Fakhouri";"fadi.fakhouri@example.com";"Produce";"Product APITJ";"SKU-0051";"20";"53.00";"0.000";"1060.00";"46.00";"1242.00"
"ORD-10993";"2008-04-01 07:00:00";"delivered";"Patricia";"San Juan";"patricia.sanjuan@example.com";"Meat/Poultry";"Product VJXYN";"SKU-0029";"50";"123.79";"0.250";"4642.13";"8.81";"4904.25"
"ORD-10990";"2008-04-01 07:00:00";"delivered";"John";"Kane";"john.kane@example.com";"Beverages";"Product SWNJY";"SKU-0034";"60";"14.00";"0.150";"714.00";"117.61";"4406.46"
"ORD-10991";"2008-04-01 07:00:00";"delivered";"Giorgio";"Veronesi";"giorgio.veronesi@example.com";"Beverages";"Product RECZE";"SKU-0002";"50";"19.00";"0.200";"760.00";"38.51";"2334.51"
"ORD-10991";"2008-04-01 07:00:00";"delivered";"Giorgio";"Veronesi";"giorgio.veronesi@example.com";"Beverages";"Product JYGFE";"SKU-0076";"90";"18.00";"0.200";"1296.00";"38.51";"2334.51"
"ORD-10990";"2008-04-01 07:00:00";"delivered";"John";"Kane";"john.kane@example.com";"Confections";"Product VJZZH";"SKU-0021";"65";"10.00";"0.000";"650.00";"117.61";"4406.46"
"ORD-10992";"2008-04-01 07:00:00";"delivered";"Cristian";"Osorio";"cristian.osorio@example.com";"Dairy Product";"Product GEEOO";"SKU-0072";"2";"34.80";"0.000";"69.60";"4.27";"73.87"
"ORD-10993";"2008-04-01 07:00:00";"delivered";"Patricia";"San Juan";"patricia.sanjuan@example.com";"Seafood";"Product TTEEX";"SKU-0041";"35";"9.65";"0.250";"253.31";"8.81";"4904.25"
"ORD-10991";"2008-04-01 07:00:00";"delivered";"Giorgio";"Veronesi";"giorgio.veronesi@example.com";"Beverages";"Product TOONT";"SKU-0070";"20";"15.00";"0.200";"240.00";"38.51";"2334.51"
"ORD-10990";"2008-04-01 07:00:00";"delivered";"John";"Kane";"john.kane@example.com";"Condiments";"Product XYZPE";"SKU-0061";"66";"28.50";"0.150";"1598.85";"117.61";"4406.46"
"ORD-10990";"2008-04-01 07:00:00";"delivered";"John";"Kane";"john.kane@example.com";"Meat/Poultry";"Product YYWRT";"SKU-0055";"65";"24.00";"0.150";"1326.00";"117.61";"4406.46"
"ORD-10987";"2008-03-31 07:00:00";"delivered";"Randall";"Boseman";"randall.boseman@example.com";"Produce";"Product HMLNI";"SKU-0007";"60";"30.00";"0.000";"1800.00";"185.48";"2957.48"
"ORD-10989";"2008-03-31 07:00:00";"delivered";"Krzysztof";"Florczyk";"krzysztof.florczyk@example.com";"Condiments";"Product VAIIV";"SKU-0006";"40";"25.00";"0.000";"1000.00";"34.76";"1388.36"
"ORD-10988";"2008-03-31 07:00:00";"delivered";"Michael";"Moore";"michael.moore@example.com";"Produce";"Product HMLNI";"SKU-0007";"60";"30.00";"0.000";"1800.00";"61.14";"3635.94"
"ORD-10989";"2008-03-31 07:00:00";"delivered";"Krzysztof";"Florczyk";"krzysztof.florczyk@example.com";"Dairy Product";"Product QMVUN";"SKU-0011";"15";"21.00";"0.000";"315.00";"34.76";"1388.36"
"ORD-10988";"2008-03-31 07:00:00";"delivered";"Michael";"Moore";"michael.moore@example.com";"Confections";"Product WUXYK";"SKU-0062";"40";"49.30";"0.100";"1774.80";"61.14";"3635.94"
"ORD-10987";"2008-03-31 07:00:00";"delivered";"Randall";"Boseman";"randall.boseman@example.com";"Dairy Product";"Product GEEOO";"SKU-0072";"20";"34.80";"0.000";"696.00";"185.48";"2957.48"
"ORD-10987";"2008-03-31 07:00:00";"delivered";"Randall";"Boseman";"randall.boseman@example.com";"Beverages";"Product ZZZHR";"SKU-0043";"6";"46.00";"0.000";"276.00";"185.48";"2957.48"
"ORD-10989";"2008-03-31 07:00:00";"delivered";"Krzysztof";"Florczyk";"krzysztof.florczyk@example.com";"Seafood";"Product TTEEX";"SKU-0041";"4";"9.65";"0.000";"38.60";"34.76";"1388.36"
"ORD-10986";"2008-03-30 07:00:00";"delivered";"Mike";"Tiano";"mike.tiano@example.com";"Dairy Product";"Product QMVUN";"SKU-0011";"30";"21.00";"0.000";"630.00";"217.86";"2437.86"
"ORD-10986";"2008-03-30 07:00:00";"delivered";"Mike";"Tiano";"mike.tiano@example.com";"Beverages";"Product JYGFE";"SKU-0076";"10";"18.00";"0.000";"180.00";"217.86";"2437.86"
"ORD-10985";"2008-03-30 07:00:00";"delivered";"Ovidiu V.";"Craciun";"ovidiuv.craciun@example.com";"Dairy Product";"Product NUNAW";"SKU-0032";"35";"32.00";"0.100";"1008.00";"91.51";"2114.89"
"ORD-10984";"2008-03-30 07:00:00";"delivered";"Tomás";"Navarro";"tomas.navarro@example.com";"Beverages";"Product QOGNU";"SKU-0024";"20";"4.50";"0.000";"90.00";"211.22";"2020.97"
"ORD-10984";"2008-03-30 07:00:00";"delivered";"Tomás";"Navarro";"tomas.navarro@example.com";"Confections";"Product PAFRH";"SKU-0016";"55";"17.45";"0.000";"959.75";"211.22";"2020.97"
"ORD-10984";"2008-03-30 07:00:00";"delivered";"Tomás";"Navarro";"tomas.navarro@example.com";"Seafood";"Product GMKIJ";"SKU-0036";"40";"19.00";"0.000";"760.00";"211.22";"2020.97"
"ORD-10985";"2008-03-30 07:00:00";"delivered";"Ovidiu V.";"Craciun";"ovidiuv.craciun@example.com";"Confections";"Product PAFRH";"SKU-0016";"36";"17.45";"0.100";"565.38";"91.51";"2114.89"
"ORD-10986";"2008-03-30 07:00:00";"delivered";"Mike";"Tiano";"mike.tiano@example.com";"Confections";"Product QHFFP";"SKU-0020";"15";"81.00";"0.000";"1215.00";"217.86";"2437.86"
"ORD-10986";"2008-03-30 07:00:00";"delivered";"Mike";"Tiano";"mike.tiano@example.com";"Condiments";"Product LUNZZ";"SKU-0077";"15";"13.00";"0.000";"195.00";"217.86";"2437.86"
"ORD-10985";"2008-03-30 07:00:00";"delivered";"Ovidiu V.";"Craciun";"ovidiuv.craciun@example.com";"Seafood";"Product CKEDC";"SKU-0018";"8";"62.50";"0.100";"450.00";"91.51";"2114.89"
"ORD-10982";"2008-03-27 07:00:00";"delivered";"Pilar Colome";"Bassols";"pilarcolome.bassols@example.com";"Beverages";"Product ZZZHR";"SKU-0043";"9";"46.00";"0.000";"414.00";"14.01";"1028.01"
"ORD-10983";"2008-03-27 07:00:00";"delivered";"Tomás";"Navarro";"tomas.navarro@example.com";"Seafood";"Product POXFU";"SKU-0013";"84";"6.00";"0.150";"428.40";"657.54";"1378.44"
"ORD-10983";"2008-03-27 07:00:00";"delivered";"Tomás";"Navarro";"tomas.navarro@example.com";"Grains/Cereals";"Product OVLQI";"SKU-0057";"15";"19.50";"0.000";"292.50";"657.54";"1378.44"
"ORD-10980";"2008-03-27 07:00:00";"delivered";"Patricia";"San Juan";"patricia.sanjuan@example.com";"Beverages";"Product BWRLG";"SKU-0075";"40";"7.75";"0.200";"248.00";"1.26";"249.26"
"ORD-10981";"2008-03-27 07:00:00";"delivered";"Shy";"Cohen";"shy.cohen@example.com";"Beverages";"Product QDOMO";"SKU-0038";"60";"263.50";"0.000";"15810.00";"193.37";"16003.37"
"ORD-10982";"2008-03-27 07:00:00";"delivered";"Pilar Colome";"Bassols";"pilarcolome.bassols@example.com";"Produce";"Product HMLNI";"SKU-0007";"20";"30.00";"0.000";"600.00";"14.01";"1028.01"
"ORD-10979";"2008-03-26 07:00:00";"delivered";"John";"Kane";"john.kane@example.com";"Confections";"Product SMIOH";"SKU-0027";"30";"43.90";"0.000";"1317.00";"353.07";"5166.57"
"ORD-10978";"2008-03-26 07:00:00";"delivered";"Donald";"Mace";"donald.mace@example.com";"Condiments";"Product WVJFP";"SKU-0008";"20";"40.00";"0.150";"680.00";"32.82";"1336.02"
"ORD-10977";"2008-03-26 07:00:00";"delivered";"Patricia";"San Juan";"patricia.sanjuan@example.com";"Condiments";"Product ICKNK";"SKU-0063";"20";"43.90";"0.000";"878.00";"208.50";"2441.50"
"ORD-10979";"2008-03-26 07:00:00";"delivered";"John";"Kane";"john.kane@example.com";"Beverages";"Product QOGNU";"SKU-0024";"80";"4.50";"0.000";"360.00";"353.07";"5166.57"
"ORD-10978";"2008-03-26 07:00:00";"delivered";"Donald";"Mace";"donald.mace@example.com";"Confections";"Product VJZZH";"SKU-0021";"40";"10.00";"0.150";"340.00";"32.82";"1336.02"
"ORD-10977";"2008-03-26 07:00:00";"delivered";"Patricia";"San Juan";"patricia.sanjuan@example.com";"Beverages";"Product LSOFL";"SKU-0039";"30";"18.00";"0.000";"540.00";"208.50";"2441.50"
"ORD-10979";"2008-03-26 07:00:00";"delivered";"John";"Kane";"john.kane@example.com";"Condiments";"Product ICKNK";"SKU-0063";"35";"43.90";"0.000";"1536.50";"353.07";"5166.57"
"ORD-10978";"2008-03-26 07:00:00";"delivered";"Donald";"Mace";"donald.mace@example.com";"Seafood";"Product YZIXQ";"SKU-0040";"10";"18.40";"0.000";"184.00";"32.82";"1336.02"
"ORD-10978";"2008-03-26 07:00:00";"delivered";"Donald";"Mace";"donald.mace@example.com";"Condiments";"Product VJIEO";"SKU-0044";"6";"19.45";"0.150";"99.20";"32.82";"1336.02"
"ORD-10977";"2008-03-26 07:00:00";"delivered";"Patricia";"San Juan";"patricia.sanjuan@example.com";"Produce";"Product APITJ";"SKU-0051";"10";"53.00";"0.000";"530.00";"208.50";"2441.50"
"ORD-10979";"2008-03-26 07:00:00";"delivered";"John";"Kane";"john.kane@example.com";"Dairy Product";"Product OSFNS";"SKU-0012";"20";"38.00";"0.000";"760.00";"353.07";"5166.57"
"ORD-10979";"2008-03-26 07:00:00";"delivered";"John";"Kane";"john.kane@example.com";"Produce";"Product HMLNI";"SKU-0007";"18";"30.00";"0.000";"540.00";"353.07";"5166.57"
"ORD-10979";"2008-03-26 07:00:00";"delivered";"John";"Kane";"john.kane@example.com";"Dairy Product";"Product XWOXC";"SKU-0031";"24";"12.50";"0.000";"300.00";"353.07";"5166.57"
"ORD-10977";"2008-03-26 07:00:00";"delivered";"Patricia";"San Juan";"patricia.sanjuan@example.com";"Confections";"Product EZZPR";"SKU-0047";"30";"9.50";"0.000";"285.00";"208.50";"2441.50"
"ORD-10976";"2008-03-25 07:00:00";"delivered";"Kris";"Langohr";"kris.langohr@example.com";"Produce";"Product OFBNT";"SKU-0028";"20";"45.60";"0.000";"912.00";"37.97";"949.97"
"ORD-10975";"2008-03-25 07:00:00";"delivered";"Pilar Colome";"Bassols";"pilarcolome.bassols@example.com";"Condiments";"Product WVJFP";"SKU-0008";"16";"40.00";"0.000";"640.00";"32.27";"749.77"
"ORD-10974";"2008-03-25 07:00:00";"delivered";"Agnieszka";"Wojciechowska";"agnieszka.wojciechowska@example.com";"Condiments";"Product ICKNK";"SKU-0063";"10";"43.90";"0.000";"439.00";"12.96";"451.96"
"ORD-10975";"2008-03-25 07:00:00";"delivered";"Pilar Colome";"Bassols";"pilarcolome.bassols@example.com";"Beverages";"Product BWRLG";"SKU-0075";"10";"7.75";"0.000";"77.50";"32.27";"749.77"
"ORD-10973";"2008-03-24 07:00:00";"delivered";"Jose";"De Oliveira";"jose.deoliveira@example.com";"Beverages";"Product BWRLG";"SKU-0075";"10";"7.75";"0.000";"77.50";"15.17";"306.72"
"ORD-10973";"2008-03-24 07:00:00";"delivered";"Jose";"De Oliveira";"jose.deoliveira@example.com";"Seafood";"Product TTEEX";"SKU-0041";"6";"9.65";"0.000";"57.90";"15.17";"306.72"
"ORD-10970";"2008-03-24 07:00:00";"delivered";"Julia";"Ilyina";"julia.ilyina@example.com";"Grains/Cereals";"Product QSRXF";"SKU-0052";"40";"7.00";"0.200";"224.00";"16.16";"240.16"
"ORD-10972";"2008-03-24 07:00:00";"delivered";"Jose";"De Oliveira";"jose.deoliveira@example.com";"Meat/Poultry";"Product BLCAX";"SKU-0017";"6";"39.00";"0.000";"234.00";"0.02";"251.52"
"ORD-10972";"2008-03-24 07:00:00";"delivered";"Jose";"De Oliveira";"jose.deoliveira@example.com";"Dairy Product";"Product ASTMN";"SKU-0033";"7";"2.50";"0.000";"17.50";"0.02";"251.52"
"ORD-10973";"2008-03-24 07:00:00";"delivered";"Jose";"De Oliveira";"jose.deoliveira@example.com";"Confections";"Product HLGZA";"SKU-0026";"5";"31.23";"0.000";"156.15";"15.17";"306.72"
"ORD-10971";"2008-03-24 07:00:00";"delivered";"Paul";"Koch";"paul.koch@example.com";"Meat/Poultry";"Product VJXYN";"SKU-0029";"14";"123.79";"0.000";"1733.06";"121.82";"1854.88"
"ORD-10967";"2008-03-23 07:00:00";"delivered";"Jim";"Wickham";"jim.wickham@example.com";"Confections";"Product FPYPN";"SKU-0049";"40";"20.00";"0.000";"800.00";"62.22";"972.62"
"ORD-10968";"2008-03-23 07:00:00";"delivered";"John";"Kane";"john.kane@example.com";"Beverages";"Product QOGNU";"SKU-0024";"30";"4.50";"0.000";"135.00";"74.60";"1482.60"
"ORD-10968";"2008-03-23 07:00:00";"delivered";"John";"Kane";"john.kane@example.com";"Grains/Cereals";"Product HCQDE";"SKU-0064";"4";"33.25";"0.000";"133.00";"74.60";"1482.60"
"ORD-10967";"2008-03-23 07:00:00";"delivered";"Jim";"Wickham";"jim.wickham@example.com";"Confections";"Product XKXDO";"SKU-0019";"12";"9.20";"0.000";"110.40";"62.22";"972.62"
"ORD-10968";"2008-03-23 07:00:00";"delivered";"John";"Kane";"john.kane@example.com";"Dairy Product";"Product OSFNS";"SKU-0012";"30";"38.00";"0.000";"1140.00";"74.60";"1482.60"
"ORD-10969";"2008-03-23 07:00:00";"delivered";"Shawn";"Richardson";"shawn.richardson@example.com";"Seafood";"Product CBRRL";"SKU-0046";"9";"12.00";"0.000";"108.00";"0.21";"108.21"
"ORD-10964";"2008-03-20 07:00:00";"delivered";"Dave";"O’Brien";"dave.obrien@example.com";"Dairy Product";"Product COAXA";"SKU-0069";"10";"36.00";"0.000";"360.00";"87.38";"2139.88"
"ORD-10966";"2008-03-20 07:00:00";"delivered";"Jacek";"Jelitto";"jacek.jelitto@example.com";"Confections";"Product WUXYK";"SKU-0062";"12";"49.30";"0.150";"502.86";"27.19";"1125.65"
"ORD-10965";"2008-03-20 07:00:00";"delivered";"Anja";"Egelund-Muller";"anja.egelundmuller@example.com";"Produce";"Product APITJ";"SKU-0051";"16";"53.00";"0.000";"848.00";"144.38";"992.38"
"ORD-10964";"2008-03-20 07:00:00";"delivered";"Dave";"O’Brien";"dave.obrien@example.com";"Beverages";"Product QDOMO";"SKU-0038";"5";"263.50";"0.000";"1317.50";"87.38";"2139.88"
"ORD-10964";"2008-03-20 07:00:00";"delivered";"Dave";"O’Brien";"dave.obrien@example.com";"Seafood";"Product CKEDC";"SKU-0018";"6";"62.50";"0.000";"375.00";"87.38";"2139.88"
"ORD-10966";"2008-03-20 07:00:00";"delivered";"Jacek";"Jelitto";"jacek.jelitto@example.com";"Grains/Cereals";"Product VKCMF";"SKU-0056";"12";"38.00";"0.150";"387.60";"27.19";"1125.65"
"ORD-10966";"2008-03-20 07:00:00";"delivered";"Jacek";"Jelitto";"jacek.jelitto@example.com";"Seafood";"Product EVFFA";"SKU-0037";"8";"26.00";"0.000";"208.00";"27.19";"1125.65"
"ORD-10962";"2008-03-19 07:00:00";"delivered";"Giorgio";"Veronesi";"giorgio.veronesi@example.com";"Dairy Product";"Product COAXA";"SKU-0069";"9";"36.00";"0.000";"324.00";"275.79";"3859.79"
"ORD-10961";"2008-03-19 07:00:00";"delivered";"Anna";"Misiec";"anna.misiec@example.com";"Beverages";"Product JYGFE";"SKU-0076";"60";"18.00";"0.000";"1080.00";"104.47";"1224.37"
"ORD-10960";"2008-03-19 07:00:00";"delivered";"Kris";"Langohr";"kris.langohr@example.com";"Beverages";"Product QOGNU";"SKU-0024";"10";"4.50";"0.250";"33.75";"2.08";"267.43"
"ORD-10962";"2008-03-19 07:00:00";"delivered";"Giorgio";"Veronesi";"giorgio.veronesi@example.com";"Beverages";"Product JYGFE";"SKU-0076";"44";"18.00";"0.000";"792.00";"275.79";"3859.79"
"ORD-10963";"2008-03-19 07:00:00";"delivered";"Giorgio";"Cavaglieri";"giorgio.cavaglieri@example.com";"Dairy Product";"Product WHBYK";"SKU-0060";"2";"34.00";"0.150";"57.80";"2.70";"60.50"
"ORD-10962";"2008-03-19 07:00:00";"delivered";"Giorgio";"Veronesi";"giorgio.veronesi@example.com";"Seafood";"Product POXFU";"SKU-0013";"77";"6.00";"0.000";"462.00";"275.79";"3859.79"
"ORD-10960";"2008-03-19 07:00:00";"delivered";"Kris";"Langohr";"kris.langohr@example.com";"Seafood";"Product TTEEX";"SKU-0041";"24";"9.65";"0.000";"231.60";"2.08";"267.43"
"ORD-10961";"2008-03-19 07:00:00";"delivered";"Anna";"Misiec";"anna.misiec@example.com";"Grains/Cereals";"Product QSRXF";"SKU-0052";"6";"7.00";"0.050";"39.90";"104.47";"1224.37"
"ORD-10962";"2008-03-19 07:00:00";"delivered";"Giorgio";"Veronesi";"giorgio.veronesi@example.com";"Meat/Poultry";"Product BKGEA";"SKU-0053";"20";"32.80";"0.000";"656.00";"275.79";"3859.79"
"ORD-10962";"2008-03-19 07:00:00";"delivered";"Giorgio";"Veronesi";"giorgio.veronesi@example.com";"Produce";"Product HMLNI";"SKU-0007";"45";"30.00";"0.000";"1350.00";"275.79";"3859.79"
"ORD-10957";"2008-03-18 07:00:00";"delivered";"Kris";"Langohr";"kris.langohr@example.com";"Grains/Cereals";"Product HCQDE";"SKU-0064";"8";"33.25";"0.000";"266.00";"105.36";"1868.06"
"ORD-10959";"2008-03-18 07:00:00";"delivered";"Yao-Qiang";"Cheng";"yaoqiang.cheng@example.com";"Beverages";"Product BWRLG";"SKU-0075";"20";"7.75";"0.150";"131.75";"4.98";"136.73"
"ORD-10957";"2008-03-18 07:00:00";"delivered";"Kris";"Langohr";"kris.langohr@example.com";"Seafood";"Product LYERX";"SKU-0030";"30";"25.89";"0.000";"776.70";"105.36";"1868.06"
"ORD-10958";"2008-03-18 07:00:00";"delivered";"Mike";"Tiano";"mike.tiano@example.com";"Dairy Product";"Product GEEOO";"SKU-0072";"5";"34.80";"0.000";"174.00";"49.56";"830.56"
"ORD-10958";"2008-03-18 07:00:00";"delivered";"Mike";"Tiano";"mike.tiano@example.com";"Produce";"Product HMLNI";"SKU-0007";"6";"30.00";"0.000";"180.00";"49.56";"830.56"
"ORD-10958";"2008-03-18 07:00:00";"delivered";"Mike";"Tiano";"mike.tiano@example.com";"Condiments";"Product EPEIM";"SKU-0005";"20";"21.35";"0.000";"427.00";"49.56";"830.56"
"ORD-10957";"2008-03-18 07:00:00";"delivered";"Kris";"Langohr";"kris.langohr@example.com";"Beverages";"Product NEVTJ";"SKU-0035";"40";"18.00";"0.000";"720.00";"105.36";"1868.06"
"ORD-10954";"2008-03-17 07:00:00";"delivered";"Cornel";"Lupu";"cornel.lupu@example.com";"Dairy Product";"Product WHBYK";"SKU-0060";"24";"34.00";"0.150";"693.60";"27.91";"1687.45"
"ORD-10955";"2008-03-17 07:00:00";"delivered";"Patricia";"San Juan";"patricia.sanjuan@example.com";"Beverages";"Product BWRLG";"SKU-0075";"12";"7.75";"0.200";"74.40";"3.26";"77.66"
"ORD-10956";"2008-03-17 07:00:00";"delivered";"Carole";"Poland";"carole.poland@example.com";"Confections";"Product VJZZH";"SKU-0021";"12";"10.00";"0.000";"120.00";"44.65";"721.65"
"ORD-10956";"2008-03-17 07:00:00";"delivered";"Carole";"Poland";"carole.poland@example.com";"Produce";"Product APITJ";"SKU-0051";"8";"53.00";"0.000";"424.00";"44.65";"721.65"
"ORD-10954";"2008-03-17 07:00:00";"delivered";"Cornel";"Lupu";"cornel.lupu@example.com";"Confections";"Product PAFRH";"SKU-0016";"28";"17.45";"0.150";"415.31";"27.91";"1687.45"
"ORD-10954";"2008-03-17 07:00:00";"delivered";"Cornel";"Lupu";"cornel.lupu@example.com";"Seafood";"Product AQOKR";"SKU-0045";"30";"9.50";"0.000";"285.00";"27.91";"1687.45"
"ORD-10954";"2008-03-17 07:00:00";"delivered";"Cornel";"Lupu";"cornel.lupu@example.com";"Dairy Product";"Product XWOXC";"SKU-0031";"25";"12.50";"0.150";"265.63";"27.91";"1687.45"
"ORD-10956";"2008-03-17 07:00:00";"delivered";"Carole";"Poland";"carole.poland@example.com";"Confections";"Product EZZPR";"SKU-0047";"14";"9.50";"0.000";"133.00";"44.65";"721.65"
"ORD-10950";"2008-03-16 07:00:00";"delivered";"Bernard";"Duerr";"bernard.duerr@example.com";"Condiments";"Product KSBRM";"SKU-0004";"5";"22.00";"0.000";"110.00";"2.50";"112.50"
"ORD-10952";"2008-03-16 07:00:00";"delivered";"Michael";"Allen";"michael.allen@example.com";"Condiments";"Product VAIIV";"SKU-0006";"16";"25.00";"0.050";"380.00";"40.42";"511.62"
"ORD-10951";"2008-03-16 07:00:00";"delivered";"Jacek";"Myrcha";"jacek.myrcha@example.com";"Beverages";"Product BWRLG";"SKU-0075";"50";"7.75";"0.050";"368.13";"30.85";"489.62"
"ORD-10951";"2008-03-16 07:00:00";"delivered";"Jacek";"Myrcha";"jacek.myrcha@example.com";"Seafood";"Product TTEEX";"SKU-0041";"6";"9.65";"0.050";"55.01";"30.85";"489.62"
"ORD-10951";"2008-03-16 07:00:00";"delivered";"Jacek";"Myrcha";"jacek.myrcha@example.com";"Dairy Product";"Product ASTMN";"SKU-0033";"15";"2.50";"0.050";"35.63";"30.85";"489.62"
"ORD-10953";"2008-03-16 07:00:00";"delivered";"Torsten";"Arndt";"torsten.arndt@example.com";"Dairy Product";"Product XWOXC";"SKU-0031";"50";"12.50";"0.050";"593.75";"23.72";"4464.97"
"ORD-10953";"2008-03-16 07:00:00";"delivered";"Torsten";"Arndt";"torsten.arndt@example.com";"Confections";"Product QHFFP";"SKU-0020";"50";"81.00";"0.050";"3847.50";"23.72";"4464.97"
"ORD-10952";"2008-03-16 07:00:00";"delivered";"Michael";"Allen";"michael.allen@example.com";"Produce";"Product OFBNT";"SKU-0028";"2";"45.60";"0.000";"91.20";"40.42";"511.62"
"ORD-10949";"2008-03-13 07:00:00";"delivered";"Pilar Colome";"Bassols";"pilarcolome.bassols@example.com";"Confections";"Product WUXYK";"SKU-0062";"60";"49.30";"0.000";"2958.00";"74.44";"4496.44"
"ORD-10947";"2008-03-13 07:00:00";"delivered";"David";"Jaffe";"david.jaffe@example.com";"Dairy Product";"Product UKXRI";"SKU-0059";"4";"55.00";"0.000";"220.00";"3.26";"223.26"
"ORD-10948";"2008-03-13 07:00:00";"delivered";"Rostislav";"Shabalin";"rostislav.shabalin@example.com";"Produce";"Product APITJ";"SKU-0051";"40";"53.00";"0.000";"2120.00";"23.39";"2385.64"
"ORD-10948";"2008-03-13 07:00:00";"delivered";"Rostislav";"Shabalin";"rostislav.shabalin@example.com";"Confections";"Product BIUDV";"SKU-0050";"9";"16.25";"0.000";"146.25";"23.39";"2385.64"
"ORD-10949";"2008-03-13 07:00:00";"delivered";"Pilar Colome";"Bassols";"pilarcolome.bassols@example.com";"Meat/Poultry";"Product BLCAX";"SKU-0017";"6";"39.00";"0.000";"234.00";"74.44";"4496.44"
"ORD-10948";"2008-03-13 07:00:00";"delivered";"Rostislav";"Shabalin";"rostislav.shabalin@example.com";"Meat/Poultry";"Product YYWRT";"SKU-0055";"4";"24.00";"0.000";"96.00";"23.39";"2385.64"
"ORD-10949";"2008-03-13 07:00:00";"delivered";"Pilar Colome";"Bassols";"pilarcolome.bassols@example.com";"Condiments";"Product VAIIV";"SKU-0006";"12";"25.00";"0.000";"300.00";"74.44";"4496.44"
"ORD-10949";"2008-03-13 07:00:00";"delivered";"Pilar Colome";"Bassols";"pilarcolome.bassols@example.com";"Seafood";"Product YHXGE";"SKU-0010";"30";"31.00";"0.000";"930.00";"74.44";"4496.44"
"ORD-10944";"2008-03-12 07:00:00";"delivered";"Pilar Colome";"Bassols";"pilarcolome.bassols@example.com";"Dairy Product";"Product QMVUN";"SKU-0011";"5";"21.00";"0.250";"78.75";"52.92";"1078.25"
"ORD-10946";"2008-03-12 07:00:00";"delivered";"Karl";"Fonteneau";"karl.fonteneau@example.com";"Beverages";"Product QOGNU";"SKU-0024";"25";"4.50";"0.000";"112.50";"27.20";"1434.70"
"ORD-10945";"2008-03-12 07:00:00";"delivered";"Patrice";"Dupont-Roc";"patrice.dupontroc@example.com";"Seafood";"Product POXFU";"SKU-0013";"20";"6.00";"0.000";"120.00";"10.22";"255.22"
"ORD-10944";"2008-03-12 07:00:00";"delivered";"Pilar Colome";"Bassols";"pilarcolome.bassols@example.com";"Condiments";"Product VJIEO";"SKU-0044";"18";"19.45";"0.250";"262.58";"52.92";"1078.25"
"ORD-10945";"2008-03-12 07:00:00";"delivered";"Patrice";"Dupont-Roc";"patrice.dupontroc@example.com";"Dairy Product";"Product XWOXC";"SKU-0031";"10";"12.50";"0.000";"125.00";"10.22";"255.22"
"ORD-10944";"2008-03-12 07:00:00";"delivered";"Pilar Colome";"Bassols";"pilarcolome.bassols@example.com";"Grains/Cereals";"Product VKCMF";"SKU-0056";"18";"38.00";"0.000";"684.00";"52.92";"1078.25"
"ORD-10946";"2008-03-12 07:00:00";"delivered";"Karl";"Fonteneau";"karl.fonteneau@example.com";"Condiments";"Product LUNZZ";"SKU-0077";"40";"13.00";"0.000";"520.00";"27.20";"1434.70"
"ORD-10946";"2008-03-12 07:00:00";"delivered";"Karl";"Fonteneau";"karl.fonteneau@example.com";"Seafood";"Product YHXGE";"SKU-0010";"25";"31.00";"0.000";"775.00";"27.20";"1434.70"
"ORD-10941";"2008-03-11 07:00:00";"delivered";"Tomás";"Navarro";"tomas.navarro@example.com";"Confections";"Product TBTBL";"SKU-0068";"80";"12.50";"0.250";"750.00";"400.81";"4412.56"
"ORD-10943";"2008-03-11 07:00:00";"delivered";"David";"Jaffe";"david.jaffe@example.com";"Seafood";"Product POXFU";"SKU-0013";"15";"6.00";"0.000";"90.00";"2.17";"713.17"
"ORD-10941";"2008-03-11 07:00:00";"delivered";"Tomás";"Navarro";"tomas.navarro@example.com";"Confections";"Product WUXYK";"SKU-0062";"30";"49.30";"0.250";"1109.25";"400.81";"4412.56"
"ORD-10941";"2008-03-11 07:00:00";"delivered";"Tomás";"Navarro";"tomas.navarro@example.com";"Dairy Product";"Product GEEOO";"SKU-0072";"50";"34.80";"0.000";"1740.00";"400.81";"4412.56"
"ORD-10940";"2008-03-11 07:00:00";"delivered";"Amritansh";"Raghav";"amritansh.raghav@example.com";"Produce";"Product HMLNI";"SKU-0007";"8";"30.00";"0.000";"240.00";"19.77";"379.77"
"ORD-10941";"2008-03-11 07:00:00";"delivered";"Tomás";"Navarro";"tomas.navarro@example.com";"Dairy Product";"Product XWOXC";"SKU-0031";"44";"12.50";"0.250";"412.50";"400.81";"4412.56"
"ORD-10943";"2008-03-11 07:00:00";"delivered";"David";"Jaffe";"david.jaffe@example.com";"Seafood";"Product CBRRL";"SKU-0046";"15";"12.00";"0.000";"180.00";"2.17";"713.17"
"ORD-10943";"2008-03-11 07:00:00";"delivered";"David";"Jaffe";"david.jaffe@example.com";"Grains/Cereals";"Product CPHFY";"SKU-0022";"21";"21.00";"0.000";"441.00";"2.17";"713.17"
"ORD-10942";"2008-03-11 07:00:00";"delivered";"Florian";"Voss";"florian.voss@example.com";"Confections";"Product FPYPN";"SKU-0049";"28";"20.00";"0.000";"560.00";"17.95";"577.95"
"ORD-10940";"2008-03-11 07:00:00";"delivered";"Amritansh";"Raghav";"amritansh.raghav@example.com";"Seafood";"Product POXFU";"SKU-0013";"20";"6.00";"0.000";"120.00";"19.77";"379.77"
"ORD-10937";"2008-03-10 07:00:00";"delivered";"Mike";"Ray";"mike.ray@example.com";"Beverages";"Product SWNJY";"SKU-0034";"20";"14.00";"0.000";"280.00";"31.51";"676.31"
"ORD-10939";"2008-03-10 07:00:00";"delivered";"Bernard";"Duerr";"bernard.duerr@example.com";"Beverages";"Product XLXQF";"SKU-0067";"40";"14.00";"0.150";"476.00";"76.33";"713.83"
"ORD-10938";"2008-03-10 07:00:00";"delivered";"Giorgio";"Veronesi";"giorgio.veronesi@example.com";"Dairy Product";"Product MYMOI";"SKU-0071";"35";"21.50";"0.250";"564.38";"31.89";"2763.77"
"ORD-10938";"2008-03-10 07:00:00";"delivered";"Giorgio";"Veronesi";"giorgio.veronesi@example.com";"Dairy Product";"Product WHBYK";"SKU-0060";"49";"34.00";"0.250";"1249.50";"31.89";"2763.77"
"ORD-10938";"2008-03-10 07:00:00";"delivered";"Giorgio";"Veronesi";"giorgio.veronesi@example.com";"Beverages";"Product ZZZHR";"SKU-0043";"24";"46.00";"0.250";"828.00";"31.89";"2763.77"
"ORD-10939";"2008-03-10 07:00:00";"delivered";"Bernard";"Duerr";"bernard.duerr@example.com";"Beverages";"Product RECZE";"SKU-0002";"10";"19.00";"0.150";"161.50";"76.33";"713.83"
"ORD-10938";"2008-03-10 07:00:00";"delivered";"Giorgio";"Veronesi";"giorgio.veronesi@example.com";"Seafood";"Product POXFU";"SKU-0013";"20";"6.00";"0.250";"90.00";"31.89";"2763.77"
"ORD-10937";"2008-03-10 07:00:00";"delivered";"Mike";"Ray";"mike.ray@example.com";"Produce";"Product OFBNT";"SKU-0028";"8";"45.60";"0.000";"364.80";"31.51";"676.31"
"ORD-10935";"2008-03-09 07:00:00";"delivered";"Yan";"Li";"yan.li@example.com";"Grains/Cereals";"Product JLUDZ";"SKU-0023";"8";"9.00";"0.250";"54.00";"47.59";"667.09"
"ORD-10936";"2008-03-09 07:00:00";"delivered";"Venky";"Krishnan";"venky.krishnan@example.com";"Seafood";"Product GMKIJ";"SKU-0036";"30";"19.00";"0.200";"456.00";"33.68";"489.68"
"ORD-10935";"2008-03-09 07:00:00";"delivered";"Yan";"Li";"yan.li@example.com";"Seafood";"Product CKEDC";"SKU-0018";"4";"62.50";"0.250";"187.50";"47.59";"667.09"
"ORD-10934";"2008-03-09 07:00:00";"delivered";"George";"Louverdis";"george.louverdis@example.com";"Condiments";"Product VAIIV";"SKU-0006";"20";"25.00";"0.000";"500.00";"32.01";"532.01"
"ORD-10935";"2008-03-09 07:00:00";"delivered";"Yan";"Li";"yan.li@example.com";"Beverages";"Product HHYDP";"SKU-0001";"21";"18.00";"0.000";"378.00";"47.59";"667.09"
"ORD-10930";"2008-03-06 07:00:00";"delivered";"Katrin";"Gulbis";"katrin.gulbis@example.com";"Seafood";"Product ACRVI";"SKU-0058";"30";"13.25";"0.200";"318.00";"15.55";"2271.05"
"ORD-10930";"2008-03-06 07:00:00";"delivered";"Katrin";"Gulbis";"katrin.gulbis@example.com";"Confections";"Product SMIOH";"SKU-0027";"25";"43.90";"0.000";"1097.50";"15.55";"2271.05"
"ORD-10932";"2008-03-06 07:00:00";"delivered";"Amritansh";"Raghav";"amritansh.raghav@example.com";"Dairy Product";"Product GEEOO";"SKU-0072";"16";"34.80";"0.000";"556.80";"134.64";"1923.27"
"ORD-10930";"2008-03-06 07:00:00";"delivered";"Katrin";"Gulbis";"katrin.gulbis@example.com";"Confections";"Product VJZZH";"SKU-0021";"36";"10.00";"0.000";"360.00";"15.55";"2271.05"
"ORD-10932";"2008-03-06 07:00:00";"delivered";"Amritansh";"Raghav";"amritansh.raghav@example.com";"Confections";"Product PAFRH";"SKU-0016";"30";"17.45";"0.100";"471.15";"134.64";"1923.27"
"ORD-10933";"2008-03-06 07:00:00";"delivered";"Frank";"Lee";"frank.lee@example.com";"Meat/Poultry";"Product BKGEA";"SKU-0053";"2";"32.80";"0.000";"65.60";"54.15";"974.75"
"ORD-10931";"2008-03-06 07:00:00";"delivered";"Jacek";"Myrcha";"jacek.myrcha@example.com";"Grains/Cereals";"Product OVLQI";"SKU-0057";"30";"19.50";"0.000";"585.00";"13.60";"812.80"
"ORD-10931";"2008-03-06 07:00:00";"delivered";"Jacek";"Myrcha";"jacek.myrcha@example.com";"Seafood";"Product POXFU";"SKU-0013";"42";"6.00";"0.150";"214.20";"13.60";"812.80"
"ORD-10930";"2008-03-06 07:00:00";"delivered";"Katrin";"Gulbis";"katrin.gulbis@example.com";"Meat/Poultry";"Product YYWRT";"SKU-0055";"25";"24.00";"0.200";"480.00";"15.55";"2271.05"
"ORD-10933";"2008-03-06 07:00:00";"delivered";"Frank";"Lee";"frank.lee@example.com";"Condiments";"Product XYZPE";"SKU-0061";"30";"28.50";"0.000";"855.00";"54.15";"974.75"
"ORD-10932";"2008-03-06 07:00:00";"delivered";"Amritansh";"Raghav";"amritansh.raghav@example.com";"Beverages";"Product BWRLG";"SKU-0075";"20";"7.75";"0.100";"139.50";"134.64";"1923.27"
"ORD-10932";"2008-03-06 07:00:00";"delivered";"Amritansh";"Raghav";"amritansh.raghav@example.com";"Confections";"Product WUXYK";"SKU-0062";"14";"49.30";"0.100";"621.18";"134.64";"1923.27"
"ORD-10928";"2008-03-05 07:00:00";"delivered";"Katerina";"Kolesnikova";"katerina.kolesnikova@example.com";"Beverages";"Product JYGFE";"SKU-0076";"5";"18.00";"0.000";"90.00";"1.36";"138.86"
"ORD-10929";"2008-03-05 07:00:00";"delivered";"Jason";"Carlson";"jason.carlson@example.com";"Confections";"Product VJZZH";"SKU-0021";"60";"10.00";"0.000";"600.00";"33.93";"1208.68"
"ORD-10927";"2008-03-05 07:00:00";"delivered";"Jose";"De Oliveira";"jose.deoliveira@example.com";"Grains/Cereals";"Product QSRXF";"SKU-0052";"5";"7.00";"0.000";"35.00";"19.79";"819.79"
"ORD-10927";"2008-03-05 07:00:00";"delivered";"Jose";"De Oliveira";"jose.deoliveira@example.com";"Confections";"Product QHFFP";"SKU-0020";"5";"81.00";"0.000";"405.00";"19.79";"819.79"
"ORD-10929";"2008-03-05 07:00:00";"delivered";"Jason";"Carlson";"jason.carlson@example.com";"Condiments";"Product LUNZZ";"SKU-0077";"15";"13.00";"0.000";"195.00";"33.93";"1208.68"
"ORD-10928";"2008-03-05 07:00:00";"delivered";"Katerina";"Kolesnikova";"katerina.kolesnikova@example.com";"Confections";"Product EZZPR";"SKU-0047";"5";"9.50";"0.000";"47.50";"1.36";"138.86"
"ORD-10929";"2008-03-05 07:00:00";"delivered";"Jason";"Carlson";"jason.carlson@example.com";"Beverages";"Product BWRLG";"SKU-0075";"49";"7.75";"0.000";"379.75";"33.93";"1208.68"
"ORD-10927";"2008-03-05 07:00:00";"delivered";"Jose";"De Oliveira";"jose.deoliveira@example.com";"Beverages";"Product JYGFE";"SKU-0076";"20";"18.00";"0.000";"360.00";"19.79";"819.79"
"ORD-10926";"2008-03-04 07:00:00";"delivered";"Mark";"Hassall";"mark.hassall@example.com";"Dairy Product";"Product GEEOO";"SKU-0072";"10";"34.80";"0.000";"348.00";"39.92";"554.32"
"ORD-10925";"2008-03-04 07:00:00";"delivered";"Shy";"Cohen";"shy.cohen@example.com";"Grains/Cereals";"Product QSRXF";"SKU-0052";"12";"7.00";"0.150";"71.40";"2.27";"477.42"
"ORD-10926";"2008-03-04 07:00:00";"delivered";"Mark";"Hassall";"mark.hassall@example.com";"Confections";"Product XKXDO";"SKU-0019";"7";"9.20";"0.000";"64.40";"39.92";"554.32"
"ORD-10925";"2008-03-04 07:00:00";"delivered";"Shy";"Cohen";"shy.cohen@example.com";"Seafood";"Product GMKIJ";"SKU-0036";"25";"19.00";"0.150";"403.75";"2.27";"477.42"
"ORD-10926";"2008-03-04 07:00:00";"delivered";"Mark";"Hassall";"mark.hassall@example.com";"Seafood";"Product POXFU";"SKU-0013";"10";"6.00";"0.000";"60.00";"39.92";"554.32"
"ORD-10924";"2008-03-04 07:00:00";"delivered";"Tom";"Higginbotham";"tom.higginbotham@example.com";"Seafood";"Product YHXGE";"SKU-0010";"20";"31.00";"0.100";"558.00";"151.52";"1987.22"
"ORD-10924";"2008-03-04 07:00:00";"delivered";"Tom";"Higginbotham";"tom.higginbotham@example.com";"Beverages";"Product BWRLG";"SKU-0075";"6";"7.75";"0.000";"46.50";"151.52";"1987.22"
"ORD-10924";"2008-03-04 07:00:00";"delivered";"Tom";"Higginbotham";"tom.higginbotham@example.com";"Produce";"Product OFBNT";"SKU-0028";"30";"45.60";"0.100";"1231.20";"151.52";"1987.22"
"ORD-10926";"2008-03-04 07:00:00";"delivered";"Mark";"Hassall";"mark.hassall@example.com";"Dairy Product";"Product QMVUN";"SKU-0011";"2";"21.00";"0.000";"42.00";"39.92";"554.32"
"ORD-10921";"2008-03-03 07:00:00";"delivered";"Karl";"Fonteneau";"karl.fonteneau@example.com";"Condiments";"Product ICKNK";"SKU-0063";"40";"43.90";"0.000";"1756.00";"176.48";"2112.48"
"ORD-10923";"2008-03-03 07:00:00";"delivered";"Tim";"Litton";"tim.litton@example.com";"Beverages";"Product ZZZHR";"SKU-0043";"10";"46.00";"0.200";"368.00";"68.26";"817.06"
"ORD-10920";"2008-03-03 07:00:00";"delivered";"Torsten";"Arndt";"torsten.arndt@example.com";"Confections";"Product BIUDV";"SKU-0050";"24";"16.25";"0.000";"390.00";"29.61";"419.61"
"ORD-10922";"2008-03-03 07:00:00";"delivered";"Shy";"Cohen";"shy.cohen@example.com";"Meat/Poultry";"Product BLCAX";"SKU-0017";"15";"39.00";"0.000";"585.00";"62.74";"805.24"
"ORD-10921";"2008-03-03 07:00:00";"delivered";"Karl";"Fonteneau";"karl.fonteneau@example.com";"Beverages";"Product NEVTJ";"SKU-0035";"10";"18.00";"0.000";"180.00";"176.48";"2112.48"
"ORD-10923";"2008-03-03 07:00:00";"delivered";"Tim";"Litton";"tim.litton@example.com";"Grains/Cereals";"Product RJVNM";"SKU-0042";"10";"14.00";"0.200";"112.00";"68.26";"817.06"
"ORD-10923";"2008-03-03 07:00:00";"delivered";"Tim";"Litton";"tim.litton@example.com";"Beverages";"Product XLXQF";"SKU-0067";"24";"14.00";"0.200";"268.80";"68.26";"817.06"
"ORD-10922";"2008-03-03 07:00:00";"delivered";"Shy";"Cohen";"shy.cohen@example.com";"Beverages";"Product QOGNU";"SKU-0024";"35";"4.50";"0.000";"157.50";"62.74";"805.24"
"ORD-10919";"2008-03-02 07:00:00";"delivered";"Cornel";"Lupu";"cornel.lupu@example.com";"Confections";"Product LYLNI";"SKU-0025";"24";"14.00";"0.000";"336.00";"19.80";"1142.60"
"ORD-10919";"2008-03-02 07:00:00";"delivered";"Cornel";"Lupu";"cornel.lupu@example.com";"Confections";"Product PAFRH";"SKU-0016";"24";"17.45";"0.000";"418.80";"19.80";"1142.60"
"ORD-10917";"2008-03-02 07:00:00";"delivered";"Jason M.";"Watters";"jasonm.watters@example.com";"Seafood";"Product LYERX";"SKU-0030";"1";"25.89";"0.000";"25.89";"8.29";"374.18"
"ORD-10919";"2008-03-02 07:00:00";"delivered";"Cornel";"Lupu";"cornel.lupu@example.com";"Seafood";"Product YZIXQ";"SKU-0040";"20";"18.40";"0.000";"368.00";"19.80";"1142.60"
"ORD-10918";"2008-03-02 07:00:00";"delivered";"Pilar Colome";"Bassols";"pilarcolome.bassols@example.com";"Beverages";"Product HHYDP";"SKU-0001";"60";"18.00";"0.250";"810.00";"48.83";"1496.33"
"ORD-10917";"2008-03-02 07:00:00";"delivered";"Jason M.";"Watters";"jasonm.watters@example.com";"Dairy Product";"Product WHBYK";"SKU-0060";"10";"34.00";"0.000";"340.00";"8.29";"374.18"
"ORD-10918";"2008-03-02 07:00:00";"delivered";"Pilar Colome";"Bassols";"pilarcolome.bassols@example.com";"Dairy Product";"Product WHBYK";"SKU-0060";"25";"34.00";"0.250";"637.50";"48.83";"1496.33"
"ORD-10916";"2008-02-27 07:00:00";"delivered";"Lawrie";"Gaffney";"lawrie.gaffney@example.com";"Confections";"Product PAFRH";"SKU-0016";"6";"17.45";"0.000";"104.70";"63.77";"750.47"
"ORD-10915";"2008-02-27 07:00:00";"delivered";"Jens";"Geschwandtner";"jens.geschwandtner@example.com";"Meat/Poultry";"Product BLCAX";"SKU-0017";"10";"39.00";"0.000";"390.00";"3.51";"543.01"
"ORD-10915";"2008-02-27 07:00:00";"delivered";"Jens";"Geschwandtner";"jens.geschwandtner@example.com";"Meat/Poultry";"Product QAQRL";"SKU-0054";"10";"7.45";"0.000";"74.50";"3.51";"543.01"
"ORD-10916";"2008-02-27 07:00:00";"delivered";"Lawrie";"Gaffney";"lawrie.gaffney@example.com";"Grains/Cereals";"Product OVLQI";"SKU-0057";"20";"19.50";"0.000";"390.00";"63.77";"750.47"
"ORD-10916";"2008-02-27 07:00:00";"delivered";"Lawrie";"Gaffney";"lawrie.gaffney@example.com";"Dairy Product";"Product NUNAW";"SKU-0032";"6";"32.00";"0.000";"192.00";"63.77";"750.47"
"ORD-10915";"2008-02-27 07:00:00";"delivered";"Jens";"Geschwandtner";"jens.geschwandtner@example.com";"Dairy Product";"Product ASTMN";"SKU-0033";"30";"2.50";"0.000";"75.00";"3.51";"543.01"
"ORD-10914";"2008-02-27 07:00:00";"delivered";"Anna";"Misiec";"anna.misiec@example.com";"Dairy Product";"Product MYMOI";"SKU-0071";"25";"21.50";"0.000";"537.50";"21.19";"558.69"
"ORD-10908";"2008-02-26 07:00:00";"delivered";"Florian";"Voss";"florian.voss@example.com";"Grains/Cereals";"Product QSRXF";"SKU-0052";"14";"7.00";"0.050";"93.10";"32.96";"696.06"
"ORD-10908";"2008-02-26 07:00:00";"delivered";"Florian";"Voss";"florian.voss@example.com";"Produce";"Product HMLNI";"SKU-0007";"20";"30.00";"0.050";"570.00";"32.96";"696.06"
"ORD-10911";"2008-02-26 07:00:00";"delivered";"Rostislav";"Shabalin";"rostislav.shabalin@example.com";"Meat/Poultry";"Product BLCAX";"SKU-0017";"12";"39.00";"0.000";"468.00";"38.19";"896.19"
"ORD-10909";"2008-02-26 07:00:00";"delivered";"Kaspars";"Ginters";"kaspars.ginters@example.com";"Seafood";"Product TTEEX";"SKU-0041";"5";"9.65";"0.000";"48.25";"53.05";"723.05"
"ORD-10909";"2008-02-26 07:00:00";"delivered";"Kaspars";"Ginters";"kaspars.ginters@example.com";"Produce";"Product HMLNI";"SKU-0007";"12";"30.00";"0.000";"360.00";"53.05";"723.05"
"ORD-10910";"2008-02-26 07:00:00";"delivered";"Katarina";"Larsson";"katarina.larsson@example.com";"Confections";"Product XKXDO";"SKU-0019";"12";"9.20";"0.000";"110.40";"38.11";"491.01"
"ORD-10913";"2008-02-26 07:00:00";"delivered";"Anna";"Misiec";"anna.misiec@example.com";"Dairy Product";"Product ASTMN";"SKU-0033";"40";"2.50";"0.250";"75.00";"33.05";"801.80"
"ORD-10911";"2008-02-26 07:00:00";"delivered";"Rostislav";"Shabalin";"rostislav.shabalin@example.com";"Beverages";"Product HHYDP";"SKU-0001";"10";"18.00";"0.000";"180.00";"38.19";"896.19"
"ORD-10910";"2008-02-26 07:00:00";"delivered";"Katarina";"Larsson";"katarina.larsson@example.com";"Condiments";"Product XYZPE";"SKU-0061";"5";"28.50";"0.000";"142.50";"38.11";"491.01"
"ORD-10912";"2008-02-26 07:00:00";"delivered";"Ovidiu V.";"Craciun";"ovidiuv.craciun@example.com";"Dairy Product";"Product QMVUN";"SKU-0011";"40";"21.00";"0.250";"630.00";"580.91";"6781.46"
"ORD-10911";"2008-02-26 07:00:00";"delivered";"Rostislav";"Shabalin";"rostislav.shabalin@example.com";"Beverages";"Product XLXQF";"SKU-0067";"15";"14.00";"0.000";"210.00";"38.19";"896.19"
"ORD-10912";"2008-02-26 07:00:00";"delivered";"Ovidiu V.";"Craciun";"ovidiuv.craciun@example.com";"Meat/Poultry";"Product VJXYN";"SKU-0029";"60";"123.79";"0.250";"5570.55";"580.91";"6781.46"
"ORD-10910";"2008-02-26 07:00:00";"delivered";"Katarina";"Larsson";"katarina.larsson@example.com";"Confections";"Product FPYPN";"SKU-0049";"10";"20.00";"0.000";"200.00";"38.11";"491.01"
"ORD-10913";"2008-02-26 07:00:00";"delivered";"Anna";"Misiec";"anna.misiec@example.com";"Condiments";"Product KSBRM";"SKU-0004";"30";"22.00";"0.250";"495.00";"33.05";"801.80"
"ORD-10913";"2008-02-26 07:00:00";"delivered";"Anna";"Misiec";"anna.misiec@example.com";"Seafood";"Product ACRVI";"SKU-0058";"15";"13.25";"0.000";"198.75";"33.05";"801.80"
"ORD-10909";"2008-02-26 07:00:00";"delivered";"Kaspars";"Ginters";"kaspars.ginters@example.com";"Confections";"Product PAFRH";"SKU-0016";"15";"17.45";"0.000";"261.75";"53.05";"723.05"
"ORD-10906";"2008-02-25 07:00:00";"delivered";"Steve";"Conn";"steve.conn@example.com";"Condiments";"Product XYZPE";"SKU-0061";"15";"28.50";"0.000";"427.50";"26.29";"453.79"
"ORD-10907";"2008-02-25 07:00:00";"delivered";"Dave";"O’Brien";"dave.obrien@example.com";"Beverages";"Product BWRLG";"SKU-0075";"14";"7.75";"0.000";"108.50";"9.19";"117.69"
"ORD-10905";"2008-02-24 07:00:00";"delivered";"Yan";"Li";"yan.li@example.com";"Beverages";"Product HHYDP";"SKU-0001";"20";"18.00";"0.050";"342.00";"13.72";"355.72"
"ORD-10903";"2008-02-24 07:00:00";"delivered";"Shy";"Cohen";"shy.cohen@example.com";"Seafood";"Product POXFU";"SKU-0013";"40";"6.00";"0.000";"240.00";"36.71";"968.76"
"ORD-10903";"2008-02-24 07:00:00";"delivered";"Shy";"Cohen";"shy.cohen@example.com";"Condiments";"Product XYWBZ";"SKU-0065";"21";"21.05";"0.000";"442.05";"36.71";"968.76"
"ORD-10904";"2008-02-24 07:00:00";"delivered";"Ronaldo";"Smith Jr.";"ronaldo.smithjr@example.com";"Seafood";"Product ACRVI";"SKU-0058";"15";"13.25";"0.000";"198.75";"162.95";"2087.20"
"ORD-10904";"2008-02-24 07:00:00";"delivered";"Ronaldo";"Smith Jr.";"ronaldo.smithjr@example.com";"Confections";"Product WUXYK";"SKU-0062";"35";"49.30";"0.000";"1725.50";"162.95";"2087.20"
"ORD-10903";"2008-02-24 07:00:00";"delivered";"Shy";"Cohen";"shy.cohen@example.com";"Confections";"Product TBTBL";"SKU-0068";"20";"12.50";"0.000";"250.00";"36.71";"968.76"
"ORD-10901";"2008-02-23 07:00:00";"delivered";"Kris";"Langohr";"kris.langohr@example.com";"Seafood";"Product TTEEX";"SKU-0041";"30";"9.65";"0.000";"289.50";"62.09";"996.59"
"ORD-10902";"2008-02-23 07:00:00";"delivered";"Patricia";"San Juan";"patricia.sanjuan@example.com";"Meat/Poultry";"Product YYWRT";"SKU-0055";"30";"24.00";"0.150";"612.00";"44.15";"907.58"
"ORD-10902";"2008-02-23 07:00:00";"delivered";"Patricia";"San Juan";"patricia.sanjuan@example.com";"Confections";"Product WUXYK";"SKU-0062";"6";"49.30";"0.150";"251.43";"44.15";"907.58"
"ORD-10901";"2008-02-23 07:00:00";"delivered";"Kris";"Langohr";"kris.langohr@example.com";"Dairy Product";"Product MYMOI";"SKU-0071";"30";"21.50";"0.000";"645.00";"62.09";"996.59"
"ORD-10898";"2008-02-20 07:00:00";"delivered";"Mike";"Tiano";"mike.tiano@example.com";"Seafood";"Product POXFU";"SKU-0013";"5";"6.00";"0.000";"30.00";"1.27";"31.27"
"ORD-10899";"2008-02-20 07:00:00";"delivered";"Marlies";"Dressler";"marlies.dressler@example.com";"Beverages";"Product LSOFL";"SKU-0039";"8";"18.00";"0.150";"122.40";"1.21";"123.61"
"ORD-10900";"2008-02-20 07:00:00";"delivered";"Yan";"Li";"yan.li@example.com";"Beverages";"Product TOONT";"SKU-0070";"3";"15.00";"0.250";"33.75";"1.66";"35.41"
"ORD-10897";"2008-02-19 07:00:00";"delivered";"Ovidiu V.";"Craciun";"ovidiuv.craciun@example.com";"Seafood";"Product LYERX";"SKU-0030";"36";"25.89";"0.000";"932.04";"603.54";"11438.78"
"ORD-10896";"2008-02-19 07:00:00";"delivered";"Donald";"Mace";"donald.mace@example.com";"Grains/Cereals";"Product VKCMF";"SKU-0056";"16";"38.00";"0.000";"608.00";"32.45";"782.95"
"ORD-10896";"2008-02-19 07:00:00";"delivered";"Donald";"Mace";"donald.mace@example.com";"Seafood";"Product AQOKR";"SKU-0045";"15";"9.50";"0.000";"142.50";"32.45";"782.95"
"ORD-10897";"2008-02-19 07:00:00";"delivered";"Ovidiu V.";"Craciun";"ovidiuv.craciun@example.com";"Meat/Poultry";"Product VJXYN";"SKU-0029";"80";"123.79";"0.000";"9903.20";"603.54";"11438.78"
"ORD-10893";"2008-02-18 07:00:00";"delivered";"Lolan";"Song";"lolan.song@example.com";"Seafood";"Product LYERX";"SKU-0030";"35";"25.89";"0.000";"906.15";"77.78";"5579.89"
"ORD-10893";"2008-02-18 07:00:00";"delivered";"Lolan";"Song";"lolan.song@example.com";"Condiments";"Product WVJFP";"SKU-0008";"30";"40.00";"0.000";"1200.00";"77.78";"5579.89"
"ORD-10894";"2008-02-18 07:00:00";"delivered";"Tomás";"Navarro";"tomas.navarro@example.com";"Seafood";"Product POXFU";"SKU-0013";"28";"6.00";"0.050";"159.60";"116.13";"2869.23"
"ORD-10895";"2008-02-18 07:00:00";"delivered";"John";"Kane";"john.kane@example.com";"Beverages";"Product LSOFL";"SKU-0039";"45";"18.00";"0.000";"810.00";"162.75";"6542.15"
"ORD-10895";"2008-02-18 07:00:00";"delivered";"John";"Kane";"john.kane@example.com";"Seafood";"Product YZIXQ";"SKU-0040";"91";"18.40";"0.000";"1674.40";"162.75";"6542.15"
"ORD-10893";"2008-02-18 07:00:00";"delivered";"Lolan";"Song";"lolan.song@example.com";"Seafood";"Product GMKIJ";"SKU-0036";"20";"19.00";"0.000";"380.00";"77.78";"5579.89"
"ORD-10894";"2008-02-18 07:00:00";"delivered";"Tomás";"Navarro";"tomas.navarro@example.com";"Beverages";"Product BWRLG";"SKU-0075";"120";"7.75";"0.050";"883.50";"116.13";"2869.23"
"ORD-10893";"2008-02-18 07:00:00";"delivered";"Lolan";"Song";"lolan.song@example.com";"Meat/Poultry";"Product VJXYN";"SKU-0029";"24";"123.79";"0.000";"2970.96";"77.78";"5579.89"
"ORD-10895";"2008-02-18 07:00:00";"delivered";"John";"Kane";"john.kane@example.com";"Dairy Product";"Product WHBYK";"SKU-0060";"100";"34.00";"0.000";"3400.00";"162.75";"6542.15"
"ORD-10893";"2008-02-18 07:00:00";"delivered";"Lolan";"Song";"lolan.song@example.com";"Beverages";"Product QOGNU";"SKU-0024";"10";"4.50";"0.000";"45.00";"77.78";"5579.89"
"ORD-10895";"2008-02-18 07:00:00";"delivered";"John";"Kane";"john.kane@example.com";"Beverages";"Product QOGNU";"SKU-0024";"110";"4.50";"0.000";"495.00";"162.75";"6542.15"
"ORD-10894";"2008-02-18 07:00:00";"delivered";"Tomás";"Navarro";"tomas.navarro@example.com";"Dairy Product";"Product COAXA";"SKU-0069";"50";"36.00";"0.050";"1710.00";"116.13";"2869.23"
"ORD-10892";"2008-02-17 07:00:00";"delivered";"Donald";"Mace";"donald.mace@example.com";"Dairy Product";"Product UKXRI";"SKU-0059";"40";"55.00";"0.050";"2090.00";"120.27";"2210.27"
"ORD-10891";"2008-02-17 07:00:00";"delivered";"George";"Louverdis";"george.louverdis@example.com";"Seafood";"Product LYERX";"SKU-0030";"15";"25.89";"0.050";"368.93";"20.37";"389.30"
"ORD-10890";"2008-02-16 07:00:00";"delivered";"Arif";"Rizaldy";"arif.rizaldy@example.com";"Meat/Poultry";"Product BLCAX";"SKU-0017";"15";"39.00";"0.000";"585.00";"32.76";"892.86"
"ORD-10888";"2008-02-16 07:00:00";"delivered";"Rostislav";"Shabalin";"rostislav.shabalin@example.com";"Beverages";"Product RECZE";"SKU-0002";"20";"19.00";"0.000";"380.00";"51.87";"656.87"
"ORD-10889";"2008-02-16 07:00:00";"delivered";"Michael";"Moore";"michael.moore@example.com";"Dairy Product";"Product QMVUN";"SKU-0011";"40";"21.00";"0.000";"840.00";"280.61";"11660.61"
"ORD-10889";"2008-02-16 07:00:00";"delivered";"Michael";"Moore";"michael.moore@example.com";"Beverages";"Product QDOMO";"SKU-0038";"40";"263.50";"0.000";"10540.00";"280.61";"11660.61"
"ORD-10888";"2008-02-16 07:00:00";"delivered";"Rostislav";"Shabalin";"rostislav.shabalin@example.com";"Confections";"Product TBTBL";"SKU-0068";"18";"12.50";"0.000";"225.00";"51.87";"656.87"
"ORD-10890";"2008-02-16 07:00:00";"delivered";"Arif";"Rizaldy";"arif.rizaldy@example.com";"Beverages";"Product SWNJY";"SKU-0034";"10";"14.00";"0.000";"140.00";"32.76";"892.86"
"ORD-10890";"2008-02-16 07:00:00";"delivered";"Arif";"Rizaldy";"arif.rizaldy@example.com";"Seafood";"Product TTEEX";"SKU-0041";"14";"9.65";"0.000";"135.10";"32.76";"892.86"
"ORD-10886";"2008-02-13 07:00:00";"delivered";"Shy";"Cohen";"shy.cohen@example.com";"Dairy Product";"Product XWOXC";"SKU-0031";"35";"12.50";"0.000";"437.50";"4.99";"3132.49"
"ORD-10886";"2008-02-13 07:00:00";"delivered";"Shy";"Cohen";"shy.cohen@example.com";"Condiments";"Product LUNZZ";"SKU-0077";"40";"13.00";"0.000";"520.00";"4.99";"3132.49"
"ORD-10886";"2008-02-13 07:00:00";"delivered";"Shy";"Cohen";"shy.cohen@example.com";"Seafood";"Product YHXGE";"SKU-0010";"70";"31.00";"0.000";"2170.00";"4.99";"3132.49"
"ORD-10887";"2008-02-13 07:00:00";"delivered";"Katerina";"Kolesnikova";"katerina.kolesnikova@example.com";"Confections";"Product LYLNI";"SKU-0025";"5";"14.00";"0.000";"70.00";"1.25";"71.25"
"ORD-10884";"2008-02-12 07:00:00";"delivered";"Krishna";"Sunkammurali";"krishna.sunkammurali@example.com";"Confections";"Product VJZZH";"SKU-0021";"40";"10.00";"0.050";"380.00";"90.97";"1469.04"
"ORD-10885";"2008-02-12 07:00:00";"delivered";"Katrin";"Gulbis";"katrin.gulbis@example.com";"Beverages";"Product RECZE";"SKU-0002";"20";"19.00";"0.000";"380.00";"5.64";"1214.64"
"ORD-10884";"2008-02-12 07:00:00";"delivered";"Krishna";"Sunkammurali";"krishna.sunkammurali@example.com";"Grains/Cereals";"Product VKCMF";"SKU-0056";"21";"38.00";"0.050";"758.10";"90.97";"1469.04"
"ORD-10885";"2008-02-12 07:00:00";"delivered";"Katrin";"Gulbis";"katrin.gulbis@example.com";"Condiments";"Product LUNZZ";"SKU-0077";"25";"13.00";"0.000";"325.00";"5.64";"1214.64"
"ORD-10883";"2008-02-12 07:00:00";"delivered";"Radoslaw";"Szymczak";"radosaw.szymczak@example.com";"Beverages";"Product QOGNU";"SKU-0024";"8";"4.50";"0.000";"36.00";"0.53";"36.53"
"ORD-10885";"2008-02-12 07:00:00";"delivered";"Katrin";"Gulbis";"katrin.gulbis@example.com";"Beverages";"Product QOGNU";"SKU-0024";"12";"4.50";"0.000";"54.00";"5.64";"1214.64"
"ORD-10884";"2008-02-12 07:00:00";"delivered";"Krishna";"Sunkammurali";"krishna.sunkammurali@example.com";"Condiments";"Product XYWBZ";"SKU-0065";"12";"21.05";"0.050";"239.97";"90.97";"1469.04"
"ORD-10885";"2008-02-12 07:00:00";"delivered";"Katrin";"Gulbis";"katrin.gulbis@example.com";"Beverages";"Product TOONT";"SKU-0070";"30";"15.00";"0.000";"450.00";"5.64";"1214.64"
"ORD-10882";"2008-02-11 07:00:00";"delivered";"Tomás";"Navarro";"tomas.navarro@example.com";"Meat/Poultry";"Product QAQRL";"SKU-0054";"32";"7.45";"0.150";"202.64";"23.10";"915.74"
"ORD-10881";"2008-02-11 07:00:00";"delivered";"Mike";"Ray";"mike.ray@example.com";"Seafood";"Product WEUJZ";"SKU-0073";"10";"15.00";"0.000";"150.00";"2.84";"152.84"
"ORD-10882";"2008-02-11 07:00:00";"delivered";"Tomás";"Navarro";"tomas.navarro@example.com";"Grains/Cereals";"Product RJVNM";"SKU-0042";"25";"14.00";"0.000";"350.00";"23.10";"915.74"
"ORD-10882";"2008-02-11 07:00:00";"delivered";"Tomás";"Navarro";"tomas.navarro@example.com";"Confections";"Product FPYPN";"SKU-0049";"20";"20.00";"0.150";"340.00";"23.10";"915.74"
"ORD-10879";"2008-02-10 07:00:00";"delivered";"Katarina";"Larsson";"katarina.larsson@example.com";"Seafood";"Product YZIXQ";"SKU-0040";"12";"18.40";"0.000";"220.80";"8.50";"619.80"
"ORD-10880";"2008-02-10 07:00:00";"delivered";"Patricia";"San Juan";"patricia.sanjuan@example.com";"Condiments";"Product XYZPE";"SKU-0061";"30";"28.50";"0.200";"684.00";"88.01";"1588.01"
"ORD-10879";"2008-02-10 07:00:00";"delivered";"Katarina";"Larsson";"katarina.larsson@example.com";"Condiments";"Product XYWBZ";"SKU-0065";"10";"21.05";"0.000";"210.50";"8.50";"619.80"
"ORD-10878";"2008-02-10 07:00:00";"delivered";"Giorgio";"Veronesi";"giorgio.veronesi@example.com";"Confections";"Product QHFFP";"SKU-0020";"20";"81.00";"0.050";"1539.00";"46.69";"1585.69"
"ORD-10880";"2008-02-10 07:00:00";"delivered";"Patricia";"San Juan";"patricia.sanjuan@example.com";"Beverages";"Product TOONT";"SKU-0070";"50";"15.00";"0.200";"600.00";"88.01";"1588.01"
"ORD-10879";"2008-02-10 07:00:00";"delivered";"Katarina";"Larsson";"katarina.larsson@example.com";"Beverages";"Product JYGFE";"SKU-0076";"10";"18.00";"0.000";"180.00";"8.50";"619.80"
"ORD-10880";"2008-02-10 07:00:00";"delivered";"Patricia";"San Juan";"patricia.sanjuan@example.com";"Grains/Cereals";"Product JLUDZ";"SKU-0023";"30";"9.00";"0.200";"216.00";"88.01";"1588.01"
"ORD-10876";"2008-02-09 07:00:00";"delivered";"Amritansh";"Raghav";"amritansh.raghav@example.com";"Grains/Cereals";"Product HCQDE";"SKU-0064";"20";"33.25";"0.000";"665.00";"60.42";"977.42"
"ORD-10876";"2008-02-09 07:00:00";"delivered";"Amritansh";"Raghav";"amritansh.raghav@example.com";"Seafood";"Product CBRRL";"SKU-0046";"21";"12.00";"0.000";"252.00";"60.42";"977.42"
"ORD-10877";"2008-02-09 07:00:00";"delivered";"Euan";"Garden";"euan.garden@example.com";"Seafood";"Product CKEDC";"SKU-0018";"25";"62.50";"0.000";"1562.50";"38.06";"1993.19"
"ORD-10877";"2008-02-09 07:00:00";"delivered";"Euan";"Garden";"euan.garden@example.com";"Confections";"Product PAFRH";"SKU-0016";"30";"17.45";"0.250";"392.63";"38.06";"1993.19"
"ORD-10875";"2008-02-06 07:00:00";"delivered";"Tom";"Higginbotham";"tom.higginbotham@example.com";"Confections";"Product XKXDO";"SKU-0019";"25";"9.20";"0.000";"230.00";"32.37";"741.92"
"ORD-10875";"2008-02-06 07:00:00";"delivered";"Tom";"Higginbotham";"tom.higginbotham@example.com";"Confections";"Product EZZPR";"SKU-0047";"21";"9.50";"0.100";"179.55";"32.37";"741.92"
"ORD-10874";"2008-02-06 07:00:00";"delivered";"Rostislav";"Shabalin";"rostislav.shabalin@example.com";"Seafood";"Product YHXGE";"SKU-0010";"10";"31.00";"0.000";"310.00";"19.58";"329.58"
"ORD-10875";"2008-02-06 07:00:00";"delivered";"Tom";"Higginbotham";"tom.higginbotham@example.com";"Confections";"Product FPYPN";"SKU-0049";"15";"20.00";"0.000";"300.00";"32.37";"741.92"
"ORD-10873";"2008-02-06 07:00:00";"delivered";"Katarina";"Larsson";"katarina.larsson@example.com";"Produce";"Product OFBNT";"SKU-0028";"3";"45.60";"0.000";"136.80";"0.82";"337.62"
"ORD-10873";"2008-02-06 07:00:00";"delivered";"Katarina";"Larsson";"katarina.larsson@example.com";"Confections";"Product VJZZH";"SKU-0021";"20";"10.00";"0.000";"200.00";"0.82";"337.62"
"ORD-10872";"2008-02-05 07:00:00";"delivered";"Rostislav";"Shabalin";"rostislav.shabalin@example.com";"Grains/Cereals";"Product HCQDE";"SKU-0064";"15";"33.25";"0.050";"473.81";"175.32";"2233.78"
"ORD-10872";"2008-02-05 07:00:00";"delivered";"Rostislav";"Shabalin";"rostislav.shabalin@example.com";"Condiments";"Product XYWBZ";"SKU-0065";"21";"21.05";"0.050";"419.95";"175.32";"2233.78"
"ORD-10872";"2008-02-05 07:00:00";"delivered";"Rostislav";"Shabalin";"rostislav.shabalin@example.com";"Meat/Poultry";"Product YYWRT";"SKU-0055";"10";"24.00";"0.050";"228.00";"175.32";"2233.78"
"ORD-10872";"2008-02-05 07:00:00";"delivered";"Rostislav";"Shabalin";"rostislav.shabalin@example.com";"Confections";"Product WUXYK";"SKU-0062";"20";"49.30";"0.050";"936.70";"175.32";"2233.78"
"ORD-10871";"2008-02-05 07:00:00";"delivered";"Amritansh";"Raghav";"amritansh.raghav@example.com";"Condiments";"Product VAIIV";"SKU-0006";"50";"25.00";"0.050";"1187.50";"112.27";"2091.50"
"ORD-10871";"2008-02-05 07:00:00";"delivered";"Amritansh";"Raghav";"amritansh.raghav@example.com";"Confections";"Product PAFRH";"SKU-0016";"12";"17.45";"0.050";"198.93";"112.27";"2091.50"
"ORD-10871";"2008-02-05 07:00:00";"delivered";"Amritansh";"Raghav";"amritansh.raghav@example.com";"Meat/Poultry";"Product BLCAX";"SKU-0017";"16";"39.00";"0.050";"592.80";"112.27";"2091.50"
"ORD-10870";"2008-02-04 07:00:00";"delivered";"Steve";"Conn";"steve.conn@example.com";"Produce";"Product APITJ";"SKU-0051";"2";"53.00";"0.000";"106.00";"12.04";"172.04"
"ORD-10869";"2008-02-04 07:00:00";"delivered";"Brian";"Welcker";"brian.welcker@example.com";"Beverages";"Product HHYDP";"SKU-0001";"40";"18.00";"0.000";"720.00";"143.28";"1773.28"
"ORD-10868";"2008-02-04 07:00:00";"delivered";"Anna";"Misiec";"anna.misiec@example.com";"Beverages";"Product NEVTJ";"SKU-0035";"30";"18.00";"0.000";"540.00";"191.27";"2111.87"
"ORD-10868";"2008-02-04 07:00:00";"delivered";"Anna";"Misiec";"anna.misiec@example.com";"Confections";"Product FPYPN";"SKU-0049";"42";"20.00";"0.100";"756.00";"191.27";"2111.87"
"ORD-10870";"2008-02-04 07:00:00";"delivered";"Steve";"Conn";"steve.conn@example.com";"Beverages";"Product NEVTJ";"SKU-0035";"3";"18.00";"0.000";"54.00";"12.04";"172.04"
"ORD-10869";"2008-02-04 07:00:00";"delivered";"Brian";"Welcker";"brian.welcker@example.com";"Dairy Product";"Product QMVUN";"SKU-0011";"10";"21.00";"0.000";"210.00";"143.28";"1773.28"
"ORD-10869";"2008-02-04 07:00:00";"delivered";"Brian";"Welcker";"brian.welcker@example.com";"Confections";"Product TBTBL";"SKU-0068";"20";"12.50";"0.000";"250.00";"143.28";"1773.28"
"ORD-10868";"2008-02-04 07:00:00";"delivered";"Anna";"Misiec";"anna.misiec@example.com";"Confections";"Product HLGZA";"SKU-0026";"20";"31.23";"0.000";"624.60";"191.27";"2111.87"
"ORD-10869";"2008-02-04 07:00:00";"delivered";"Brian";"Welcker";"brian.welcker@example.com";"Grains/Cereals";"Product JLUDZ";"SKU-0023";"50";"9.00";"0.000";"450.00";"143.28";"1773.28"
"ORD-10866";"2008-02-03 07:00:00";"delivered";"Tom";"Higginbotham";"tom.higginbotham@example.com";"Beverages";"Product RECZE";"SKU-0002";"21";"19.00";"0.250";"299.25";"109.11";"1205.31"
"ORD-10867";"2008-02-03 07:00:00";"delivered";"Radoslaw";"Szymczak";"radosaw.szymczak@example.com";"Meat/Poultry";"Product BKGEA";"SKU-0053";"3";"32.80";"0.000";"98.40";"1.93";"100.33"
"ORD-10866";"2008-02-03 07:00:00";"delivered";"Tom";"Higginbotham";"tom.higginbotham@example.com";"Beverages";"Product QOGNU";"SKU-0024";"6";"4.50";"0.250";"20.25";"109.11";"1205.31"
"ORD-10866";"2008-02-03 07:00:00";"delivered";"Tom";"Higginbotham";"tom.higginbotham@example.com";"Seafood";"Product LYERX";"SKU-0030";"40";"25.89";"0.250";"776.70";"109.11";"1205.31"
"ORD-10865";"2008-02-02 07:00:00";"delivered";"Giorgio";"Veronesi";"giorgio.veronesi@example.com";"Beverages";"Product LSOFL";"SKU-0039";"80";"18.00";"0.050";"1368.00";"348.14";"16735.64"
"ORD-10863";"2008-02-02 07:00:00";"delivered";"Kris";"Langohr";"kris.langohr@example.com";"Beverages";"Product HHYDP";"SKU-0001";"20";"18.00";"0.150";"306.00";"30.26";"471.41"
"ORD-10864";"2008-02-02 07:00:00";"delivered";"Torsten";"Arndt";"torsten.arndt@example.com";"Beverages";"Product NEVTJ";"SKU-0035";"4";"18.00";"0.000";"72.00";"3.04";"285.04"
"ORD-10865";"2008-02-02 07:00:00";"delivered";"Giorgio";"Veronesi";"giorgio.veronesi@example.com";"Beverages";"Product QDOMO";"SKU-0038";"60";"263.50";"0.050";"15019.50";"348.14";"16735.64"
"ORD-10864";"2008-02-02 07:00:00";"delivered";"Torsten";"Arndt";"torsten.arndt@example.com";"Beverages";"Product XLXQF";"SKU-0067";"15";"14.00";"0.000";"210.00";"3.04";"285.04"
"ORD-10863";"2008-02-02 07:00:00";"delivered";"Kris";"Langohr";"kris.langohr@example.com";"Seafood";"Product ACRVI";"SKU-0058";"12";"13.25";"0.150";"135.15";"30.26";"471.41"
"ORD-10861";"2008-01-30 07:00:00";"delivered";"Ronaldo";"Smith Jr.";"ronaldo.smithjr@example.com";"Dairy Product";"Product ASTMN";"SKU-0033";"35";"2.50";"0.000";"87.50";"14.93";"3538.33"
"ORD-10861";"2008-01-30 07:00:00";"delivered";"Ronaldo";"Smith Jr.";"ronaldo.smithjr@example.com";"Seafood";"Product CKEDC";"SKU-0018";"20";"62.50";"0.000";"1250.00";"14.93";"3538.33"
"ORD-10862";"2008-01-30 07:00:00";"delivered";"George";"Louverdis";"george.louverdis@example.com";"Dairy Product";"Product QMVUN";"SKU-0011";"25";"21.00";"0.000";"525.00";"53.23";"634.23"
"ORD-10861";"2008-01-30 07:00:00";"delivered";"Ronaldo";"Smith Jr.";"ronaldo.smithjr@example.com";"Confections";"Product WUXYK";"SKU-0062";"3";"49.30";"0.000";"147.90";"14.93";"3538.33"
"ORD-10861";"2008-01-30 07:00:00";"delivered";"Ronaldo";"Smith Jr.";"ronaldo.smithjr@example.com";"Meat/Poultry";"Product BLCAX";"SKU-0017";"42";"39.00";"0.000";"1638.00";"14.93";"3538.33"
"ORD-10861";"2008-01-30 07:00:00";"delivered";"Ronaldo";"Smith Jr.";"ronaldo.smithjr@example.com";"Confections";"Product VJZZH";"SKU-0021";"40";"10.00";"0.000";"400.00";"14.93";"3538.33"
"ORD-10862";"2008-01-30 07:00:00";"delivered";"George";"Louverdis";"george.louverdis@example.com";"Grains/Cereals";"Product QSRXF";"SKU-0052";"8";"7.00";"0.000";"56.00";"53.23";"634.23"
"ORD-10858";"2008-01-29 07:00:00";"delivered";"Jose";"De Oliveira";"jose.deoliveira@example.com";"Produce";"Product HMLNI";"SKU-0007";"5";"30.00";"0.000";"150.00";"52.51";"701.51"
"ORD-10858";"2008-01-29 07:00:00";"delivered";"Jose";"De Oliveira";"jose.deoliveira@example.com";"Confections";"Product SMIOH";"SKU-0027";"10";"43.90";"0.000";"439.00";"52.51";"701.51"
"ORD-10860";"2008-01-29 07:00:00";"delivered";"Paul";"Koch";"paul.koch@example.com";"Produce";"Product APITJ";"SKU-0051";"3";"53.00";"0.000";"159.00";"19.26";"538.26"
"ORD-10859";"2008-01-29 07:00:00";"delivered";"Jason";"Carlson";"jason.carlson@example.com";"Meat/Poultry";"Product QAQRL";"SKU-0054";"35";"7.45";"0.250";"195.56";"76.10";"1154.79"
"ORD-10859";"2008-01-29 07:00:00";"delivered";"Jason";"Carlson";"jason.carlson@example.com";"Beverages";"Product QOGNU";"SKU-0024";"40";"4.50";"0.250";"135.00";"76.10";"1154.79"
"ORD-10858";"2008-01-29 07:00:00";"delivered";"Jose";"De Oliveira";"jose.deoliveira@example.com";"Beverages";"Product TOONT";"SKU-0070";"4";"15.00";"0.000";"60.00";"52.51";"701.51"
"ORD-10860";"2008-01-29 07:00:00";"delivered";"Paul";"Koch";"paul.koch@example.com";"Beverages";"Product JYGFE";"SKU-0076";"20";"18.00";"0.000";"360.00";"19.26";"538.26"
"ORD-10859";"2008-01-29 07:00:00";"delivered";"Jason";"Carlson";"jason.carlson@example.com";"Grains/Cereals";"Product HCQDE";"SKU-0064";"30";"33.25";"0.250";"748.13";"76.10";"1154.79"
"ORD-10856";"2008-01-28 07:00:00";"delivered";"John";"Peoples";"john.peoples@example.com";"Grains/Cereals";"Product RJVNM";"SKU-0042";"20";"14.00";"0.000";"280.00";"58.43";"718.43"
"ORD-10857";"2008-01-28 07:00:00";"delivered";"Tom";"Higginbotham";"tom.higginbotham@example.com";"Meat/Poultry";"Product VJXYN";"SKU-0029";"10";"123.79";"0.250";"928.43";"188.85";"2237.07"
"ORD-10857";"2008-01-28 07:00:00";"delivered";"Tom";"Higginbotham";"tom.higginbotham@example.com";"Confections";"Product HLGZA";"SKU-0026";"35";"31.23";"0.250";"819.79";"188.85";"2237.07"
"ORD-10857";"2008-01-28 07:00:00";"delivered";"Tom";"Higginbotham";"tom.higginbotham@example.com";"Condiments";"Product IMEHJ";"SKU-0003";"30";"10.00";"0.000";"300.00";"188.85";"2237.07"
"ORD-10856";"2008-01-28 07:00:00";"delivered";"John";"Peoples";"john.peoples@example.com";"Beverages";"Product RECZE";"SKU-0002";"20";"19.00";"0.000";"380.00";"58.43";"718.43"
"ORD-10854";"2008-01-27 07:00:00";"delivered";"John";"Kane";"john.kane@example.com";"Seafood";"Product POXFU";"SKU-0013";"65";"6.00";"0.150";"331.50";"100.22";"3066.72"
"ORD-10855";"2008-01-27 07:00:00";"delivered";"Anja";"Egelund-Muller";"anja.egelundmuller@example.com";"Condiments";"Product XYWBZ";"SKU-0065";"15";"21.05";"0.150";"268.39";"170.97";"2398.86"
"ORD-10855";"2008-01-27 07:00:00";"delivered";"Anja";"Egelund-Muller";"anja.egelundmuller@example.com";"Dairy Product";"Product XWOXC";"SKU-0031";"14";"12.50";"0.000";"175.00";"170.97";"2398.86"
"ORD-10853";"2008-01-27 07:00:00";"delivered";"Carole";"Poland";"carole.poland@example.com";"Seafood";"Product CKEDC";"SKU-0018";"10";"62.50";"0.000";"625.00";"53.83";"678.83"
"ORD-10855";"2008-01-27 07:00:00";"delivered";"Anja";"Egelund-Muller";"anja.egelundmuller@example.com";"Grains/Cereals";"Product VKCMF";"SKU-0056";"24";"38.00";"0.000";"912.00";"170.97";"2398.86"
"ORD-10854";"2008-01-27 07:00:00";"delivered";"John";"Kane";"john.kane@example.com";"Seafood";"Product YHXGE";"SKU-0010";"100";"31.00";"0.150";"2635.00";"100.22";"3066.72"
"ORD-10855";"2008-01-27 07:00:00";"delivered";"Anja";"Egelund-Muller";"anja.egelundmuller@example.com";"Confections";"Product PAFRH";"SKU-0016";"50";"17.45";"0.000";"872.50";"170.97";"2398.86"
"ORD-10851";"2008-01-26 07:00:00";"delivered";"Euan";"Garden";"euan.garden@example.com";"Grains/Cereals";"Product OVLQI";"SKU-0057";"10";"19.50";"0.050";"185.25";"160.55";"2763.55"
"ORD-10852";"2008-01-26 07:00:00";"delivered";"Michael";"Moore";"michael.moore@example.com";"Confections";"Product WUXYK";"SKU-0062";"50";"49.30";"0.000";"2465.00";"174.05";"3158.05"
"ORD-10851";"2008-01-26 07:00:00";"delivered";"Euan";"Garden";"euan.garden@example.com";"Beverages";"Product RECZE";"SKU-0002";"5";"19.00";"0.050";"90.25";"160.55";"2763.55"
"ORD-10852";"2008-01-26 07:00:00";"delivered";"Michael";"Moore";"michael.moore@example.com";"Meat/Poultry";"Product BLCAX";"SKU-0017";"6";"39.00";"0.000";"234.00";"174.05";"3158.05"
"ORD-10852";"2008-01-26 07:00:00";"delivered";"Michael";"Moore";"michael.moore@example.com";"Beverages";"Product RECZE";"SKU-0002";"15";"19.00";"0.000";"285.00";"174.05";"3158.05"
"ORD-10851";"2008-01-26 07:00:00";"delivered";"Euan";"Garden";"euan.garden@example.com";"Confections";"Product LYLNI";"SKU-0025";"10";"14.00";"0.050";"133.00";"160.55";"2763.55"
"ORD-10851";"2008-01-26 07:00:00";"delivered";"Euan";"Garden";"euan.garden@example.com";"Dairy Product";"Product UKXRI";"SKU-0059";"42";"55.00";"0.050";"2194.50";"160.55";"2763.55"
"ORD-10848";"2008-01-23 07:00:00";"delivered";"Dana";"Birkby";"dana.birkby@example.com";"Meat/Poultry";"Product AOZBW";"SKU-0009";"3";"97.00";"0.000";"291.00";"38.24";"969.74"
"ORD-10850";"2008-01-23 07:00:00";"delivered";"Sittichai";"Tuntisangaroon";"sittichai.tuntisangaroon@example.com";"Dairy Product";"Product ASTMN";"SKU-0033";"4";"2.50";"0.150";"8.50";"49.19";"678.19"
"ORD-10850";"2008-01-23 07:00:00";"delivered";"Sittichai";"Tuntisangaroon";"sittichai.tuntisangaroon@example.com";"Beverages";"Product TOONT";"SKU-0070";"30";"15.00";"0.150";"382.50";"49.19";"678.19"
"ORD-10849";"2008-01-23 07:00:00";"delivered";"Lolan";"Song";"lolan.song@example.com";"Confections";"Product HLGZA";"SKU-0026";"18";"31.23";"0.150";"477.82";"0.56";"968.38"
"ORD-10848";"2008-01-23 07:00:00";"delivered";"Dana";"Birkby";"dana.birkby@example.com";"Condiments";"Product EPEIM";"SKU-0005";"30";"21.35";"0.000";"640.50";"38.24";"969.74"
"ORD-10849";"2008-01-23 07:00:00";"delivered";"Lolan";"Song";"lolan.song@example.com";"Condiments";"Product IMEHJ";"SKU-0003";"49";"10.00";"0.000";"490.00";"0.56";"968.38"
"ORD-10850";"2008-01-23 07:00:00";"delivered";"Sittichai";"Tuntisangaroon";"sittichai.tuntisangaroon@example.com";"Confections";"Product LYLNI";"SKU-0025";"20";"14.00";"0.150";"238.00";"49.19";"678.19"
"ORD-10847";"2008-01-22 07:00:00";"delivered";"Tomás";"Navarro";"tomas.navarro@example.com";"Beverages";"Product HHYDP";"SKU-0001";"80";"18.00";"0.200";"1152.00";"487.57";"5419.49"
"ORD-10846";"2008-01-22 07:00:00";"delivered";"Katrin";"Gulbis";"katrin.gulbis@example.com";"Beverages";"Product TOONT";"SKU-0070";"30";"15.00";"0.000";"450.00";"56.46";"1168.46"
"ORD-10847";"2008-01-22 07:00:00";"delivered";"Tomás";"Navarro";"tomas.navarro@example.com";"Confections";"Product XKXDO";"SKU-0019";"12";"9.20";"0.200";"88.32";"487.57";"5419.49"
"ORD-10847";"2008-01-22 07:00:00";"delivered";"Tomás";"Navarro";"tomas.navarro@example.com";"Seafood";"Product AQOKR";"SKU-0045";"36";"9.50";"0.200";"273.60";"487.57";"5419.49"
"ORD-10847";"2008-01-22 07:00:00";"delivered";"Tomás";"Navarro";"tomas.navarro@example.com";"Dairy Product";"Product WHBYK";"SKU-0060";"45";"34.00";"0.200";"1224.00";"487.57";"5419.49"
"ORD-10847";"2008-01-22 07:00:00";"delivered";"Tomás";"Navarro";"tomas.navarro@example.com";"Dairy Product";"Product MYMOI";"SKU-0071";"55";"21.50";"0.200";"946.00";"487.57";"5419.49"
"ORD-10847";"2008-01-22 07:00:00";"delivered";"Tomás";"Navarro";"tomas.navarro@example.com";"Seafood";"Product EVFFA";"SKU-0037";"60";"26.00";"0.200";"1248.00";"487.57";"5419.49"
"ORD-10846";"2008-01-22 07:00:00";"delivered";"Katrin";"Gulbis";"katrin.gulbis@example.com";"Condiments";"Product KSBRM";"SKU-0004";"21";"22.00";"0.000";"462.00";"56.46";"1168.46"
"ORD-10846";"2008-01-22 07:00:00";"delivered";"Katrin";"Gulbis";"katrin.gulbis@example.com";"Produce";"Product BKAZJ";"SKU-0074";"20";"10.00";"0.000";"200.00";"56.46";"1168.46"
"ORD-10845";"2008-01-21 07:00:00";"delivered";"Giorgio";"Veronesi";"giorgio.veronesi@example.com";"Beverages";"Product NEVTJ";"SKU-0035";"25";"18.00";"0.100";"405.00";"212.98";"4025.68"
"ORD-10845";"2008-01-21 07:00:00";"delivered";"Giorgio";"Veronesi";"giorgio.veronesi@example.com";"Grains/Cereals";"Product RJVNM";"SKU-0042";"42";"14.00";"0.100";"529.20";"212.98";"4025.68"
"ORD-10844";"2008-01-21 07:00:00";"delivered";"Tosh";"Meston";"tosh.meston@example.com";"Grains/Cereals";"Product CPHFY";"SKU-0022";"35";"21.00";"0.000";"735.00";"25.22";"760.22"
"ORD-10845";"2008-01-21 07:00:00";"delivered";"Giorgio";"Veronesi";"giorgio.veronesi@example.com";"Seafood";"Product ACRVI";"SKU-0058";"60";"13.25";"0.100";"715.50";"212.98";"4025.68"
"ORD-10845";"2008-01-21 07:00:00";"delivered";"Giorgio";"Veronesi";"giorgio.veronesi@example.com";"Grains/Cereals";"Product JLUDZ";"SKU-0023";"70";"9.00";"0.100";"567.00";"212.98";"4025.68"
"ORD-10845";"2008-01-21 07:00:00";"delivered";"Giorgio";"Veronesi";"giorgio.veronesi@example.com";"Grains/Cereals";"Product HCQDE";"SKU-0064";"48";"33.25";"0.000";"1596.00";"212.98";"4025.68"
"ORD-10843";"2008-01-21 07:00:00";"delivered";"Sittichai";"Tuntisangaroon";"sittichai.tuntisangaroon@example.com";"Produce";"Product APITJ";"SKU-0051";"4";"53.00";"0.250";"159.00";"9.26";"168.26"
"ORD-10842";"2008-01-20 07:00:00";"delivered";"Jens";"Geschwandtner";"jens.geschwandtner@example.com";"Beverages";"Product ZZZHR";"SKU-0043";"5";"46.00";"0.000";"230.00";"54.42";"1029.42"
"ORD-10841";"2008-01-20 07:00:00";"delivered";"Katrin";"Gulbis";"katrin.gulbis@example.com";"Grains/Cereals";"Product VKCMF";"SKU-0056";"30";"38.00";"0.000";"1140.00";"424.30";"5005.30"
"ORD-10841";"2008-01-20 07:00:00";"delivered";"Katrin";"Gulbis";"katrin.gulbis@example.com";"Seafood";"Product YHXGE";"SKU-0010";"16";"31.00";"0.000";"496.00";"424.30";"5005.30"
"ORD-10841";"2008-01-20 07:00:00";"delivered";"Katrin";"Gulbis";"katrin.gulbis@example.com";"Condiments";"Product LUNZZ";"SKU-0077";"15";"13.00";"0.000";"195.00";"424.30";"5005.30"
"ORD-10842";"2008-01-20 07:00:00";"delivered";"Jens";"Geschwandtner";"jens.geschwandtner@example.com";"Dairy Product";"Product QMVUN";"SKU-0011";"15";"21.00";"0.000";"315.00";"54.42";"1029.42"
"ORD-10842";"2008-01-20 07:00:00";"delivered";"Jens";"Geschwandtner";"jens.geschwandtner@example.com";"Confections";"Product TBTBL";"SKU-0068";"20";"12.50";"0.000";"250.00";"54.42";"1029.42"
"ORD-10841";"2008-01-20 07:00:00";"delivered";"Katrin";"Gulbis";"katrin.gulbis@example.com";"Dairy Product";"Product UKXRI";"SKU-0059";"50";"55.00";"0.000";"2750.00";"424.30";"5005.30"
"ORD-10842";"2008-01-20 07:00:00";"delivered";"Jens";"Geschwandtner";"jens.geschwandtner@example.com";"Beverages";"Product TOONT";"SKU-0070";"12";"15.00";"0.000";"180.00";"54.42";"1029.42"
"ORD-10840";"2008-01-19 07:00:00";"delivered";"Cornel";"Lupu";"cornel.lupu@example.com";"Beverages";"Product LSOFL";"SKU-0039";"10";"18.00";"0.200";"144.00";"2.71";"213.91"
"ORD-10838";"2008-01-19 07:00:00";"delivered";"Cornel";"Lupu";"cornel.lupu@example.com";"Seafood";"Product CKEDC";"SKU-0018";"25";"62.50";"0.250";"1171.88";"59.28";"1997.66"
"ORD-10838";"2008-01-19 07:00:00";"delivered";"Cornel";"Lupu";"cornel.lupu@example.com";"Seafood";"Product GMKIJ";"SKU-0036";"50";"19.00";"0.250";"712.50";"59.28";"1997.66"
"ORD-10839";"2008-01-19 07:00:00";"delivered";"Jean-Philippe";"Nagel";"jeanphilippe.nagel@example.com";"Seafood";"Product ACRVI";"SKU-0058";"30";"13.25";"0.100";"357.75";"35.43";"862.98"
"ORD-10840";"2008-01-19 07:00:00";"delivered";"Cornel";"Lupu";"cornel.lupu@example.com";"Confections";"Product LYLNI";"SKU-0025";"6";"14.00";"0.200";"67.20";"2.71";"213.91"
"ORD-10839";"2008-01-19 07:00:00";"delivered";"Jean-Philippe";"Nagel";"jeanphilippe.nagel@example.com";"Dairy Product";"Product GEEOO";"SKU-0072";"15";"34.80";"0.100";"469.80";"35.43";"862.98"
"ORD-10838";"2008-01-19 07:00:00";"delivered";"Cornel";"Lupu";"cornel.lupu@example.com";"Beverages";"Product HHYDP";"SKU-0001";"4";"18.00";"0.250";"54.00";"59.28";"1997.66"
"ORD-10837";"2008-01-16 07:00:00";"delivered";"Tom";"Higginbotham";"tom.higginbotham@example.com";"Seafood";"Product YZIXQ";"SKU-0040";"25";"18.40";"0.000";"460.00";"13.32";"1077.82"
"ORD-10836";"2008-01-16 07:00:00";"delivered";"John";"Kane";"john.kane@example.com";"Grains/Cereals";"Product OVLQI";"SKU-0057";"24";"19.50";"0.000";"468.00";"411.88";"5117.38"
"ORD-10837";"2008-01-16 07:00:00";"delivered";"Tom";"Higginbotham";"tom.higginbotham@example.com";"Confections";"Product EZZPR";"SKU-0047";"40";"9.50";"0.250";"285.00";"13.32";"1077.82"
"ORD-10836";"2008-01-16 07:00:00";"delivered";"John";"Kane";"john.kane@example.com";"Grains/Cereals";"Product CPHFY";"SKU-0022";"52";"21.00";"0.000";"1092.00";"411.88";"5117.38"
"ORD-10836";"2008-01-16 07:00:00";"delivered";"John";"Kane";"john.kane@example.com";"Dairy Product";"Product WHBYK";"SKU-0060";"60";"34.00";"0.000";"2040.00";"411.88";"5117.38"
"ORD-10837";"2008-01-16 07:00:00";"delivered";"Tom";"Higginbotham";"tom.higginbotham@example.com";"Beverages";"Product JYGFE";"SKU-0076";"21";"18.00";"0.250";"283.50";"13.32";"1077.82"
"ORD-10836";"2008-01-16 07:00:00";"delivered";"John";"Kane";"john.kane@example.com";"Grains/Cereals";"Product HCQDE";"SKU-0064";"30";"33.25";"0.000";"997.50";"411.88";"5117.38"
"ORD-10837";"2008-01-16 07:00:00";"delivered";"Tom";"Higginbotham";"tom.higginbotham@example.com";"Seafood";"Product POXFU";"SKU-0013";"6";"6.00";"0.000";"36.00";"13.32";"1077.82"
"ORD-10836";"2008-01-16 07:00:00";"delivered";"John";"Kane";"john.kane@example.com";"Beverages";"Product NEVTJ";"SKU-0035";"6";"18.00";"0.000";"108.00";"411.88";"5117.38"
"ORD-10833";"2008-01-15 07:00:00";"delivered";"Nadejda";"Marinova";"nadejda.marinova@example.com";"Dairy Product";"Product XWOXC";"SKU-0031";"9";"12.50";"0.100";"101.25";"71.49";"978.42"
"ORD-10833";"2008-01-15 07:00:00";"delivered";"Nadejda";"Marinova";"nadejda.marinova@example.com";"Meat/Poultry";"Product BKGEA";"SKU-0053";"9";"32.80";"0.100";"265.68";"71.49";"978.42"
"ORD-10835";"2008-01-15 07:00:00";"delivered";"Michael";"Allen";"michael.allen@example.com";"Condiments";"Product LUNZZ";"SKU-0077";"2";"13.00";"0.200";"20.80";"69.53";"915.33"
"ORD-10834";"2008-01-15 07:00:00";"delivered";"Jean-Philippe";"Nagel";"jeanphilippe.nagel@example.com";"Meat/Poultry";"Product VJXYN";"SKU-0029";"8";"123.79";"0.050";"940.80";"29.78";"1462.49"
"ORD-10834";"2008-01-15 07:00:00";"delivered";"Jean-Philippe";"Nagel";"jeanphilippe.nagel@example.com";"Seafood";"Product LYERX";"SKU-0030";"20";"25.89";"0.050";"491.91";"29.78";"1462.49"
"ORD-10835";"2008-01-15 07:00:00";"delivered";"Michael";"Allen";"michael.allen@example.com";"Dairy Product";"Product UKXRI";"SKU-0059";"15";"55.00";"0.000";"825.00";"69.53";"915.33"
"ORD-10833";"2008-01-15 07:00:00";"delivered";"Nadejda";"Marinova";"nadejda.marinova@example.com";"Produce";"Product HMLNI";"SKU-0007";"20";"30.00";"0.100";"540.00";"71.49";"978.42"
"ORD-10832";"2008-01-14 07:00:00";"delivered";"Tim";"Litton";"tim.litton@example.com";"Confections";"Product LYLNI";"SKU-0025";"10";"14.00";"0.200";"112.00";"43.26";"518.37"
"ORD-10831";"2008-01-14 07:00:00";"delivered";"Kaspars";"Ginters";"kaspars.ginters@example.com";"Beverages";"Product QDOMO";"SKU-0038";"8";"263.50";"0.000";"2108.00";"72.19";"2756.59"
"ORD-10832";"2008-01-14 07:00:00";"delivered";"Tim";"Litton";"tim.litton@example.com";"Condiments";"Product VJIEO";"SKU-0044";"16";"19.45";"0.200";"248.96";"43.26";"518.37"
"ORD-10832";"2008-01-14 07:00:00";"delivered";"Tim";"Litton";"tim.litton@example.com";"Grains/Cereals";"Product HCQDE";"SKU-0064";"3";"33.25";"0.000";"99.75";"43.26";"518.37"
"ORD-10832";"2008-01-14 07:00:00";"delivered";"Tim";"Litton";"tim.litton@example.com";"Seafood";"Product POXFU";"SKU-0013";"3";"6.00";"0.200";"14.40";"43.26";"518.37"
"ORD-10831";"2008-01-14 07:00:00";"delivered";"Kaspars";"Ginters";"kaspars.ginters@example.com";"Beverages";"Product NEVTJ";"SKU-0035";"8";"18.00";"0.000";"144.00";"72.19";"2756.59"
"ORD-10831";"2008-01-14 07:00:00";"delivered";"Kaspars";"Ginters";"kaspars.ginters@example.com";"Beverages";"Product ZZZHR";"SKU-0043";"9";"46.00";"0.000";"414.00";"72.19";"2756.59"
"ORD-10831";"2008-01-14 07:00:00";"delivered";"Kaspars";"Ginters";"kaspars.ginters@example.com";"Confections";"Product XKXDO";"SKU-0019";"2";"9.20";"0.000";"18.40";"72.19";"2756.59"
"ORD-10829";"2008-01-13 07:00:00";"delivered";"Frank";"Lee";"frank.lee@example.com";"Dairy Product";"Product WHBYK";"SKU-0060";"21";"34.00";"0.000";"714.00";"154.72";"1918.72"
"ORD-10828";"2008-01-13 07:00:00";"delivered";"Lawrie";"Gaffney";"lawrie.gaffney@example.com";"Beverages";"Product QDOMO";"SKU-0038";"2";"263.50";"0.000";"527.00";"90.85";"1022.85"
"ORD-10828";"2008-01-13 07:00:00";"delivered";"Lawrie";"Gaffney";"lawrie.gaffney@example.com";"Confections";"Product QHFFP";"SKU-0020";"5";"81.00";"0.000";"405.00";"90.85";"1022.85"
"ORD-10830";"2008-01-13 07:00:00";"delivered";"Jean-Philippe";"Nagel";"jeanphilippe.nagel@example.com";"Dairy Product";"Product WHBYK";"SKU-0060";"30";"34.00";"0.000";"1020.00";"81.83";"2055.83"
"ORD-10830";"2008-01-13 07:00:00";"delivered";"Jean-Philippe";"Nagel";"jeanphilippe.nagel@example.com";"Confections";"Product TBTBL";"SKU-0068";"24";"12.50";"0.000";"300.00";"81.83";"2055.83"
"ORD-10830";"2008-01-13 07:00:00";"delivered";"Jean-Philippe";"Nagel";"jeanphilippe.nagel@example.com";"Condiments";"Product VAIIV";"SKU-0006";"6";"25.00";"0.000";"150.00";"81.83";"2055.83"
"ORD-10829";"2008-01-13 07:00:00";"delivered";"Frank";"Lee";"frank.lee@example.com";"Seafood";"Product POXFU";"SKU-0013";"10";"6.00";"0.000";"60.00";"154.72";"1918.72"
"ORD-10829";"2008-01-13 07:00:00";"delivered";"Frank";"Lee";"frank.lee@example.com";"Beverages";"Product RECZE";"SKU-0002";"10";"19.00";"0.000";"190.00";"154.72";"1918.72"
"ORD-10829";"2008-01-13 07:00:00";"delivered";"Frank";"Lee";"frank.lee@example.com";"Condiments";"Product WVJFP";"SKU-0008";"20";"40.00";"0.000";"800.00";"154.72";"1918.72"
"ORD-10830";"2008-01-13 07:00:00";"delivered";"Jean-Philippe";"Nagel";"jeanphilippe.nagel@example.com";"Beverages";"Product LSOFL";"SKU-0039";"28";"18.00";"0.000";"504.00";"81.83";"2055.83"
"ORD-10826";"2008-01-12 07:00:00";"delivered";"Dushyant";"Bansal";"dushyant.bansal@example.com";"Grains/Cereals";"Product OVLQI";"SKU-0057";"15";"19.50";"0.000";"292.50";"7.09";"737.09"
"ORD-10827";"2008-01-12 07:00:00";"delivered";"Amritansh";"Raghav";"amritansh.raghav@example.com";"Seafood";"Product YHXGE";"SKU-0010";"15";"31.00";"0.000";"465.00";"63.54";"906.54"
"ORD-10827";"2008-01-12 07:00:00";"delivered";"Amritansh";"Raghav";"amritansh.raghav@example.com";"Beverages";"Product LSOFL";"SKU-0039";"21";"18.00";"0.000";"378.00";"63.54";"906.54"
"ORD-10826";"2008-01-12 07:00:00";"delivered";"Dushyant";"Bansal";"dushyant.bansal@example.com";"Dairy Product";"Product XWOXC";"SKU-0031";"35";"12.50";"0.000";"437.50";"7.09";"737.09"
"ORD-10825";"2008-01-09 07:00:00";"delivered";"TiAnna";"Jones";"tianna.jones@example.com";"Meat/Poultry";"Product BKGEA";"SKU-0053";"20";"32.80";"0.000";"656.00";"79.25";"1110.01"
"ORD-10823";"2008-01-09 07:00:00";"delivered";"Marlies";"Dressler";"marlies.dressler@example.com";"Condiments";"Product LUNZZ";"SKU-0077";"15";"13.00";"0.100";"175.50";"163.97";"2989.97"
"ORD-10823";"2008-01-09 07:00:00";"delivered";"Marlies";"Dressler";"marlies.dressler@example.com";"Dairy Product";"Product QMVUN";"SKU-0011";"20";"21.00";"0.100";"378.00";"163.97";"2989.97"
"ORD-10825";"2008-01-09 07:00:00";"delivered";"TiAnna";"Jones";"tianna.jones@example.com";"Confections";"Product HLGZA";"SKU-0026";"12";"31.23";"0.000";"374.76";"79.25";"1110.01"
"ORD-10823";"2008-01-09 07:00:00";"delivered";"Marlies";"Dressler";"marlies.dressler@example.com";"Dairy Product";"Product UKXRI";"SKU-0059";"40";"55.00";"0.100";"1980.00";"163.97";"2989.97"
"ORD-10824";"2008-01-09 07:00:00";"delivered";"Patricia";"San Juan";"patricia.sanjuan@example.com";"Seafood";"Product TTEEX";"SKU-0041";"12";"9.65";"0.000";"115.80";"1.23";"252.03"
"ORD-10824";"2008-01-09 07:00:00";"delivered";"Patricia";"San Juan";"patricia.sanjuan@example.com";"Beverages";"Product TOONT";"SKU-0070";"9";"15.00";"0.000";"135.00";"1.23";"252.03"
"ORD-10823";"2008-01-09 07:00:00";"delivered";"Marlies";"Dressler";"marlies.dressler@example.com";"Grains/Cereals";"Product OVLQI";"SKU-0057";"15";"19.50";"0.000";"292.50";"163.97";"2989.97"
"ORD-10822";"2008-01-08 07:00:00";"delivered";"Tjeerd";"Veninga";"tjeerd.veninga@example.com";"Confections";"Product WUXYK";"SKU-0062";"3";"49.30";"0.000";"147.90";"7.00";"244.90"
"ORD-10821";"2008-01-08 07:00:00";"delivered";"Agnieszka";"Wojciechowska";"agnieszka.wojciechowska@example.com";"Beverages";"Product NEVTJ";"SKU-0035";"20";"18.00";"0.000";"360.00";"36.68";"714.68"
"ORD-10822";"2008-01-08 07:00:00";"delivered";"Tjeerd";"Veninga";"tjeerd.veninga@example.com";"Beverages";"Product TOONT";"SKU-0070";"6";"15.00";"0.000";"90.00";"7.00";"244.90"
"ORD-10821";"2008-01-08 07:00:00";"delivered";"Agnieszka";"Wojciechowska";"agnieszka.wojciechowska@example.com";"Produce";"Product APITJ";"SKU-0051";"6";"53.00";"0.000";"318.00";"36.68";"714.68"
"ORD-10820";"2008-01-07 07:00:00";"delivered";"Michael";"Moore";"michael.moore@example.com";"Grains/Cereals";"Product VKCMF";"SKU-0056";"30";"38.00";"0.000";"1140.00";"37.52";"1177.52"
"ORD-10818";"2008-01-07 07:00:00";"delivered";"Bernard";"Duerr";"bernard.duerr@example.com";"Dairy Product";"Product NUNAW";"SKU-0032";"20";"32.00";"0.000";"640.00";"65.48";"898.48"
"ORD-10819";"2008-01-07 07:00:00";"delivered";"Mike";"Ray";"mike.ray@example.com";"Beverages";"Product BWRLG";"SKU-0075";"20";"7.75";"0.000";"155.00";"19.76";"496.76"
"ORD-10818";"2008-01-07 07:00:00";"delivered";"Bernard";"Duerr";"bernard.duerr@example.com";"Seafood";"Product TTEEX";"SKU-0041";"20";"9.65";"0.000";"193.00";"65.48";"898.48"
"ORD-10819";"2008-01-07 07:00:00";"delivered";"Mike";"Ray";"mike.ray@example.com";"Beverages";"Product ZZZHR";"SKU-0043";"7";"46.00";"0.000";"322.00";"19.76";"496.76"
"ORD-10816";"2008-01-06 07:00:00";"delivered";"Venky";"Krishnan";"venky.krishnan@example.com";"Beverages";"Product QDOMO";"SKU-0038";"30";"263.50";"0.050";"7509.75";"719.78";"9166.23"
"ORD-10817";"2008-01-06 07:00:00";"delivered";"Lolan";"Song";"lolan.song@example.com";"Confections";"Product WUXYK";"SKU-0062";"25";"49.30";"0.150";"1047.63";"306.07";"11258.92"
"ORD-10817";"2008-01-06 07:00:00";"delivered";"Lolan";"Song";"lolan.song@example.com";"Beverages";"Product QDOMO";"SKU-0038";"30";"263.50";"0.000";"7905.00";"306.07";"11258.92"
"ORD-10817";"2008-01-06 07:00:00";"delivered";"Lolan";"Song";"lolan.song@example.com";"Confections";"Product HLGZA";"SKU-0026";"40";"31.23";"0.150";"1061.82";"306.07";"11258.92"
"ORD-10816";"2008-01-06 07:00:00";"delivered";"Venky";"Krishnan";"venky.krishnan@example.com";"Confections";"Product WUXYK";"SKU-0062";"20";"49.30";"0.050";"936.70";"719.78";"9166.23"
"ORD-10817";"2008-01-06 07:00:00";"delivered";"Lolan";"Song";"lolan.song@example.com";"Seafood";"Product YZIXQ";"SKU-0040";"60";"18.40";"0.150";"938.40";"306.07";"11258.92"
"ORD-10815";"2008-01-05 07:00:00";"delivered";"Tomás";"Navarro";"tomas.navarro@example.com";"Dairy Product";"Product ASTMN";"SKU-0033";"16";"2.50";"0.000";"40.00";"14.62";"54.62"
"ORD-10814";"2008-01-05 07:00:00";"delivered";"Sittichai";"Tuntisangaroon";"sittichai.tuntisangaroon@example.com";"Condiments";"Product XYZPE";"SKU-0061";"30";"28.50";"0.150";"726.75";"130.94";"1919.39"
"ORD-10813";"2008-01-05 07:00:00";"delivered";"Euan";"Garden";"euan.garden@example.com";"Seafood";"Product CBRRL";"SKU-0046";"35";"12.00";"0.000";"420.00";"47.38";"649.78"
"ORD-10813";"2008-01-05 07:00:00";"delivered";"Euan";"Garden";"euan.garden@example.com";"Beverages";"Product RECZE";"SKU-0002";"12";"19.00";"0.200";"182.40";"47.38";"649.78"
"ORD-10814";"2008-01-05 07:00:00";"delivered";"Sittichai";"Tuntisangaroon";"sittichai.tuntisangaroon@example.com";"Seafood";"Product TTEEX";"SKU-0041";"20";"9.65";"0.000";"193.00";"130.94";"1919.39"
"ORD-10814";"2008-01-05 07:00:00";"delivered";"Sittichai";"Tuntisangaroon";"sittichai.tuntisangaroon@example.com";"Confections";"Product MYNXN";"SKU-0048";"8";"12.75";"0.150";"86.70";"130.94";"1919.39"
"ORD-10814";"2008-01-05 07:00:00";"delivered";"Sittichai";"Tuntisangaroon";"sittichai.tuntisangaroon@example.com";"Beverages";"Product ZZZHR";"SKU-0043";"20";"46.00";"0.150";"782.00";"130.94";"1919.39"
"ORD-10811";"2008-01-02 07:00:00";"delivered";"Cornel";"Lupu";"cornel.lupu@example.com";"Grains/Cereals";"Product JLUDZ";"SKU-0023";"18";"9.00";"0.000";"162.00";"31.22";"883.22"
"ORD-10812";"2008-01-02 07:00:00";"delivered";"Florian";"Voss";"florian.voss@example.com";"Dairy Product";"Product GEEOO";"SKU-0072";"40";"34.80";"0.100";"1252.80";"59.78";"1752.58"
"ORD-10811";"2008-01-02 07:00:00";"delivered";"Cornel";"Lupu";"cornel.lupu@example.com";"Confections";"Product XKXDO";"SKU-0019";"15";"9.20";"0.000";"138.00";"31.22";"883.22"
"ORD-10812";"2008-01-02 07:00:00";"delivered";"Florian";"Voss";"florian.voss@example.com";"Dairy Product";"Product XWOXC";"SKU-0031";"16";"12.50";"0.100";"180.00";"59.78";"1752.58"
"ORD-10811";"2008-01-02 07:00:00";"delivered";"Cornel";"Lupu";"cornel.lupu@example.com";"Seafood";"Product YZIXQ";"SKU-0040";"30";"18.40";"0.000";"552.00";"31.22";"883.22"
"ORD-10812";"2008-01-02 07:00:00";"delivered";"Florian";"Voss";"florian.voss@example.com";"Condiments";"Product LUNZZ";"SKU-0077";"20";"13.00";"0.000";"260.00";"59.78";"1752.58"
"ORD-10810";"2008-01-01 07:00:00";"delivered";"Dominik";"Steiner";"dominik.steiner@example.com";"Confections";"Product LYLNI";"SKU-0025";"5";"14.00";"0.000";"70.00";"4.33";"191.33"
"ORD-10808";"2008-01-01 07:00:00";"delivered";"Anja";"Egelund-Muller";"anja.egelundmuller@example.com";"Beverages";"Product JYGFE";"SKU-0076";"50";"18.00";"0.150";"765.00";"45.53";"1456.53"
"ORD-10810";"2008-01-01 07:00:00";"delivered";"Dominik";"Steiner";"dominik.steiner@example.com";"Seafood";"Product POXFU";"SKU-0013";"7";"6.00";"0.000";"42.00";"4.33";"191.33"
"ORD-10810";"2008-01-01 07:00:00";"delivered";"Dominik";"Steiner";"dominik.steiner@example.com";"Beverages";"Product TOONT";"SKU-0070";"5";"15.00";"0.000";"75.00";"4.33";"191.33"
"ORD-10809";"2008-01-01 07:00:00";"delivered";"Yan";"Li";"yan.li@example.com";"Grains/Cereals";"Product QSRXF";"SKU-0052";"20";"7.00";"0.000";"140.00";"4.87";"144.87"
"ORD-10808";"2008-01-01 07:00:00";"delivered";"Anja";"Egelund-Muller";"anja.egelundmuller@example.com";"Grains/Cereals";"Product VKCMF";"SKU-0056";"20";"38.00";"0.150";"646.00";"45.53";"1456.53"
"ORD-10806";"2007-12-31 07:00:00";"delivered";"Sittichai";"Tuntisangaroon";"sittichai.tuntisangaroon@example.com";"Condiments";"Product XYWBZ";"SKU-0065";"2";"21.05";"0.000";"42.10";"22.11";"461.71"
"ORD-10806";"2007-12-31 07:00:00";"delivered";"Sittichai";"Tuntisangaroon";"sittichai.tuntisangaroon@example.com";"Beverages";"Product RECZE";"SKU-0002";"20";"19.00";"0.250";"285.00";"22.11";"461.71"
"ORD-10807";"2007-12-31 07:00:00";"delivered";"Martin";"Schmöllerl";"martin.schmollerl@example.com";"Seafood";"Product YZIXQ";"SKU-0040";"1";"18.40";"0.000";"18.40";"1.36";"19.76"
"ORD-10806";"2007-12-31 07:00:00";"delivered";"Sittichai";"Tuntisangaroon";"sittichai.tuntisangaroon@example.com";"Produce";"Product BKAZJ";"SKU-0074";"15";"10.00";"0.250";"112.50";"22.11";"461.71"
"ORD-10803";"2007-12-30 07:00:00";"delivered";"Yan";"Li";"yan.li@example.com";"Confections";"Product LYLNI";"SKU-0025";"15";"14.00";"0.050";"199.50";"55.23";"1248.24"
"ORD-10804";"2007-12-30 07:00:00";"delivered";"Brian";"Welcker";"brian.welcker@example.com";"Confections";"Product FPYPN";"SKU-0049";"4";"20.00";"0.150";"68.00";"27.33";"2305.73"
"ORD-10803";"2007-12-30 07:00:00";"delivered";"Yan";"Li";"yan.li@example.com";"Dairy Product";"Product UKXRI";"SKU-0059";"15";"55.00";"0.050";"783.75";"55.23";"1248.24"
"ORD-10804";"2007-12-30 07:00:00";"delivered";"Brian";"Welcker";"brian.welcker@example.com";"Produce";"Product OFBNT";"SKU-0028";"24";"45.60";"0.000";"1094.40";"27.33";"2305.73"
"ORD-10803";"2007-12-30 07:00:00";"delivered";"Yan";"Li";"yan.li@example.com";"Confections";"Product XKXDO";"SKU-0019";"24";"9.20";"0.050";"209.76";"55.23";"1248.24"
"ORD-10805";"2007-12-30 07:00:00";"delivered";"Cristian";"Osorio";"cristian.osorio@example.com";"Beverages";"Product SWNJY";"SKU-0034";"10";"14.00";"0.000";"140.00";"237.34";"3012.34"
"ORD-10805";"2007-12-30 07:00:00";"delivered";"Cristian";"Osorio";"cristian.osorio@example.com";"Beverages";"Product QDOMO";"SKU-0038";"10";"263.50";"0.000";"2635.00";"237.34";"3012.34"
"ORD-10804";"2007-12-30 07:00:00";"delivered";"Brian";"Welcker";"brian.welcker@example.com";"Seafood";"Product YHXGE";"SKU-0010";"36";"31.00";"0.000";"1116.00";"27.33";"2305.73"
"ORD-10801";"2007-12-29 07:00:00";"delivered";"Julia";"Ilyina";"julia.ilyina@example.com";"Meat/Poultry";"Product VJXYN";"SKU-0029";"20";"123.79";"0.250";"1856.85";"97.09";"3123.94"
"ORD-10802";"2007-12-29 07:00:00";"delivered";"Nuria";"Gonzalez";"nuria.gonzalez@example.com";"Meat/Poultry";"Product YYWRT";"SKU-0055";"60";"24.00";"0.250";"1080.00";"257.26";"3200.08"
"ORD-10801";"2007-12-29 07:00:00";"delivered";"Julia";"Ilyina";"julia.ilyina@example.com";"Meat/Poultry";"Product BLCAX";"SKU-0017";"40";"39.00";"0.250";"1170.00";"97.09";"3123.94"
"ORD-10802";"2007-12-29 07:00:00";"delivered";"Nuria";"Gonzalez";"nuria.gonzalez@example.com";"Seafood";"Product LYERX";"SKU-0030";"25";"25.89";"0.250";"485.44";"257.26";"3200.08"
"ORD-10802";"2007-12-29 07:00:00";"delivered";"Nuria";"Gonzalez";"nuria.gonzalez@example.com";"Produce";"Product APITJ";"SKU-0051";"30";"53.00";"0.250";"1192.50";"257.26";"3200.08"
"ORD-10802";"2007-12-29 07:00:00";"delivered";"Nuria";"Gonzalez";"nuria.gonzalez@example.com";"Confections";"Product WUXYK";"SKU-0062";"5";"49.30";"0.250";"184.88";"257.26";"3200.08"
"ORD-10800";"2007-12-26 07:00:00";"delivered";"Brian";"Welcker";"brian.welcker@example.com";"Dairy Product";"Product QMVUN";"SKU-0011";"50";"21.00";"0.100";"945.00";"137.44";"1606.38"
"ORD-10799";"2007-12-26 07:00:00";"delivered";"Lolan";"Song";"lolan.song@example.com";"Beverages";"Product QOGNU";"SKU-0024";"20";"4.50";"0.150";"76.50";"30.76";"1584.26"
"ORD-10799";"2007-12-26 07:00:00";"delivered";"Lolan";"Song";"lolan.song@example.com";"Dairy Product";"Product UKXRI";"SKU-0059";"25";"55.00";"0.000";"1375.00";"30.76";"1584.26"
"ORD-10799";"2007-12-26 07:00:00";"delivered";"Lolan";"Song";"lolan.song@example.com";"Seafood";"Product POXFU";"SKU-0013";"20";"6.00";"0.150";"102.00";"30.76";"1584.26"
"ORD-10800";"2007-12-26 07:00:00";"delivered";"Brian";"Welcker";"brian.welcker@example.com";"Produce";"Product APITJ";"SKU-0051";"10";"53.00";"0.100";"477.00";"137.44";"1606.38"
"ORD-10798";"2007-12-26 07:00:00";"delivered";"Frank";"Lee";"frank.lee@example.com";"Dairy Product";"Product GEEOO";"SKU-0072";"10";"34.80";"0.000";"348.00";"2.33";"448.93"
"ORD-10798";"2007-12-26 07:00:00";"delivered";"Frank";"Lee";"frank.lee@example.com";"Confections";"Product WUXYK";"SKU-0062";"2";"49.30";"0.000";"98.60";"2.33";"448.93"
"ORD-10800";"2007-12-26 07:00:00";"delivered";"Brian";"Welcker";"brian.welcker@example.com";"Meat/Poultry";"Product QAQRL";"SKU-0054";"7";"7.45";"0.100";"46.94";"137.44";"1606.38"
"ORD-10796";"2007-12-25 07:00:00";"delivered";"Kris";"Langohr";"kris.langohr@example.com";"Confections";"Product HLGZA";"SKU-0026";"21";"31.23";"0.200";"524.66";"26.52";"2367.88"
"ORD-10796";"2007-12-25 07:00:00";"delivered";"Kris";"Langohr";"kris.langohr@example.com";"Condiments";"Product VJIEO";"SKU-0044";"10";"19.45";"0.000";"194.50";"26.52";"2367.88"
"ORD-10796";"2007-12-25 07:00:00";"delivered";"Kris";"Langohr";"kris.langohr@example.com";"Grains/Cereals";"Product HCQDE";"SKU-0064";"35";"33.25";"0.200";"931.00";"26.52";"2367.88"
"ORD-10796";"2007-12-25 07:00:00";"delivered";"Kris";"Langohr";"kris.langohr@example.com";"Dairy Product";"Product COAXA";"SKU-0069";"24";"36.00";"0.200";"691.20";"26.52";"2367.88"
"ORD-10797";"2007-12-25 07:00:00";"delivered";"TiAnna";"Jones";"tianna.jones@example.com";"Dairy Product";"Product QMVUN";"SKU-0011";"20";"21.00";"0.000";"420.00";"33.35";"453.35"
"ORD-10793";"2007-12-24 07:00:00";"delivered";"Torsten";"Arndt";"torsten.arndt@example.com";"Seafood";"Product TTEEX";"SKU-0041";"14";"9.65";"0.000";"135.10";"4.52";"195.62"
"ORD-10795";"2007-12-24 07:00:00";"delivered";"John";"Kane";"john.kane@example.com";"Meat/Poultry";"Product BLCAX";"SKU-0017";"35";"39.00";"0.250";"1023.75";"126.66";"2284.66"
"ORD-10795";"2007-12-24 07:00:00";"delivered";"John";"Kane";"john.kane@example.com";"Confections";"Product PAFRH";"SKU-0016";"65";"17.45";"0.000";"1134.25";"126.66";"2284.66"
"ORD-10794";"2007-12-24 07:00:00";"delivered";"Krzysztof";"Florczyk";"krzysztof.florczyk@example.com";"Meat/Poultry";"Product QAQRL";"SKU-0054";"6";"7.45";"0.200";"35.76";"21.49";"336.25"
"ORD-10793";"2007-12-24 07:00:00";"delivered";"Torsten";"Arndt";"torsten.arndt@example.com";"Grains/Cereals";"Product QSRXF";"SKU-0052";"8";"7.00";"0.000";"56.00";"4.52";"195.62"
"ORD-10794";"2007-12-24 07:00:00";"delivered";"Krzysztof";"Florczyk";"krzysztof.florczyk@example.com";"Produce";"Product PWCJB";"SKU-0014";"15";"23.25";"0.200";"279.00";"21.49";"336.25"
"ORD-10791";"2007-12-23 07:00:00";"delivered";"Jason";"Carlson";"jason.carlson@example.com";"Meat/Poultry";"Product VJXYN";"SKU-0029";"14";"123.79";"0.050";"1646.41";"16.85";"1846.61"
"ORD-10792";"2007-12-23 07:00:00";"delivered";"Steve";"Conn";"steve.conn@example.com";"Beverages";"Product RECZE";"SKU-0002";"10";"19.00";"0.000";"190.00";"23.79";"423.64"
"ORD-10791";"2007-12-23 07:00:00";"delivered";"Jason";"Carlson";"jason.carlson@example.com";"Seafood";"Product TTEEX";"SKU-0041";"20";"9.65";"0.050";"183.35";"16.85";"1846.61"
"ORD-10792";"2007-12-23 07:00:00";"delivered";"Steve";"Conn";"steve.conn@example.com";"Confections";"Product TBTBL";"SKU-0068";"15";"12.50";"0.000";"187.50";"23.79";"423.64"
"ORD-10792";"2007-12-23 07:00:00";"delivered";"Steve";"Conn";"steve.conn@example.com";"Meat/Poultry";"Product QAQRL";"SKU-0054";"3";"7.45";"0.000";"22.35";"23.79";"423.64"
"ORD-10789";"2007-12-22 07:00:00";"delivered";"Karan";"Khanna";"karan.khanna@example.com";"Seafood";"Product CKEDC";"SKU-0018";"30";"62.50";"0.000";"1875.00";"100.60";"3787.60"
"ORD-10789";"2007-12-22 07:00:00";"delivered";"Karan";"Khanna";"karan.khanna@example.com";"Condiments";"Product ICKNK";"SKU-0063";"30";"43.90";"0.000";"1317.00";"100.60";"3787.60"
"ORD-10789";"2007-12-22 07:00:00";"delivered";"Karan";"Khanna";"karan.khanna@example.com";"Confections";"Product TBTBL";"SKU-0068";"18";"12.50";"0.000";"225.00";"100.60";"3787.60"
"ORD-10788";"2007-12-22 07:00:00";"delivered";"Giorgio";"Veronesi";"giorgio.veronesi@example.com";"Beverages";"Product BWRLG";"SKU-0075";"40";"7.75";"0.050";"294.50";"42.70";"774.20"
"ORD-10789";"2007-12-22 07:00:00";"delivered";"Karan";"Khanna";"karan.khanna@example.com";"Beverages";"Product NEVTJ";"SKU-0035";"15";"18.00";"0.000";"270.00";"100.60";"3787.60"
"ORD-10788";"2007-12-22 07:00:00";"delivered";"Giorgio";"Veronesi";"giorgio.veronesi@example.com";"Confections";"Product XKXDO";"SKU-0019";"50";"9.20";"0.050";"437.00";"42.70";"774.20"
"ORD-10790";"2007-12-22 07:00:00";"delivered";"Yao-Qiang";"Cheng";"yaoqiang.cheng@example.com";"Grains/Cereals";"Product VKCMF";"SKU-0056";"20";"38.00";"0.150";"646.00";"28.23";"750.73"
"ORD-10790";"2007-12-22 07:00:00";"delivered";"Yao-Qiang";"Cheng";"yaoqiang.cheng@example.com";"Produce";"Product HMLNI";"SKU-0007";"3";"30.00";"0.150";"76.50";"28.23";"750.73"
"ORD-10787";"2007-12-19 07:00:00";"delivered";"Tim";"Litton";"tim.litton@example.com";"Beverages";"Product RECZE";"SKU-0002";"15";"19.00";"0.050";"270.75";"249.93";"2872.69"
"ORD-10786";"2007-12-19 07:00:00";"delivered";"Anna";"Misiec";"anna.misiec@example.com";"Beverages";"Product BWRLG";"SKU-0075";"42";"7.75";"0.200";"260.40";"110.87";"1641.95"
"ORD-10786";"2007-12-19 07:00:00";"delivered";"Anna";"Misiec";"anna.misiec@example.com";"Seafood";"Product LYERX";"SKU-0030";"15";"25.89";"0.200";"310.68";"110.87";"1641.95"
"ORD-10786";"2007-12-19 07:00:00";"delivered";"Anna";"Misiec";"anna.misiec@example.com";"Condiments";"Product WVJFP";"SKU-0008";"30";"40.00";"0.200";"960.00";"110.87";"1641.95"
"ORD-10787";"2007-12-19 07:00:00";"delivered";"Tim";"Litton";"tim.litton@example.com";"Meat/Poultry";"Product VJXYN";"SKU-0029";"20";"123.79";"0.050";"2352.01";"249.93";"2872.69"
"ORD-10784";"2007-12-18 07:00:00";"delivered";"Bernard";"Duerr";"bernard.duerr@example.com";"Seafood";"Product GMKIJ";"SKU-0036";"30";"19.00";"0.000";"570.00";"70.09";"1558.09"
"ORD-10784";"2007-12-18 07:00:00";"delivered";"Bernard";"Duerr";"bernard.duerr@example.com";"Dairy Product";"Product GEEOO";"SKU-0072";"30";"34.80";"0.150";"887.40";"70.09";"1558.09"
"ORD-10784";"2007-12-18 07:00:00";"delivered";"Bernard";"Duerr";"bernard.duerr@example.com";"Beverages";"Product LSOFL";"SKU-0039";"2";"18.00";"0.150";"30.60";"70.09";"1558.09"
"ORD-10783";"2007-12-18 07:00:00";"delivered";"Shy";"Cohen";"shy.cohen@example.com";"Dairy Product";"Product XWOXC";"SKU-0031";"10";"12.50";"0.000";"125.00";"124.98";"1567.48"
"ORD-10783";"2007-12-18 07:00:00";"delivered";"Shy";"Cohen";"shy.cohen@example.com";"Beverages";"Product QDOMO";"SKU-0038";"5";"263.50";"0.000";"1317.50";"124.98";"1567.48"
"ORD-10785";"2007-12-18 07:00:00";"delivered";"Hallur";"Sigurdarson";"hallur.sigurdarson@example.com";"Seafood";"Product YHXGE";"SKU-0010";"10";"31.00";"0.000";"310.00";"1.51";"389.01"
"ORD-10785";"2007-12-18 07:00:00";"delivered";"Hallur";"Sigurdarson";"hallur.sigurdarson@example.com";"Beverages";"Product BWRLG";"SKU-0075";"10";"7.75";"0.000";"77.50";"1.51";"389.01"
"ORD-10781";"2007-12-17 07:00:00";"delivered";"Michael";"Ludwig";"michael.ludwig@example.com";"Meat/Poultry";"Product QAQRL";"SKU-0054";"3";"7.45";"0.200";"17.88";"73.16";"1049.04"
"ORD-10782";"2007-12-17 07:00:00";"delivered";"Mike";"Ray";"mike.ray@example.com";"Dairy Product";"Product XWOXC";"SKU-0031";"1";"12.50";"0.000";"12.50";"1.10";"13.60"
"ORD-10781";"2007-12-17 07:00:00";"delivered";"Michael";"Ludwig";"michael.ludwig@example.com";"Grains/Cereals";"Product VKCMF";"SKU-0056";"20";"38.00";"0.200";"608.00";"73.16";"1049.04"
"ORD-10781";"2007-12-17 07:00:00";"delivered";"Michael";"Ludwig";"michael.ludwig@example.com";"Produce";"Product BKAZJ";"SKU-0074";"35";"10.00";"0.000";"350.00";"73.16";"1049.04"
"ORD-10778";"2007-12-16 07:00:00";"delivered";"Tom";"Higginbotham";"tom.higginbotham@example.com";"Seafood";"Product TTEEX";"SKU-0041";"10";"9.65";"0.000";"96.50";"6.79";"103.29"
"ORD-10779";"2007-12-16 07:00:00";"delivered";"Patrice";"Dupont-Roc";"patrice.dupontroc@example.com";"Confections";"Product PAFRH";"SKU-0016";"20";"17.45";"0.000";"349.00";"58.13";"1393.13"
"ORD-10780";"2007-12-16 07:00:00";"delivered";"Marlies";"Dressler";"marlies.dressler@example.com";"Beverages";"Product TOONT";"SKU-0070";"35";"15.00";"0.000";"525.00";"42.13";"762.13"
"ORD-10779";"2007-12-16 07:00:00";"delivered";"Patrice";"Dupont-Roc";"patrice.dupontroc@example.com";"Confections";"Product WUXYK";"SKU-0062";"20";"49.30";"0.000";"986.00";"58.13";"1393.13"
"ORD-10780";"2007-12-16 07:00:00";"delivered";"Marlies";"Dressler";"marlies.dressler@example.com";"Condiments";"Product LUNZZ";"SKU-0077";"15";"13.00";"0.000";"195.00";"42.13";"762.13"
"ORD-10776";"2007-12-15 07:00:00";"delivered";"John";"Kane";"john.kane@example.com";"Grains/Cereals";"Product RJVNM";"SKU-0042";"12";"14.00";"0.050";"159.60";"351.53";"6986.81"
"ORD-10777";"2007-12-15 07:00:00";"delivered";"Yao-Qiang";"Cheng";"yaoqiang.cheng@example.com";"Grains/Cereals";"Product RJVNM";"SKU-0042";"20";"14.00";"0.200";"224.00";"3.01";"227.01"
"ORD-10776";"2007-12-15 07:00:00";"delivered";"John";"Kane";"john.kane@example.com";"Seafood";"Product AQOKR";"SKU-0045";"27";"9.50";"0.050";"243.68";"351.53";"6986.81"
"ORD-10776";"2007-12-15 07:00:00";"delivered";"John";"Kane";"john.kane@example.com";"Produce";"Product APITJ";"SKU-0051";"120";"53.00";"0.050";"6042.00";"351.53";"6986.81"
"ORD-10776";"2007-12-15 07:00:00";"delivered";"John";"Kane";"john.kane@example.com";"Dairy Product";"Product XWOXC";"SKU-0031";"16";"12.50";"0.050";"190.00";"351.53";"6986.81"
"ORD-10775";"2007-12-12 07:00:00";"delivered";"Robin";"Young";"robin.young@example.com";"Beverages";"Product XLXQF";"SKU-0067";"3";"14.00";"0.000";"42.00";"20.25";"248.25"
"ORD-10775";"2007-12-12 07:00:00";"delivered";"Robin";"Young";"robin.young@example.com";"Seafood";"Product YHXGE";"SKU-0010";"6";"31.00";"0.000";"186.00";"20.25";"248.25"
"ORD-10773";"2007-12-11 07:00:00";"delivered";"John";"Kane";"john.kane@example.com";"Meat/Poultry";"Product BLCAX";"SKU-0017";"33";"39.00";"0.000";"1287.00";"96.43";"2126.83"
"ORD-10773";"2007-12-11 07:00:00";"delivered";"John";"Kane";"john.kane@example.com";"Dairy Product";"Product XWOXC";"SKU-0031";"70";"12.50";"0.200";"700.00";"96.43";"2126.83"
"ORD-10774";"2007-12-11 07:00:00";"delivered";"Patricia";"San Juan";"patricia.sanjuan@example.com";"Dairy Product";"Product XWOXC";"SKU-0031";"2";"12.50";"0.250";"18.75";"48.20";"916.95"
"ORD-10774";"2007-12-11 07:00:00";"delivered";"Patricia";"San Juan";"patricia.sanjuan@example.com";"Condiments";"Product LQMGN";"SKU-0066";"50";"17.00";"0.000";"850.00";"48.20";"916.95"
"ORD-10773";"2007-12-11 07:00:00";"delivered";"John";"Kane";"john.kane@example.com";"Beverages";"Product BWRLG";"SKU-0075";"7";"7.75";"0.200";"43.40";"96.43";"2126.83"
"ORD-10772";"2007-12-10 07:00:00";"delivered";"George";"Louverdis";"george.louverdis@example.com";"Dairy Product";"Product UKXRI";"SKU-0059";"25";"55.00";"0.000";"1375.00";"91.28";"3694.50"
"ORD-10771";"2007-12-10 07:00:00";"delivered";"John";"Kane";"john.kane@example.com";"Dairy Product";"Product MYMOI";"SKU-0071";"16";"21.50";"0.000";"344.00";"11.19";"355.19"
"ORD-10772";"2007-12-10 07:00:00";"delivered";"George";"Louverdis";"george.louverdis@example.com";"Meat/Poultry";"Product VJXYN";"SKU-0029";"18";"123.79";"0.000";"2228.22";"91.28";"3694.50"
"ORD-10770";"2007-12-09 07:00:00";"delivered";"Shy";"Cohen";"shy.cohen@example.com";"Dairy Product";"Product QMVUN";"SKU-0011";"15";"21.00";"0.250";"236.25";"5.32";"241.57"
"ORD-10769";"2007-12-08 07:00:00";"delivered";"Karl";"Fonteneau";"karl.fonteneau@example.com";"Seafood";"Product TTEEX";"SKU-0041";"30";"9.65";"0.050";"275.03";"65.06";"1749.34"
"ORD-10768";"2007-12-08 07:00:00";"delivered";"Torsten";"Arndt";"torsten.arndt@example.com";"Dairy Product";"Product XWOXC";"SKU-0031";"50";"12.50";"0.000";"625.00";"146.32";"1623.32"
"ORD-10768";"2007-12-08 07:00:00";"delivered";"Torsten";"Arndt";"torsten.arndt@example.com";"Dairy Product";"Product WHBYK";"SKU-0060";"15";"34.00";"0.000";"510.00";"146.32";"1623.32"
"ORD-10769";"2007-12-08 07:00:00";"delivered";"Karl";"Fonteneau";"karl.fonteneau@example.com";"Condiments";"Product XYZPE";"SKU-0061";"20";"28.50";"0.000";"570.00";"65.06";"1749.34"
"ORD-10768";"2007-12-08 07:00:00";"delivered";"Torsten";"Arndt";"torsten.arndt@example.com";"Grains/Cereals";"Product CPHFY";"SKU-0022";"4";"21.00";"0.000";"84.00";"146.32";"1623.32"
"ORD-10768";"2007-12-08 07:00:00";"delivered";"Torsten";"Arndt";"torsten.arndt@example.com";"Dairy Product";"Product MYMOI";"SKU-0071";"12";"21.50";"0.000";"258.00";"146.32";"1623.32"
"ORD-10769";"2007-12-08 07:00:00";"delivered";"Karl";"Fonteneau";"karl.fonteneau@example.com";"Confections";"Product WUXYK";"SKU-0062";"15";"49.30";"0.000";"739.50";"65.06";"1749.34"
"ORD-10769";"2007-12-08 07:00:00";"delivered";"Karl";"Fonteneau";"karl.fonteneau@example.com";"Grains/Cereals";"Product QSRXF";"SKU-0052";"15";"7.00";"0.050";"99.75";"65.06";"1749.34"
"ORD-10766";"2007-12-05 07:00:00";"delivered";"Nadejda";"Marinova";"nadejda.marinova@example.com";"Confections";"Product TBTBL";"SKU-0068";"40";"12.50";"0.000";"500.00";"157.55";"2467.55"
"ORD-10766";"2007-12-05 07:00:00";"delivered";"Nadejda";"Marinova";"nadejda.marinova@example.com";"Produce";"Product HMLNI";"SKU-0007";"35";"30.00";"0.000";"1050.00";"157.55";"2467.55"
"ORD-10766";"2007-12-05 07:00:00";"delivered";"Nadejda";"Marinova";"nadejda.marinova@example.com";"Beverages";"Product RECZE";"SKU-0002";"40";"19.00";"0.000";"760.00";"157.55";"2467.55"
"ORD-10767";"2007-12-05 07:00:00";"delivered";"Katrin";"Gulbis";"katrin.gulbis@example.com";"Grains/Cereals";"Product RJVNM";"SKU-0042";"2";"14.00";"0.000";"28.00";"1.59";"29.59"
"ORD-10765";"2007-12-04 07:00:00";"delivered";"Giorgio";"Veronesi";"giorgio.veronesi@example.com";"Condiments";"Product XYWBZ";"SKU-0065";"80";"21.05";"0.100";"1515.60";"42.74";"1558.34"
"ORD-10763";"2007-12-03 07:00:00";"delivered";"Karan";"Khanna";"karan.khanna@example.com";"Grains/Cereals";"Product CPHFY";"SKU-0022";"6";"21.00";"0.000";"126.00";"37.35";"653.35"
"ORD-10764";"2007-12-03 07:00:00";"delivered";"John";"Kane";"john.kane@example.com";"Condiments";"Product IMEHJ";"SKU-0003";"20";"10.00";"0.100";"180.00";"145.45";"2431.45"
"ORD-10764";"2007-12-03 07:00:00";"delivered";"John";"Kane";"john.kane@example.com";"Beverages";"Product LSOFL";"SKU-0039";"130";"18.00";"0.100";"2106.00";"145.45";"2431.45"
"ORD-10763";"2007-12-03 07:00:00";"delivered";"Karan";"Khanna";"karan.khanna@example.com";"Confections";"Product VJZZH";"SKU-0021";"40";"10.00";"0.000";"400.00";"37.35";"653.35"
"ORD-10763";"2007-12-03 07:00:00";"delivered";"Karan";"Khanna";"karan.khanna@example.com";"Beverages";"Product QOGNU";"SKU-0024";"20";"4.50";"0.000";"90.00";"37.35";"653.35"
"ORD-10762";"2007-12-02 07:00:00";"delivered";"Patricia";"San Juan";"patricia.sanjuan@example.com";"Confections";"Product EZZPR";"SKU-0047";"30";"9.50";"0.000";"285.00";"328.74";"4665.74"
"ORD-10762";"2007-12-02 07:00:00";"delivered";"Patricia";"San Juan";"patricia.sanjuan@example.com";"Produce";"Product APITJ";"SKU-0051";"28";"53.00";"0.000";"1484.00";"328.74";"4665.74"
"ORD-10762";"2007-12-02 07:00:00";"delivered";"Patricia";"San Juan";"patricia.sanjuan@example.com";"Beverages";"Product LSOFL";"SKU-0039";"16";"18.00";"0.000";"288.00";"328.74";"4665.74"
"ORD-10762";"2007-12-02 07:00:00";"delivered";"Patricia";"San Juan";"patricia.sanjuan@example.com";"Grains/Cereals";"Product VKCMF";"SKU-0056";"60";"38.00";"0.000";"2280.00";"328.74";"4665.74"
"ORD-10761";"2007-12-02 07:00:00";"delivered";"Michael";"Moore";"michael.moore@example.com";"Beverages";"Product BWRLG";"SKU-0075";"18";"7.75";"0.000";"139.50";"18.66";"525.66"
"ORD-10761";"2007-12-02 07:00:00";"delivered";"Michael";"Moore";"michael.moore@example.com";"Confections";"Product LYLNI";"SKU-0025";"35";"14.00";"0.250";"367.50";"18.66";"525.66"
"ORD-10760";"2007-12-01 07:00:00";"delivered";"Donald";"Mace";"donald.mace@example.com";"Beverages";"Product ZZZHR";"SKU-0043";"30";"46.00";"0.250";"1035.00";"155.64";"3072.64"
"ORD-10760";"2007-12-01 07:00:00";"delivered";"Donald";"Mace";"donald.mace@example.com";"Confections";"Product LYLNI";"SKU-0025";"12";"14.00";"0.250";"126.00";"155.64";"3072.64"
"ORD-10760";"2007-12-01 07:00:00";"delivered";"Donald";"Mace";"donald.mace@example.com";"Confections";"Product SMIOH";"SKU-0027";"40";"43.90";"0.000";"1756.00";"155.64";"3072.64"
"ORD-10759";"2007-11-28 07:00:00";"delivered";"Mark";"Hassall";"mark.hassall@example.com";"Dairy Product";"Product NUNAW";"SKU-0032";"10";"32.00";"0.000";"320.00";"11.99";"331.99"
"ORD-10758";"2007-11-28 07:00:00";"delivered";"Jacek";"Myrcha";"jacek.myrcha@example.com";"Beverages";"Product TOONT";"SKU-0070";"40";"15.00";"0.000";"600.00";"138.17";"1782.77"
"ORD-10758";"2007-11-28 07:00:00";"delivered";"Jacek";"Myrcha";"jacek.myrcha@example.com";"Grains/Cereals";"Product QSRXF";"SKU-0052";"60";"7.00";"0.000";"420.00";"138.17";"1782.77"
"ORD-10758";"2007-11-28 07:00:00";"delivered";"Jacek";"Myrcha";"jacek.myrcha@example.com";"Confections";"Product HLGZA";"SKU-0026";"20";"31.23";"0.000";"624.60";"138.17";"1782.77"
"ORD-10757";"2007-11-27 07:00:00";"delivered";"Tomás";"Navarro";"tomas.navarro@example.com";"Grains/Cereals";"Product HCQDE";"SKU-0064";"24";"33.25";"0.000";"798.00";"8.19";"3090.19"
"ORD-10757";"2007-11-27 07:00:00";"delivered";"Tomás";"Navarro";"tomas.navarro@example.com";"Confections";"Product WUXYK";"SKU-0062";"30";"49.30";"0.000";"1479.00";"8.19";"3090.19"
"ORD-10757";"2007-11-27 07:00:00";"delivered";"Tomás";"Navarro";"tomas.navarro@example.com";"Beverages";"Product SWNJY";"SKU-0034";"30";"14.00";"0.000";"420.00";"8.19";"3090.19"
"ORD-10756";"2007-11-27 07:00:00";"delivered";"Agnieszka";"Wojciechowska";"agnieszka.wojciechowska@example.com";"Dairy Product";"Product COAXA";"SKU-0069";"20";"36.00";"0.200";"576.00";"73.21";"2063.21"
"ORD-10756";"2007-11-27 07:00:00";"delivered";"Agnieszka";"Wojciechowska";"agnieszka.wojciechowska@example.com";"Confections";"Product TBTBL";"SKU-0068";"6";"12.50";"0.200";"60.00";"73.21";"2063.21"
"ORD-10757";"2007-11-27 07:00:00";"delivered";"Tomás";"Navarro";"tomas.navarro@example.com";"Dairy Product";"Product UKXRI";"SKU-0059";"7";"55.00";"0.000";"385.00";"8.19";"3090.19"
"ORD-10756";"2007-11-27 07:00:00";"delivered";"Agnieszka";"Wojciechowska";"agnieszka.wojciechowska@example.com";"Seafood";"Product CKEDC";"SKU-0018";"21";"62.50";"0.200";"1050.00";"73.21";"2063.21"
"ORD-10756";"2007-11-27 07:00:00";"delivered";"Agnieszka";"Wojciechowska";"agnieszka.wojciechowska@example.com";"Seafood";"Product GMKIJ";"SKU-0036";"20";"19.00";"0.200";"304.00";"73.21";"2063.21"
"ORD-10755";"2007-11-26 07:00:00";"delivered";"Amritansh";"Raghav";"amritansh.raghav@example.com";"Confections";"Product EZZPR";"SKU-0047";"30";"9.50";"0.250";"213.75";"16.71";"1965.21"
"ORD-10755";"2007-11-26 07:00:00";"delivered";"Amritansh";"Raghav";"amritansh.raghav@example.com";"Grains/Cereals";"Product VKCMF";"SKU-0056";"30";"38.00";"0.250";"855.00";"16.71";"1965.21"
"ORD-10755";"2007-11-26 07:00:00";"delivered";"Amritansh";"Raghav";"amritansh.raghav@example.com";"Dairy Product";"Product COAXA";"SKU-0069";"25";"36.00";"0.250";"675.00";"16.71";"1965.21"
"ORD-10755";"2007-11-26 07:00:00";"delivered";"Amritansh";"Raghav";"amritansh.raghav@example.com";"Grains/Cereals";"Product OVLQI";"SKU-0057";"14";"19.50";"0.250";"204.75";"16.71";"1965.21"
"ORD-10753";"2007-11-25 07:00:00";"delivered";"Martin";"Schmöllerl";"martin.schmollerl@example.com";"Seafood";"Product AQOKR";"SKU-0045";"4";"9.50";"0.000";"38.00";"7.70";"95.70"
"ORD-10753";"2007-11-25 07:00:00";"delivered";"Martin";"Schmöllerl";"martin.schmollerl@example.com";"Produce";"Product BKAZJ";"SKU-0074";"5";"10.00";"0.000";"50.00";"7.70";"95.70"
"ORD-10754";"2007-11-25 07:00:00";"delivered";"Bernard";"Duerr";"bernard.duerr@example.com";"Seafood";"Product YZIXQ";"SKU-0040";"3";"18.40";"0.000";"55.20";"2.38";"57.58"
"ORD-10751";"2007-11-24 07:00:00";"delivered";"Jacek";"Myrcha";"jacek.myrcha@example.com";"Confections";"Product BIUDV";"SKU-0050";"20";"16.25";"0.100";"292.50";"130.79";"1762.27"
"ORD-10751";"2007-11-24 07:00:00";"delivered";"Jacek";"Myrcha";"jacek.myrcha@example.com";"Seafood";"Product LYERX";"SKU-0030";"30";"25.89";"0.000";"776.70";"130.79";"1762.27"
"ORD-10751";"2007-11-24 07:00:00";"delivered";"Jacek";"Myrcha";"jacek.myrcha@example.com";"Seafood";"Product WEUJZ";"SKU-0073";"15";"15.00";"0.000";"225.00";"130.79";"1762.27"
"ORD-10752";"2007-11-24 07:00:00";"delivered";"Ken";"Mallit";"ken.mallit@example.com";"Dairy Product";"Product COAXA";"SKU-0069";"3";"36.00";"0.000";"108.00";"1.39";"253.39"
"ORD-10751";"2007-11-24 07:00:00";"delivered";"Jacek";"Myrcha";"jacek.myrcha@example.com";"Confections";"Product HLGZA";"SKU-0026";"12";"31.23";"0.100";"337.28";"130.79";"1762.27"
"ORD-10752";"2007-11-24 07:00:00";"delivered";"Ken";"Mallit";"ken.mallit@example.com";"Beverages";"Product HHYDP";"SKU-0001";"8";"18.00";"0.000";"144.00";"1.39";"253.39"
"ORD-10750";"2007-11-21 07:00:00";"delivered";"Michael";"Ludwig";"michael.ludwig@example.com";"Seafood";"Product AQOKR";"SKU-0045";"40";"9.50";"0.150";"323.00";"79.30";"1669.86"
"ORD-10750";"2007-11-21 07:00:00";"delivered";"Michael";"Ludwig";"michael.ludwig@example.com";"Produce";"Product PWCJB";"SKU-0014";"5";"23.25";"0.150";"98.81";"79.30";"1669.86"
"ORD-10750";"2007-11-21 07:00:00";"delivered";"Michael";"Ludwig";"michael.ludwig@example.com";"Dairy Product";"Product UKXRI";"SKU-0059";"25";"55.00";"0.150";"1168.75";"79.30";"1669.86"
"ORD-10748";"2007-11-20 07:00:00";"delivered";"Tomás";"Navarro";"tomas.navarro@example.com";"Grains/Cereals";"Product VKCMF";"SKU-0056";"28";"38.00";"0.000";"1064.00";"232.55";"2428.55"
"ORD-10749";"2007-11-20 07:00:00";"delivered";"Frank";"Lee";"frank.lee@example.com";"Grains/Cereals";"Product VKCMF";"SKU-0056";"15";"38.00";"0.000";"570.00";"61.53";"1141.53"
"ORD-10749";"2007-11-20 07:00:00";"delivered";"Frank";"Lee";"frank.lee@example.com";"Beverages";"Product JYGFE";"SKU-0076";"10";"18.00";"0.000";"180.00";"61.53";"1141.53"
"ORD-10748";"2007-11-20 07:00:00";"delivered";"Tomás";"Navarro";"tomas.navarro@example.com";"Grains/Cereals";"Product JLUDZ";"SKU-0023";"44";"9.00";"0.000";"396.00";"232.55";"2428.55"
"ORD-10748";"2007-11-20 07:00:00";"delivered";"Tomás";"Navarro";"tomas.navarro@example.com";"Seafood";"Product YZIXQ";"SKU-0040";"40";"18.40";"0.000";"736.00";"232.55";"2428.55"
"ORD-10749";"2007-11-20 07:00:00";"delivered";"Frank";"Lee";"frank.lee@example.com";"Dairy Product";"Product UKXRI";"SKU-0059";"6";"55.00";"0.000";"330.00";"61.53";"1141.53"
"ORD-10746";"2007-11-19 07:00:00";"delivered";"Jacek";"Jelitto";"jacek.jelitto@example.com";"Seafood";"Product POXFU";"SKU-0013";"6";"6.00";"0.000";"36.00";"31.43";"2343.13"
"ORD-10746";"2007-11-19 07:00:00";"delivered";"Jacek";"Jelitto";"jacek.jelitto@example.com";"Dairy Product";"Product COAXA";"SKU-0069";"40";"36.00";"0.000";"1440.00";"31.43";"2343.13"
"ORD-10746";"2007-11-19 07:00:00";"delivered";"Jacek";"Jelitto";"jacek.jelitto@example.com";"Confections";"Product WUXYK";"SKU-0062";"9";"49.30";"0.000";"443.70";"31.43";"2343.13"
"ORD-10747";"2007-11-19 07:00:00";"delivered";"Tosh";"Meston";"tosh.meston@example.com";"Dairy Product";"Product COAXA";"SKU-0069";"30";"36.00";"0.000";"1080.00";"117.33";"2030.18"
"ORD-10746";"2007-11-19 07:00:00";"delivered";"Jacek";"Jelitto";"jacek.jelitto@example.com";"Grains/Cereals";"Product RJVNM";"SKU-0042";"28";"14.00";"0.000";"392.00";"31.43";"2343.13"
"ORD-10747";"2007-11-19 07:00:00";"delivered";"Tosh";"Meston";"tosh.meston@example.com";"Seafood";"Product TTEEX";"SKU-0041";"35";"9.65";"0.000";"337.75";"117.33";"2030.18"
"ORD-10747";"2007-11-19 07:00:00";"delivered";"Tosh";"Meston";"tosh.meston@example.com";"Dairy Product";"Product XWOXC";"SKU-0031";"8";"12.50";"0.000";"100.00";"117.33";"2030.18"
"ORD-10747";"2007-11-19 07:00:00";"delivered";"Tosh";"Meston";"tosh.meston@example.com";"Condiments";"Product ICKNK";"SKU-0063";"9";"43.90";"0.000";"395.10";"117.33";"2030.18"
"ORD-10745";"2007-11-18 07:00:00";"delivered";"Giorgio";"Veronesi";"giorgio.veronesi@example.com";"Condiments";"Product VJIEO";"SKU-0044";"16";"19.45";"0.000";"311.20";"3.52";"4533.32"
"ORD-10745";"2007-11-18 07:00:00";"delivered";"Giorgio";"Veronesi";"giorgio.veronesi@example.com";"Dairy Product";"Product GEEOO";"SKU-0072";"7";"34.80";"0.000";"243.60";"3.52";"4533.32"
"ORD-10745";"2007-11-18 07:00:00";"delivered";"Giorgio";"Veronesi";"giorgio.veronesi@example.com";"Dairy Product";"Product UKXRI";"SKU-0059";"45";"55.00";"0.000";"2475.00";"3.52";"4533.32"
"ORD-10745";"2007-11-18 07:00:00";"delivered";"Giorgio";"Veronesi";"giorgio.veronesi@example.com";"Seafood";"Product CKEDC";"SKU-0018";"24";"62.50";"0.000";"1500.00";"3.52";"4533.32"
"ORD-10743";"2007-11-17 07:00:00";"delivered";"Torsten";"Arndt";"torsten.arndt@example.com";"Seafood";"Product CBRRL";"SKU-0046";"28";"12.00";"0.050";"319.20";"23.72";"342.92"
"ORD-10744";"2007-11-17 07:00:00";"delivered";"Karl";"Fonteneau";"karl.fonteneau@example.com";"Seafood";"Product YZIXQ";"SKU-0040";"50";"18.40";"0.200";"736.00";"69.19";"805.19"
"ORD-10742";"2007-11-14 07:00:00";"delivered";"Pilar Colome";"Bassols";"pilarcolome.bassols@example.com";"Dairy Product";"Product GEEOO";"SKU-0072";"35";"34.80";"0.000";"1218.00";"243.73";"3361.73"
"ORD-10742";"2007-11-14 07:00:00";"delivered";"Pilar Colome";"Bassols";"pilarcolome.bassols@example.com";"Condiments";"Product IMEHJ";"SKU-0003";"20";"10.00";"0.000";"200.00";"243.73";"3361.73"
"ORD-10741";"2007-11-14 07:00:00";"delivered";"Torsten";"Arndt";"torsten.arndt@example.com";"Beverages";"Product RECZE";"SKU-0002";"15";"19.00";"0.200";"228.00";"10.96";"238.96"
"ORD-10742";"2007-11-14 07:00:00";"delivered";"Pilar Colome";"Bassols";"pilarcolome.bassols@example.com";"Dairy Product";"Product WHBYK";"SKU-0060";"50";"34.00";"0.000";"1700.00";"243.73";"3361.73"
"ORD-10740";"2007-11-13 07:00:00";"delivered";"Ronaldo";"Smith Jr.";"ronaldo.smithjr@example.com";"Grains/Cereals";"Product VKCMF";"SKU-0056";"14";"38.00";"0.200";"425.60";"81.88";"1497.88"
"ORD-10740";"2007-11-13 07:00:00";"delivered";"Ronaldo";"Smith Jr.";"ronaldo.smithjr@example.com";"Seafood";"Product AQOKR";"SKU-0045";"40";"9.50";"0.200";"304.00";"81.88";"1497.88"
"ORD-10740";"2007-11-13 07:00:00";"delivered";"Ronaldo";"Smith Jr.";"ronaldo.smithjr@example.com";"Produce";"Product OFBNT";"SKU-0028";"5";"45.60";"0.200";"182.40";"81.88";"1497.88"
"ORD-10740";"2007-11-13 07:00:00";"delivered";"Ronaldo";"Smith Jr.";"ronaldo.smithjr@example.com";"Beverages";"Product NEVTJ";"SKU-0035";"35";"18.00";"0.200";"504.00";"81.88";"1497.88"
"ORD-10738";"2007-11-12 07:00:00";"delivered";"Dave";"O’Brien";"dave.obrien@example.com";"Confections";"Product PAFRH";"SKU-0016";"3";"17.45";"0.000";"52.35";"2.91";"55.26"
"ORD-10739";"2007-11-12 07:00:00";"delivered";"Nkenge";"McLin";"nkenge.mclin@example.com";"Grains/Cereals";"Product QSRXF";"SKU-0052";"18";"7.00";"0.000";"126.00";"11.08";"251.08"
"ORD-10739";"2007-11-12 07:00:00";"delivered";"Nkenge";"McLin";"nkenge.mclin@example.com";"Seafood";"Product GMKIJ";"SKU-0036";"6";"19.00";"0.000";"114.00";"11.08";"251.08"
"ORD-10737";"2007-11-11 07:00:00";"delivered";"Nkenge";"McLin";"nkenge.mclin@example.com";"Seafood";"Product POXFU";"SKU-0013";"4";"6.00";"0.000";"24.00";"7.79";"147.59"
"ORD-10736";"2007-11-11 07:00:00";"delivered";"Ovidiu V.";"Craciun";"ovidiuv.craciun@example.com";"Beverages";"Product BWRLG";"SKU-0075";"20";"7.75";"0.000";"155.00";"44.10";"1041.10"
"ORD-10737";"2007-11-11 07:00:00";"delivered";"Nkenge";"McLin";"nkenge.mclin@example.com";"Seafood";"Product TTEEX";"SKU-0041";"12";"9.65";"0.000";"115.80";"7.79";"147.59"
"ORD-10736";"2007-11-11 07:00:00";"delivered";"Ovidiu V.";"Craciun";"ovidiuv.craciun@example.com";"Condiments";"Product XYWBZ";"SKU-0065";"40";"21.05";"0.000";"842.00";"44.10";"1041.10"
"ORD-10735";"2007-11-10 07:00:00";"delivered";"Krishna";"Sunkammurali";"krishna.sunkammurali@example.com";"Condiments";"Product XYZPE";"SKU-0061";"20";"28.50";"0.100";"513.00";"45.97";"582.37"
"ORD-10735";"2007-11-10 07:00:00";"delivered";"Krishna";"Sunkammurali";"krishna.sunkammurali@example.com";"Condiments";"Product LUNZZ";"SKU-0077";"2";"13.00";"0.100";"23.40";"45.97";"582.37"
"ORD-10734";"2007-11-07 07:00:00";"delivered";"Yao-Qiang";"Cheng";"yaoqiang.cheng@example.com";"Seafood";"Product LYERX";"SKU-0030";"15";"25.89";"0.000";"388.35";"1.63";"1499.98"
"ORD-10734";"2007-11-07 07:00:00";"delivered";"Yao-Qiang";"Cheng";"yaoqiang.cheng@example.com";"Beverages";"Product JYGFE";"SKU-0076";"20";"18.00";"0.000";"360.00";"1.63";"1499.98"
"ORD-10733";"2007-11-07 07:00:00";"delivered";"Tom";"Higginbotham";"tom.higginbotham@example.com";"Grains/Cereals";"Product QSRXF";"SKU-0052";"25";"7.00";"0.000";"175.00";"110.11";"1569.11"
"ORD-10733";"2007-11-07 07:00:00";"delivered";"Tom";"Higginbotham";"tom.higginbotham@example.com";"Produce";"Product OFBNT";"SKU-0028";"20";"45.60";"0.000";"912.00";"110.11";"1569.11"
"ORD-10734";"2007-11-07 07:00:00";"delivered";"Yao-Qiang";"Cheng";"yaoqiang.cheng@example.com";"Condiments";"Product VAIIV";"SKU-0006";"30";"25.00";"0.000";"750.00";"1.63";"1499.98"
"ORD-10733";"2007-11-07 07:00:00";"delivered";"Tom";"Higginbotham";"tom.higginbotham@example.com";"Produce";"Product PWCJB";"SKU-0014";"16";"23.25";"0.000";"372.00";"110.11";"1569.11"
"ORD-10732";"2007-11-06 07:00:00";"delivered";"Amritansh";"Raghav";"amritansh.raghav@example.com";"Beverages";"Product JYGFE";"SKU-0076";"20";"18.00";"0.000";"360.00";"16.97";"376.97"
"ORD-10731";"2007-11-06 07:00:00";"delivered";"Jacek";"Jelitto";"jacek.jelitto@example.com";"Produce";"Product APITJ";"SKU-0051";"30";"53.00";"0.050";"1510.50";"96.65";"1987.15"
"ORD-10731";"2007-11-06 07:00:00";"delivered";"Jacek";"Jelitto";"jacek.jelitto@example.com";"Confections";"Product VJZZH";"SKU-0021";"40";"10.00";"0.050";"380.00";"96.65";"1987.15"
"ORD-10730";"2007-11-05 07:00:00";"delivered";"Amritansh";"Raghav";"amritansh.raghav@example.com";"Confections";"Product PAFRH";"SKU-0016";"15";"17.45";"0.050";"248.66";"20.12";"504.39"
"ORD-10730";"2007-11-05 07:00:00";"delivered";"Amritansh";"Raghav";"amritansh.raghav@example.com";"Condiments";"Product XYWBZ";"SKU-0065";"10";"21.05";"0.050";"199.98";"20.12";"504.39"
"ORD-10730";"2007-11-05 07:00:00";"delivered";"Amritansh";"Raghav";"amritansh.raghav@example.com";"Dairy Product";"Product XWOXC";"SKU-0031";"3";"12.50";"0.050";"35.63";"20.12";"504.39"
"ORD-10728";"2007-11-04 07:00:00";"delivered";"Anna";"Misiec";"anna.misiec@example.com";"Seafood";"Product LYERX";"SKU-0030";"15";"25.89";"0.000";"388.35";"58.33";"1355.08"
"ORD-10729";"2007-11-04 07:00:00";"delivered";"Cornel";"Lupu";"cornel.lupu@example.com";"Confections";"Product BIUDV";"SKU-0050";"40";"16.25";"0.000";"650.00";"141.06";"1991.06"
"ORD-10728";"2007-11-04 07:00:00";"delivered";"Anna";"Misiec";"anna.misiec@example.com";"Seafood";"Product YZIXQ";"SKU-0040";"6";"18.40";"0.000";"110.40";"58.33";"1355.08"
"ORD-10728";"2007-11-04 07:00:00";"delivered";"Anna";"Misiec";"anna.misiec@example.com";"Meat/Poultry";"Product YYWRT";"SKU-0055";"12";"24.00";"0.000";"288.00";"58.33";"1355.08"
"ORD-10729";"2007-11-04 07:00:00";"delivered";"Cornel";"Lupu";"cornel.lupu@example.com";"Confections";"Product VJZZH";"SKU-0021";"30";"10.00";"0.000";"300.00";"141.06";"1991.06"
"ORD-10729";"2007-11-04 07:00:00";"delivered";"Cornel";"Lupu";"cornel.lupu@example.com";"Beverages";"Product HHYDP";"SKU-0001";"50";"18.00";"0.000";"900.00";"141.06";"1991.06"
"ORD-10728";"2007-11-04 07:00:00";"delivered";"Anna";"Misiec";"anna.misiec@example.com";"Dairy Product";"Product WHBYK";"SKU-0060";"15";"34.00";"0.000";"510.00";"58.33";"1355.08"
"ORD-10727";"2007-11-03 07:00:00";"delivered";"Florian";"Voss";"florian.voss@example.com";"Dairy Product";"Product UKXRI";"SKU-0059";"10";"55.00";"0.050";"522.50";"89.90";"1714.40"
"ORD-10726";"2007-11-03 07:00:00";"delivered";"Randall";"Boseman";"randall.boseman@example.com";"Dairy Product";"Product QMVUN";"SKU-0011";"5";"21.00";"0.000";"105.00";"16.56";"671.56"
"ORD-10726";"2007-11-03 07:00:00";"delivered";"Randall";"Boseman";"randall.boseman@example.com";"Condiments";"Product KSBRM";"SKU-0004";"25";"22.00";"0.000";"550.00";"16.56";"671.56"
"ORD-10727";"2007-11-03 07:00:00";"delivered";"Florian";"Voss";"florian.voss@example.com";"Grains/Cereals";"Product VKCMF";"SKU-0056";"10";"38.00";"0.050";"361.00";"89.90";"1714.40"
"ORD-10727";"2007-11-03 07:00:00";"delivered";"Florian";"Voss";"florian.voss@example.com";"Meat/Poultry";"Product BLCAX";"SKU-0017";"20";"39.00";"0.050";"741.00";"89.90";"1714.40"
"ORD-10725";"2007-10-31 07:00:00";"delivered";"Giuseppe";"Russo";"giuseppe.russo@example.com";"Grains/Cereals";"Product QSRXF";"SKU-0052";"4";"7.00";"0.000";"28.00";"10.83";"298.63"
"ORD-10725";"2007-10-31 07:00:00";"delivered";"Giuseppe";"Russo";"giuseppe.russo@example.com";"Meat/Poultry";"Product YYWRT";"SKU-0055";"6";"24.00";"0.000";"144.00";"10.83";"298.63"
"ORD-10725";"2007-10-31 07:00:00";"delivered";"Giuseppe";"Russo";"giuseppe.russo@example.com";"Seafood";"Product TTEEX";"SKU-0041";"12";"9.65";"0.000";"115.80";"10.83";"298.63"
"ORD-10724";"2007-10-30 07:00:00";"delivered";"Maurice";"Taylor";"maurice.taylor@example.com";"Seafood";"Product YHXGE";"SKU-0010";"16";"31.00";"0.000";"496.00";"57.75";"696.25"
"ORD-10723";"2007-10-30 07:00:00";"delivered";"Ronaldo";"Smith Jr.";"ronaldo.smithjr@example.com";"Confections";"Product HLGZA";"SKU-0026";"15";"31.23";"0.000";"468.45";"21.72";"490.17"
"ORD-10724";"2007-10-30 07:00:00";"delivered";"Maurice";"Taylor";"maurice.taylor@example.com";"Condiments";"Product XYZPE";"SKU-0061";"5";"28.50";"0.000";"142.50";"57.75";"696.25"
"ORD-10721";"2007-10-29 07:00:00";"delivered";"Giorgio";"Veronesi";"giorgio.veronesi@example.com";"Condiments";"Product VJIEO";"SKU-0044";"50";"19.45";"0.050";"923.88";"48.92";"972.80"
"ORD-10722";"2007-10-29 07:00:00";"delivered";"Tomás";"Navarro";"tomas.navarro@example.com";"Beverages";"Product BWRLG";"SKU-0075";"42";"7.75";"0.000";"325.50";"74.58";"1644.58"
"ORD-10722";"2007-10-29 07:00:00";"delivered";"Tomás";"Navarro";"tomas.navarro@example.com";"Beverages";"Product RECZE";"SKU-0002";"3";"19.00";"0.000";"57.00";"74.58";"1644.58"
"ORD-10722";"2007-10-29 07:00:00";"delivered";"Tomás";"Navarro";"tomas.navarro@example.com";"Dairy Product";"Product XWOXC";"SKU-0031";"50";"12.50";"0.000";"625.00";"74.58";"1644.58"
"ORD-10722";"2007-10-29 07:00:00";"delivered";"Tomás";"Navarro";"tomas.navarro@example.com";"Confections";"Product TBTBL";"SKU-0068";"45";"12.50";"0.000";"562.50";"74.58";"1644.58"
"ORD-10720";"2007-10-28 07:00:00";"delivered";"Krzysztof";"Florczyk";"krzysztof.florczyk@example.com";"Dairy Product";"Product MYMOI";"SKU-0071";"8";"21.50";"0.000";"172.00";"9.53";"559.53"
"ORD-10720";"2007-10-28 07:00:00";"delivered";"Krzysztof";"Florczyk";"krzysztof.florczyk@example.com";"Beverages";"Product NEVTJ";"SKU-0035";"21";"18.00";"0.000";"378.00";"9.53";"559.53"
"ORD-10718";"2007-10-27 07:00:00";"delivered";"Lolan";"Song";"lolan.song@example.com";"Confections";"Product WUXYK";"SKU-0062";"20";"49.30";"0.000";"986.00";"170.88";"3633.88"
"ORD-10719";"2007-10-27 07:00:00";"delivered";"Krishna";"Sunkammurali";"krishna.sunkammurali@example.com";"Meat/Poultry";"Product QAQRL";"SKU-0054";"40";"7.45";"0.250";"223.50";"51.44";"895.69"
"ORD-10718";"2007-10-27 07:00:00";"delivered";"Lolan";"Song";"lolan.song@example.com";"Dairy Product";"Product OSFNS";"SKU-0012";"36";"38.00";"0.000";"1368.00";"170.88";"3633.88"
"ORD-10719";"2007-10-27 07:00:00";"delivered";"Krishna";"Sunkammurali";"krishna.sunkammurali@example.com";"Seafood";"Product CKEDC";"SKU-0018";"12";"62.50";"0.250";"562.50";"51.44";"895.69"
"ORD-10718";"2007-10-27 07:00:00";"delivered";"Lolan";"Song";"lolan.song@example.com";"Seafood";"Product GMKIJ";"SKU-0036";"40";"19.00";"0.000";"760.00";"170.88";"3633.88"
"ORD-10719";"2007-10-27 07:00:00";"delivered";"Krishna";"Sunkammurali";"krishna.sunkammurali@example.com";"Seafood";"Product LYERX";"SKU-0030";"3";"25.89";"0.250";"58.25";"51.44";"895.69"
"ORD-10718";"2007-10-27 07:00:00";"delivered";"Lolan";"Song";"lolan.song@example.com";"Confections";"Product PAFRH";"SKU-0016";"20";"17.45";"0.000";"349.00";"170.88";"3633.88"
"ORD-10716";"2007-10-24 07:00:00";"delivered";"Lawrie";"Gaffney";"lawrie.gaffney@example.com";"Produce";"Product APITJ";"SKU-0051";"7";"53.00";"0.000";"371.00";"22.57";"728.57"
"ORD-10717";"2007-10-24 07:00:00";"delivered";"Jason";"Carlson";"jason.carlson@example.com";"Dairy Product";"Product COAXA";"SKU-0069";"25";"36.00";"0.050";"855.00";"59.25";"1330.00"
"ORD-10716";"2007-10-24 07:00:00";"delivered";"Lawrie";"Gaffney";"lawrie.gaffney@example.com";"Confections";"Product VJZZH";"SKU-0021";"5";"10.00";"0.000";"50.00";"22.57";"728.57"
"ORD-10717";"2007-10-24 07:00:00";"delivered";"Jason";"Carlson";"jason.carlson@example.com";"Meat/Poultry";"Product QAQRL";"SKU-0054";"15";"7.45";"0.000";"111.75";"59.25";"1330.00"
"ORD-10717";"2007-10-24 07:00:00";"delivered";"Jason";"Carlson";"jason.carlson@example.com";"Confections";"Product VJZZH";"SKU-0021";"32";"10.00";"0.050";"304.00";"59.25";"1330.00"
"ORD-10716";"2007-10-24 07:00:00";"delivered";"Lawrie";"Gaffney";"lawrie.gaffney@example.com";"Condiments";"Product XYZPE";"SKU-0061";"10";"28.50";"0.000";"285.00";"22.57";"728.57"
"ORD-10715";"2007-10-23 07:00:00";"delivered";"Amritansh";"Raghav";"amritansh.raghav@example.com";"Dairy Product";"Product MYMOI";"SKU-0071";"30";"21.50";"0.000";"645.00";"63.20";"1359.20"
"ORD-10715";"2007-10-23 07:00:00";"delivered";"Amritansh";"Raghav";"amritansh.raghav@example.com";"Seafood";"Product YHXGE";"SKU-0010";"21";"31.00";"0.000";"651.00";"63.20";"1359.20"
"ORD-10713";"2007-10-22 07:00:00";"delivered";"Tomás";"Navarro";"tomas.navarro@example.com";"Seafood";"Product CBRRL";"SKU-0046";"24";"12.00";"0.000";"288.00";"167.05";"2994.95"
"ORD-10714";"2007-10-22 07:00:00";"delivered";"Tomás";"Navarro";"tomas.navarro@example.com";"Seafood";"Product ACRVI";"SKU-0058";"12";"13.25";"0.250";"119.25";"24.49";"2230.24"
"ORD-10713";"2007-10-22 07:00:00";"delivered";"Tomás";"Navarro";"tomas.navarro@example.com";"Seafood";"Product YHXGE";"SKU-0010";"18";"31.00";"0.000";"558.00";"167.05";"2994.95"
"ORD-10714";"2007-10-22 07:00:00";"delivered";"Tomás";"Navarro";"tomas.navarro@example.com";"Beverages";"Product RECZE";"SKU-0002";"30";"19.00";"0.250";"427.50";"24.49";"2230.24"
"ORD-10713";"2007-10-22 07:00:00";"delivered";"Tomás";"Navarro";"tomas.navarro@example.com";"Confections";"Product HLGZA";"SKU-0026";"30";"31.23";"0.000";"936.90";"167.05";"2994.95"
"ORD-10714";"2007-10-22 07:00:00";"delivered";"Tomás";"Navarro";"tomas.navarro@example.com";"Grains/Cereals";"Product VKCMF";"SKU-0056";"18";"38.00";"0.250";"513.00";"24.49";"2230.24"
"ORD-10714";"2007-10-22 07:00:00";"delivered";"Tomás";"Navarro";"tomas.navarro@example.com";"Meat/Poultry";"Product BLCAX";"SKU-0017";"27";"39.00";"0.250";"789.75";"24.49";"2230.24"
"ORD-10714";"2007-10-22 07:00:00";"delivered";"Tomás";"Navarro";"tomas.navarro@example.com";"Confections";"Product EZZPR";"SKU-0047";"50";"9.50";"0.250";"356.25";"24.49";"2230.24"
"ORD-10713";"2007-10-22 07:00:00";"delivered";"Tomás";"Navarro";"tomas.navarro@example.com";"Seafood";"Product AQOKR";"SKU-0045";"110";"9.50";"0.000";"1045.00";"167.05";"2994.95"
"ORD-10711";"2007-10-21 07:00:00";"delivered";"Tomás";"Navarro";"tomas.navarro@example.com";"Confections";"Product XKXDO";"SKU-0019";"12";"9.20";"0.000";"110.40";"52.41";"4504.11"
"ORD-10711";"2007-10-21 07:00:00";"delivered";"Tomás";"Navarro";"tomas.navarro@example.com";"Seafood";"Product TTEEX";"SKU-0041";"42";"9.65";"0.000";"405.30";"52.41";"4504.11"
"ORD-10712";"2007-10-21 07:00:00";"delivered";"Ovidiu V.";"Craciun";"ovidiuv.craciun@example.com";"Grains/Cereals";"Product VKCMF";"SKU-0056";"30";"38.00";"0.000";"1140.00";"89.93";"1323.41"
"ORD-10711";"2007-10-21 07:00:00";"delivered";"Tomás";"Navarro";"tomas.navarro@example.com";"Meat/Poultry";"Product BKGEA";"SKU-0053";"120";"32.80";"0.000";"3936.00";"52.41";"4504.11"
"ORD-10712";"2007-10-21 07:00:00";"delivered";"Ovidiu V.";"Craciun";"ovidiuv.craciun@example.com";"Meat/Poultry";"Product BKGEA";"SKU-0053";"3";"32.80";"0.050";"93.48";"89.93";"1323.41"
"ORD-10710";"2007-10-20 07:00:00";"delivered";"Martin";"Schmöllerl";"martin.schmollerl@example.com";"Confections";"Product XKXDO";"SKU-0019";"5";"9.20";"0.000";"46.00";"4.98";"98.48"
"ORD-10710";"2007-10-20 07:00:00";"delivered";"Martin";"Schmöllerl";"martin.schmollerl@example.com";"Confections";"Product EZZPR";"SKU-0047";"5";"9.50";"0.000";"47.50";"4.98";"98.48"
"ORD-10708";"2007-10-17 07:00:00";"delivered";"Cristian";"Osorio";"cristian.osorio@example.com";"Condiments";"Product EPEIM";"SKU-0005";"4";"21.35";"0.000";"85.40";"2.96";"183.36"
"ORD-10709";"2007-10-17 07:00:00";"delivered";"Yao-Qiang";"Cheng";"yaoqiang.cheng@example.com";"Condiments";"Product WVJFP";"SKU-0008";"40";"40.00";"0.000";"1600.00";"210.80";"3634.80"
"ORD-10708";"2007-10-17 07:00:00";"delivered";"Cristian";"Osorio";"cristian.osorio@example.com";"Seafood";"Product GMKIJ";"SKU-0036";"5";"19.00";"0.000";"95.00";"2.96";"183.36"
"ORD-10709";"2007-10-17 07:00:00";"delivered";"Yao-Qiang";"Cheng";"yaoqiang.cheng@example.com";"Dairy Product";"Product WHBYK";"SKU-0060";"10";"34.00";"0.000";"340.00";"210.80";"3634.80"
"ORD-10709";"2007-10-17 07:00:00";"delivered";"Yao-Qiang";"Cheng";"yaoqiang.cheng@example.com";"Produce";"Product APITJ";"SKU-0051";"28";"53.00";"0.000";"1484.00";"210.80";"3634.80"
"ORD-10707";"2007-10-16 07:00:00";"delivered";"Torsten";"Arndt";"torsten.arndt@example.com";"Beverages";"Product TOONT";"SKU-0070";"28";"15.00";"0.150";"357.00";"21.74";"1662.74"
"ORD-10706";"2007-10-16 07:00:00";"delivered";"Anja";"Egelund-Muller";"anja.egelundmuller@example.com";"Dairy Product";"Product UKXRI";"SKU-0059";"8";"55.00";"0.000";"440.00";"135.63";"2028.63"
"ORD-10706";"2007-10-16 07:00:00";"delivered";"Anja";"Egelund-Muller";"anja.egelundmuller@example.com";"Beverages";"Product ZZZHR";"SKU-0043";"24";"46.00";"0.000";"1104.00";"135.63";"2028.63"
"ORD-10707";"2007-10-16 07:00:00";"delivered";"Torsten";"Arndt";"torsten.arndt@example.com";"Grains/Cereals";"Product OVLQI";"SKU-0057";"40";"19.50";"0.000";"780.00";"21.74";"1662.74"
"ORD-10706";"2007-10-16 07:00:00";"delivered";"Anja";"Egelund-Muller";"anja.egelundmuller@example.com";"Confections";"Product PAFRH";"SKU-0016";"20";"17.45";"0.000";"349.00";"135.63";"2028.63"
"ORD-10707";"2007-10-16 07:00:00";"delivered";"Torsten";"Arndt";"torsten.arndt@example.com";"Meat/Poultry";"Product YYWRT";"SKU-0055";"21";"24.00";"0.000";"504.00";"21.74";"1662.74"
"ORD-10705";"2007-10-15 07:00:00";"delivered";"Kris";"Langohr";"kris.langohr@example.com";"Dairy Product";"Product NUNAW";"SKU-0032";"4";"32.00";"0.000";"128.00";"3.52";"381.52"
"ORD-10705";"2007-10-15 07:00:00";"delivered";"Kris";"Langohr";"kris.langohr@example.com";"Dairy Product";"Product XWOXC";"SKU-0031";"20";"12.50";"0.000";"250.00";"3.52";"381.52"
"ORD-10703";"2007-10-14 07:00:00";"delivered";"Patricia";"San Juan";"patricia.sanjuan@example.com";"Seafood";"Product WEUJZ";"SKU-0073";"35";"15.00";"0.000";"525.00";"152.30";"2697.30"
"ORD-10703";"2007-10-14 07:00:00";"delivered";"Patricia";"San Juan";"patricia.sanjuan@example.com";"Dairy Product";"Product UKXRI";"SKU-0059";"35";"55.00";"0.000";"1925.00";"152.30";"2697.30"
"ORD-10703";"2007-10-14 07:00:00";"delivered";"Patricia";"San Juan";"patricia.sanjuan@example.com";"Beverages";"Product RECZE";"SKU-0002";"5";"19.00";"0.000";"95.00";"152.30";"2697.30"
"ORD-10704";"2007-10-14 07:00:00";"delivered";"Anna";"Misiec";"anna.misiec@example.com";"Condiments";"Product KSBRM";"SKU-0004";"6";"22.00";"0.000";"132.00";"4.78";"600.28"
"ORD-10704";"2007-10-14 07:00:00";"delivered";"Anna";"Misiec";"anna.misiec@example.com";"Confections";"Product MYNXN";"SKU-0048";"24";"12.75";"0.000";"306.00";"4.78";"600.28"
"ORD-10704";"2007-10-14 07:00:00";"delivered";"Anna";"Misiec";"anna.misiec@example.com";"Beverages";"Product QOGNU";"SKU-0024";"35";"4.50";"0.000";"157.50";"4.78";"600.28"
"ORD-10701";"2007-10-13 07:00:00";"delivered";"Ovidiu V.";"Craciun";"ovidiuv.craciun@example.com";"Dairy Product";"Product UKXRI";"SKU-0059";"42";"55.00";"0.150";"1963.50";"220.31";"3084.81"
"ORD-10701";"2007-10-13 07:00:00";"delivered";"Ovidiu V.";"Craciun";"ovidiuv.craciun@example.com";"Dairy Product";"Product MYMOI";"SKU-0071";"20";"21.50";"0.150";"365.50";"220.31";"3084.81"
"ORD-10702";"2007-10-13 07:00:00";"delivered";"Michael";"Allen";"michael.allen@example.com";"Condiments";"Product IMEHJ";"SKU-0003";"6";"10.00";"0.000";"60.00";"23.94";"353.94"
"ORD-10701";"2007-10-13 07:00:00";"delivered";"Ovidiu V.";"Craciun";"ovidiuv.craciun@example.com";"Beverages";"Product JYGFE";"SKU-0076";"35";"18.00";"0.150";"535.50";"220.31";"3084.81"
"ORD-10702";"2007-10-13 07:00:00";"delivered";"Michael";"Allen";"michael.allen@example.com";"Beverages";"Product JYGFE";"SKU-0076";"15";"18.00";"0.000";"270.00";"23.94";"353.94"
"ORD-10700";"2007-10-10 07:00:00";"delivered";"Tomás";"Navarro";"tomas.navarro@example.com";"Beverages";"Product SWNJY";"SKU-0034";"12";"14.00";"0.200";"134.40";"65.10";"1703.50"
"ORD-10700";"2007-10-10 07:00:00";"delivered";"Tomás";"Navarro";"tomas.navarro@example.com";"Beverages";"Product HHYDP";"SKU-0001";"5";"18.00";"0.200";"72.00";"65.10";"1703.50"
"ORD-10700";"2007-10-10 07:00:00";"delivered";"Tomás";"Navarro";"tomas.navarro@example.com";"Confections";"Product TBTBL";"SKU-0068";"40";"12.50";"0.200";"400.00";"65.10";"1703.50"
"ORD-10700";"2007-10-10 07:00:00";"delivered";"Tomás";"Navarro";"tomas.navarro@example.com";"Dairy Product";"Product MYMOI";"SKU-0071";"60";"21.50";"0.200";"1032.00";"65.10";"1703.50"
"ORD-10698";"2007-10-09 07:00:00";"delivered";"John";"Kane";"john.kane@example.com";"Beverages";"Product TOONT";"SKU-0070";"8";"15.00";"0.050";"114.00";"272.47";"3708.92"
"ORD-10698";"2007-10-09 07:00:00";"delivered";"John";"Kane";"john.kane@example.com";"Dairy Product";"Product QMVUN";"SKU-0011";"15";"21.00";"0.000";"315.00";"272.47";"3708.92"
"ORD-10698";"2007-10-09 07:00:00";"delivered";"John";"Kane";"john.kane@example.com";"Condiments";"Product XYWBZ";"SKU-0065";"65";"21.05";"0.050";"1299.84";"272.47";"3708.92"
"ORD-10699";"2007-10-09 07:00:00";"delivered";"Patrice";"Dupont-Roc";"patrice.dupontroc@example.com";"Confections";"Product EZZPR";"SKU-0047";"12";"9.50";"0.000";"114.00";"0.58";"114.58"
"ORD-10698";"2007-10-09 07:00:00";"delivered";"John";"Kane";"john.kane@example.com";"Meat/Poultry";"Product VJXYN";"SKU-0029";"12";"123.79";"0.050";"1411.21";"272.47";"3708.92"
"ORD-10698";"2007-10-09 07:00:00";"delivered";"John";"Kane";"john.kane@example.com";"Meat/Poultry";"Product BLCAX";"SKU-0017";"8";"39.00";"0.050";"296.40";"272.47";"3708.92"
"ORD-10697";"2007-10-08 07:00:00";"delivered";"Cornel";"Lupu";"cornel.lupu@example.com";"Seafood";"Product ACRVI";"SKU-0058";"30";"13.25";"0.250";"298.13";"45.52";"850.95"
"ORD-10697";"2007-10-08 07:00:00";"delivered";"Cornel";"Lupu";"cornel.lupu@example.com";"Beverages";"Product NEVTJ";"SKU-0035";"9";"18.00";"0.250";"121.50";"45.52";"850.95"
"ORD-10697";"2007-10-08 07:00:00";"delivered";"Cornel";"Lupu";"cornel.lupu@example.com";"Confections";"Product XKXDO";"SKU-0019";"7";"9.20";"0.250";"48.30";"45.52";"850.95"
"ORD-10696";"2007-10-08 07:00:00";"delivered";"Ronaldo";"Smith Jr.";"ronaldo.smithjr@example.com";"Meat/Poultry";"Product BLCAX";"SKU-0017";"20";"39.00";"0.000";"780.00";"102.55";"1098.55"
"ORD-10696";"2007-10-08 07:00:00";"delivered";"Ronaldo";"Smith Jr.";"ronaldo.smithjr@example.com";"Seafood";"Product CBRRL";"SKU-0046";"18";"12.00";"0.000";"216.00";"102.55";"1098.55"
"ORD-10697";"2007-10-08 07:00:00";"delivered";"Cornel";"Lupu";"cornel.lupu@example.com";"Beverages";"Product TOONT";"SKU-0070";"30";"15.00";"0.250";"337.50";"45.52";"850.95"
"ORD-10695";"2007-10-07 07:00:00";"delivered";"Katarina";"Larsson";"katarina.larsson@example.com";"Dairy Product";"Product OSFNS";"SKU-0012";"4";"38.00";"0.000";"152.00";"16.72";"658.72"
"ORD-10695";"2007-10-07 07:00:00";"delivered";"Katarina";"Larsson";"katarina.larsson@example.com";"Condiments";"Product WVJFP";"SKU-0008";"10";"40.00";"0.000";"400.00";"16.72";"658.72"
"ORD-10695";"2007-10-07 07:00:00";"delivered";"Katarina";"Larsson";"katarina.larsson@example.com";"Beverages";"Product QOGNU";"SKU-0024";"20";"4.50";"0.000";"90.00";"16.72";"658.72"
"ORD-10693";"2007-10-06 07:00:00";"delivered";"Ronaldo";"Smith Jr.";"ronaldo.smithjr@example.com";"Meat/Poultry";"Product QAQRL";"SKU-0054";"60";"7.45";"0.150";"379.95";"139.34";"2210.54"
"ORD-10693";"2007-10-06 07:00:00";"delivered";"Ronaldo";"Smith Jr.";"ronaldo.smithjr@example.com";"Seafood";"Product WEUJZ";"SKU-0073";"15";"15.00";"0.150";"191.25";"139.34";"2210.54"
"ORD-10694";"2007-10-06 07:00:00";"delivered";"Giorgio";"Veronesi";"giorgio.veronesi@example.com";"Produce";"Product HMLNI";"SKU-0007";"90";"30.00";"0.000";"2700.00";"398.36";"5223.36"
"ORD-10694";"2007-10-06 07:00:00";"delivered";"Giorgio";"Veronesi";"giorgio.veronesi@example.com";"Beverages";"Product TOONT";"SKU-0070";"50";"15.00";"0.000";"750.00";"398.36";"5223.36"
"ORD-10694";"2007-10-06 07:00:00";"delivered";"Giorgio";"Veronesi";"giorgio.veronesi@example.com";"Dairy Product";"Product UKXRI";"SKU-0059";"25";"55.00";"0.000";"1375.00";"398.36";"5223.36"
"ORD-10693";"2007-10-06 07:00:00";"delivered";"Ronaldo";"Smith Jr.";"ronaldo.smithjr@example.com";"Meat/Poultry";"Product AOZBW";"SKU-0009";"6";"97.00";"0.000";"582.00";"139.34";"2210.54"
"ORD-10693";"2007-10-06 07:00:00";"delivered";"Ronaldo";"Smith Jr.";"ronaldo.smithjr@example.com";"Dairy Product";"Product COAXA";"SKU-0069";"30";"36.00";"0.150";"918.00";"139.34";"2210.54"
"ORD-10691";"2007-10-03 07:00:00";"delivered";"Giorgio";"Veronesi";"giorgio.veronesi@example.com";"Beverages";"Product ZZZHR";"SKU-0043";"40";"46.00";"0.000";"1840.00";"810.05";"10974.85"
"ORD-10691";"2007-10-03 07:00:00";"delivered";"Giorgio";"Veronesi";"giorgio.veronesi@example.com";"Beverages";"Product HHYDP";"SKU-0001";"30";"18.00";"0.000";"540.00";"810.05";"10974.85"
"ORD-10691";"2007-10-03 07:00:00";"delivered";"Giorgio";"Veronesi";"giorgio.veronesi@example.com";"Meat/Poultry";"Product VJXYN";"SKU-0029";"40";"123.79";"0.000";"4951.60";"810.05";"10974.85"
"ORD-10692";"2007-10-03 07:00:00";"delivered";"Michael";"Allen";"michael.allen@example.com";"Condiments";"Product ICKNK";"SKU-0063";"20";"43.90";"0.000";"878.00";"61.02";"939.02"
"ORD-10691";"2007-10-03 07:00:00";"delivered";"Giorgio";"Veronesi";"giorgio.veronesi@example.com";"Confections";"Product WUXYK";"SKU-0062";"48";"49.30";"0.000";"2366.40";"810.05";"10974.85"
"ORD-10691";"2007-10-03 07:00:00";"delivered";"Giorgio";"Veronesi";"giorgio.veronesi@example.com";"Condiments";"Product VJIEO";"SKU-0044";"24";"19.45";"0.000";"466.80";"810.05";"10974.85"
"ORD-10690";"2007-10-02 07:00:00";"delivered";"Shy";"Cohen";"shy.cohen@example.com";"Condiments";"Product LUNZZ";"SKU-0077";"30";"13.00";"0.250";"292.50";"15.80";"878.30"
"ORD-10690";"2007-10-02 07:00:00";"delivered";"Shy";"Cohen";"shy.cohen@example.com";"Grains/Cereals";"Product VKCMF";"SKU-0056";"20";"38.00";"0.250";"570.00";"15.80";"878.30"
"ORD-10688";"2007-10-01 07:00:00";"delivered";"Karl";"Fonteneau";"karl.fonteneau@example.com";"Produce";"Product OFBNT";"SKU-0028";"60";"45.60";"0.100";"2462.40";"299.09";"3459.69"
"ORD-10688";"2007-10-01 07:00:00";"delivered";"Karl";"Fonteneau";"karl.fonteneau@example.com";"Seafood";"Product YHXGE";"SKU-0010";"18";"31.00";"0.100";"502.20";"299.09";"3459.69"
"ORD-10689";"2007-10-01 07:00:00";"delivered";"Tom";"Higginbotham";"tom.higginbotham@example.com";"Beverages";"Product HHYDP";"SKU-0001";"35";"18.00";"0.250";"472.50";"13.42";"485.92"
"ORD-10688";"2007-10-01 07:00:00";"delivered";"Karl";"Fonteneau";"karl.fonteneau@example.com";"Beverages";"Product SWNJY";"SKU-0034";"14";"14.00";"0.000";"196.00";"299.09";"3459.69"
"ORD-10686";"2007-09-30 07:00:00";"delivered";"Tosh";"Meston";"tosh.meston@example.com";"Confections";"Product HLGZA";"SKU-0026";"15";"31.23";"0.000";"468.45";"96.50";"1500.95"
"ORD-10687";"2007-09-30 07:00:00";"delivered";"Ovidiu V.";"Craciun";"ovidiuv.craciun@example.com";"Meat/Poultry";"Product VJXYN";"SKU-0029";"10";"123.79";"0.000";"1237.90";"296.43";"5257.33"
"ORD-10687";"2007-09-30 07:00:00";"delivered";"Ovidiu V.";"Craciun";"ovidiuv.craciun@example.com";"Seafood";"Product GMKIJ";"SKU-0036";"6";"19.00";"0.250";"85.50";"296.43";"5257.33"
"ORD-10686";"2007-09-30 07:00:00";"delivered";"Tosh";"Meston";"tosh.meston@example.com";"Meat/Poultry";"Product BLCAX";"SKU-0017";"30";"39.00";"0.200";"936.00";"96.50";"1500.95"
"ORD-10687";"2007-09-30 07:00:00";"delivered";"Ovidiu V.";"Craciun";"ovidiuv.craciun@example.com";"Meat/Poultry";"Product AOZBW";"SKU-0009";"50";"97.00";"0.250";"3637.50";"296.43";"5257.33"
"ORD-10685";"2007-09-29 07:00:00";"delivered";"Yao-Qiang";"Cheng";"yaoqiang.cheng@example.com";"Seafood";"Product YHXGE";"SKU-0010";"20";"31.00";"0.000";"620.00";"33.75";"834.85"
"ORD-10685";"2007-09-29 07:00:00";"delivered";"Yao-Qiang";"Cheng";"yaoqiang.cheng@example.com";"Seafood";"Product TTEEX";"SKU-0041";"4";"9.65";"0.000";"38.60";"33.75";"834.85"
"ORD-10685";"2007-09-29 07:00:00";"delivered";"Yao-Qiang";"Cheng";"yaoqiang.cheng@example.com";"Confections";"Product EZZPR";"SKU-0047";"15";"9.50";"0.000";"142.50";"33.75";"834.85"
"ORD-10684";"2007-09-26 07:00:00";"delivered";"Nadejda";"Marinova";"nadejda.marinova@example.com";"Seafood";"Product YZIXQ";"SKU-0040";"20";"18.40";"0.000";"368.00";"145.63";"1913.63"
"ORD-10684";"2007-09-26 07:00:00";"delivered";"Nadejda";"Marinova";"nadejda.marinova@example.com";"Confections";"Product EZZPR";"SKU-0047";"40";"9.50";"0.000";"380.00";"145.63";"1913.63"
"ORD-10684";"2007-09-26 07:00:00";"delivered";"Nadejda";"Marinova";"nadejda.marinova@example.com";"Dairy Product";"Product WHBYK";"SKU-0060";"30";"34.00";"0.000";"1020.00";"145.63";"1913.63"
"ORD-10683";"2007-09-26 07:00:00";"delivered";"Arif";"Rizaldy";"arif.rizaldy@example.com";"Grains/Cereals";"Product QSRXF";"SKU-0052";"9";"7.00";"0.000";"63.00";"4.40";"67.40"
"ORD-10681";"2007-09-25 07:00:00";"delivered";"Venky";"Krishnan";"venky.krishnan@example.com";"Confections";"Product VJZZH";"SKU-0021";"12";"10.00";"0.100";"108.00";"76.13";"1363.53"
"ORD-10681";"2007-09-25 07:00:00";"delivered";"Venky";"Krishnan";"venky.krishnan@example.com";"Confections";"Product XKXDO";"SKU-0019";"30";"9.20";"0.100";"248.40";"76.13";"1363.53"
"ORD-10681";"2007-09-25 07:00:00";"delivered";"Venky";"Krishnan";"venky.krishnan@example.com";"Grains/Cereals";"Product HCQDE";"SKU-0064";"28";"33.25";"0.000";"931.00";"76.13";"1363.53"
"ORD-10682";"2007-09-25 07:00:00";"delivered";"John";"Peoples";"john.peoples@example.com";"Beverages";"Product BWRLG";"SKU-0075";"30";"7.75";"0.000";"232.50";"36.13";"411.63"
"ORD-10682";"2007-09-25 07:00:00";"delivered";"John";"Peoples";"john.peoples@example.com";"Condiments";"Product LQMGN";"SKU-0066";"4";"17.00";"0.000";"68.00";"36.13";"411.63"
"ORD-10682";"2007-09-25 07:00:00";"delivered";"John";"Peoples";"john.peoples@example.com";"Dairy Product";"Product ASTMN";"SKU-0033";"30";"2.50";"0.000";"75.00";"36.13";"411.63"
"ORD-10680";"2007-09-24 07:00:00";"delivered";"Anja";"Egelund-Muller";"anja.egelundmuller@example.com";"Dairy Product";"Product XWOXC";"SKU-0031";"20";"12.50";"0.250";"187.50";"26.61";"1288.49"
"ORD-10680";"2007-09-24 07:00:00";"delivered";"Anja";"Egelund-Muller";"anja.egelundmuller@example.com";"Grains/Cereals";"Product RJVNM";"SKU-0042";"40";"14.00";"0.250";"420.00";"26.61";"1288.49"
"ORD-10680";"2007-09-24 07:00:00";"delivered";"Anja";"Egelund-Muller";"anja.egelundmuller@example.com";"Confections";"Product PAFRH";"SKU-0016";"50";"17.45";"0.250";"654.38";"26.61";"1288.49"
"ORD-10678";"2007-09-23 07:00:00";"delivered";"Tomás";"Navarro";"tomas.navarro@example.com";"Dairy Product";"Product OSFNS";"SKU-0012";"100";"38.00";"0.000";"3800.00";"388.98";"5645.48"
"ORD-10678";"2007-09-23 07:00:00";"delivered";"Tomás";"Navarro";"tomas.navarro@example.com";"Seafood";"Product TTEEX";"SKU-0041";"120";"9.65";"0.000";"1158.00";"388.98";"5645.48"
"ORD-10678";"2007-09-23 07:00:00";"delivered";"Tomás";"Navarro";"tomas.navarro@example.com";"Dairy Product";"Product ASTMN";"SKU-0033";"30";"2.50";"0.000";"75.00";"388.98";"5645.48"
"ORD-10679";"2007-09-23 07:00:00";"delivered";"Dushyant";"Bansal";"dushyant.bansal@example.com";"Dairy Product";"Product UKXRI";"SKU-0059";"12";"55.00";"0.000";"660.00";"27.94";"687.94"
"ORD-10678";"2007-09-23 07:00:00";"delivered";"Tomás";"Navarro";"tomas.navarro@example.com";"Meat/Poultry";"Product QAQRL";"SKU-0054";"30";"7.45";"0.000";"223.50";"388.98";"5645.48"
"ORD-10677";"2007-09-22 07:00:00";"delivered";"John";"Peoples";"john.peoples@example.com";"Confections";"Product HLGZA";"SKU-0026";"30";"31.23";"0.150";"796.37";"4.03";"817.40"
"ORD-10677";"2007-09-22 07:00:00";"delivered";"John";"Peoples";"john.peoples@example.com";"Dairy Product";"Product ASTMN";"SKU-0033";"8";"2.50";"0.150";"17.00";"4.03";"817.40"
"ORD-10676";"2007-09-22 07:00:00";"delivered";"Jens";"Geschwandtner";"jens.geschwandtner@example.com";"Condiments";"Product VJIEO";"SKU-0044";"21";"19.45";"0.000";"408.45";"2.01";"536.86"
"ORD-10676";"2007-09-22 07:00:00";"delivered";"Jens";"Geschwandtner";"jens.geschwandtner@example.com";"Confections";"Product XKXDO";"SKU-0019";"7";"9.20";"0.000";"64.40";"2.01";"536.86"
"ORD-10676";"2007-09-22 07:00:00";"delivered";"Jens";"Geschwandtner";"jens.geschwandtner@example.com";"Seafood";"Product YHXGE";"SKU-0010";"2";"31.00";"0.000";"62.00";"2.01";"536.86"
"ORD-10675";"2007-09-19 07:00:00";"delivered";"Jason";"Carlson";"jason.carlson@example.com";"Seafood";"Product ACRVI";"SKU-0058";"30";"13.25";"0.000";"397.50";"31.85";"1454.85"
"ORD-10675";"2007-09-19 07:00:00";"delivered";"Jason";"Carlson";"jason.carlson@example.com";"Produce";"Product PWCJB";"SKU-0014";"30";"23.25";"0.000";"697.50";"31.85";"1454.85"
"ORD-10675";"2007-09-19 07:00:00";"delivered";"Jason";"Carlson";"jason.carlson@example.com";"Meat/Poultry";"Product BKGEA";"SKU-0053";"10";"32.80";"0.000";"328.00";"31.85";"1454.85"
"ORD-10673";"2007-09-18 07:00:00";"delivered";"Katarina";"Larsson";"katarina.larsson@example.com";"Beverages";"Product ZZZHR";"SKU-0043";"6";"46.00";"0.000";"276.00";"22.76";"435.11"
"ORD-10674";"2007-09-18 07:00:00";"delivered";"Frank";"Lee";"frank.lee@example.com";"Grains/Cereals";"Product JLUDZ";"SKU-0023";"5";"9.00";"0.000";"45.00";"0.90";"45.90"
"ORD-10673";"2007-09-18 07:00:00";"delivered";"Katarina";"Larsson";"katarina.larsson@example.com";"Grains/Cereals";"Product RJVNM";"SKU-0042";"6";"14.00";"0.000";"84.00";"22.76";"435.11"
"ORD-10673";"2007-09-18 07:00:00";"delivered";"Katarina";"Larsson";"katarina.larsson@example.com";"Confections";"Product PAFRH";"SKU-0016";"3";"17.45";"0.000";"52.35";"22.76";"435.11"
"ORD-10671";"2007-09-17 07:00:00";"delivered";"Paul";"Koch";"paul.koch@example.com";"Condiments";"Product XYWBZ";"SKU-0065";"12";"21.05";"0.000";"252.60";"30.34";"950.44"
"ORD-10671";"2007-09-17 07:00:00";"delivered";"Paul";"Koch";"paul.koch@example.com";"Confections";"Product PAFRH";"SKU-0016";"10";"17.45";"0.000";"174.50";"30.34";"950.44"
"ORD-10672";"2007-09-17 07:00:00";"delivered";"Tom";"Higginbotham";"tom.higginbotham@example.com";"Beverages";"Product QDOMO";"SKU-0038";"15";"263.50";"0.100";"3557.25";"95.75";"3911.00"
"ORD-10672";"2007-09-17 07:00:00";"delivered";"Tom";"Higginbotham";"tom.higginbotham@example.com";"Dairy Product";"Product MYMOI";"SKU-0071";"12";"21.50";"0.000";"258.00";"95.75";"3911.00"
"ORD-10671";"2007-09-17 07:00:00";"delivered";"Paul";"Koch";"paul.koch@example.com";"Confections";"Product WUXYK";"SKU-0062";"10";"49.30";"0.000";"493.00";"30.34";"950.44"
"ORD-10670";"2007-09-16 07:00:00";"delivered";"Jason";"Carlson";"jason.carlson@example.com";"Grains/Cereals";"Product JLUDZ";"SKU-0023";"32";"9.00";"0.000";"288.00";"203.48";"2505.23"
"ORD-10670";"2007-09-16 07:00:00";"delivered";"Jason";"Carlson";"jason.carlson@example.com";"Beverages";"Product BWRLG";"SKU-0075";"25";"7.75";"0.000";"193.75";"203.48";"2505.23"
"ORD-10670";"2007-09-16 07:00:00";"delivered";"Jason";"Carlson";"jason.carlson@example.com";"Beverages";"Product XLXQF";"SKU-0067";"25";"14.00";"0.000";"350.00";"203.48";"2505.23"
"ORD-10670";"2007-09-16 07:00:00";"delivered";"Jason";"Carlson";"jason.carlson@example.com";"Seafood";"Product CBRRL";"SKU-0046";"60";"12.00";"0.000";"720.00";"203.48";"2505.23"
"ORD-10670";"2007-09-16 07:00:00";"delivered";"Jason";"Carlson";"jason.carlson@example.com";"Seafood";"Product WEUJZ";"SKU-0073";"50";"15.00";"0.000";"750.00";"203.48";"2505.23"
"ORD-10669";"2007-09-15 07:00:00";"delivered";"Nuria";"Gonzalez";"nuria.gonzalez@example.com";"Seafood";"Product GMKIJ";"SKU-0036";"30";"19.00";"0.000";"570.00";"24.39";"594.39"
"ORD-10668";"2007-09-15 07:00:00";"delivered";"Manoj";"Syamala";"manoj.syamala@example.com";"Dairy Product";"Product XWOXC";"SKU-0031";"8";"12.50";"0.100";"90.00";"47.22";"672.50"
"ORD-10668";"2007-09-15 07:00:00";"delivered";"Manoj";"Syamala";"manoj.syamala@example.com";"Grains/Cereals";"Product HCQDE";"SKU-0064";"15";"33.25";"0.100";"448.88";"47.22";"672.50"
"ORD-10668";"2007-09-15 07:00:00";"delivered";"Manoj";"Syamala";"manoj.syamala@example.com";"Meat/Poultry";"Product YYWRT";"SKU-0055";"4";"24.00";"0.100";"86.40";"47.22";"672.50"
"ORD-10666";"2007-09-12 07:00:00";"delivered";"Jacek";"Myrcha";"jacek.myrcha@example.com";"Meat/Poultry";"Product VJXYN";"SKU-0029";"36";"123.79";"0.000";"4456.44";"232.42";"4899.36"
"ORD-10666";"2007-09-12 07:00:00";"delivered";"Jacek";"Myrcha";"jacek.myrcha@example.com";"Condiments";"Product XYWBZ";"SKU-0065";"10";"21.05";"0.000";"210.50";"232.42";"4899.36"
"ORD-10667";"2007-09-12 07:00:00";"delivered";"John";"Kane";"john.kane@example.com";"Dairy Product";"Product MYMOI";"SKU-0071";"14";"21.50";"0.200";"240.80";"78.09";"1614.89"
"ORD-10667";"2007-09-12 07:00:00";"delivered";"John";"Kane";"john.kane@example.com";"Dairy Product";"Product COAXA";"SKU-0069";"45";"36.00";"0.200";"1296.00";"78.09";"1614.89"
"ORD-10665";"2007-09-11 07:00:00";"delivered";"Radoslaw";"Szymczak";"radosaw.szymczak@example.com";"Beverages";"Product JYGFE";"SKU-0076";"10";"18.00";"0.000";"180.00";"26.31";"1321.31"
"ORD-10665";"2007-09-11 07:00:00";"delivered";"Radoslaw";"Szymczak";"radosaw.szymczak@example.com";"Dairy Product";"Product UKXRI";"SKU-0059";"1";"55.00";"0.000";"55.00";"26.31";"1321.31"
"ORD-10665";"2007-09-11 07:00:00";"delivered";"Radoslaw";"Szymczak";"radosaw.szymczak@example.com";"Produce";"Product APITJ";"SKU-0051";"20";"53.00";"0.000";"1060.00";"26.31";"1321.31"
"ORD-10664";"2007-09-10 07:00:00";"delivered";"Giorgio";"Cavaglieri";"giorgio.cavaglieri@example.com";"Condiments";"Product XYWBZ";"SKU-0065";"15";"21.05";"0.150";"268.39";"1.27";"1289.66"
"ORD-10664";"2007-09-10 07:00:00";"delivered";"Giorgio";"Cavaglieri";"giorgio.cavaglieri@example.com";"Grains/Cereals";"Product VKCMF";"SKU-0056";"12";"38.00";"0.150";"387.60";"1.27";"1289.66"
"ORD-10663";"2007-09-10 07:00:00";"delivered";"Amritansh";"Raghav";"amritansh.raghav@example.com";"Grains/Cereals";"Product RJVNM";"SKU-0042";"30";"14.00";"0.050";"399.00";"113.15";"2043.55"
"ORD-10663";"2007-09-10 07:00:00";"delivered";"Amritansh";"Raghav";"amritansh.raghav@example.com";"Produce";"Product APITJ";"SKU-0051";"20";"53.00";"0.050";"1007.00";"113.15";"2043.55"
"ORD-10664";"2007-09-10 07:00:00";"delivered";"Giorgio";"Cavaglieri";"giorgio.cavaglieri@example.com";"Seafood";"Product YHXGE";"SKU-0010";"24";"31.00";"0.150";"632.40";"1.27";"1289.66"
"ORD-10663";"2007-09-10 07:00:00";"delivered";"Amritansh";"Raghav";"amritansh.raghav@example.com";"Seafood";"Product YZIXQ";"SKU-0040";"30";"18.40";"0.050";"524.40";"113.15";"2043.55"
"ORD-10661";"2007-09-09 07:00:00";"delivered";"Ovidiu V.";"Craciun";"ovidiuv.craciun@example.com";"Beverages";"Product LSOFL";"SKU-0039";"3";"18.00";"0.200";"43.20";"17.55";"580.15"
"ORD-10662";"2007-09-09 07:00:00";"delivered";"Radoslaw";"Szymczak";"radosaw.szymczak@example.com";"Confections";"Product TBTBL";"SKU-0068";"10";"12.50";"0.000";"125.00";"1.28";"126.28"
"ORD-10661";"2007-09-09 07:00:00";"delivered";"Ovidiu V.";"Craciun";"ovidiuv.craciun@example.com";"Seafood";"Product ACRVI";"SKU-0058";"49";"13.25";"0.200";"519.40";"17.55";"580.15"
"ORD-10660";"2007-09-08 07:00:00";"delivered";"Denise";"Smith";"denise.smith@example.com";"Confections";"Product QHFFP";"SKU-0020";"21";"81.00";"0.000";"1701.00";"111.29";"1812.29"
"ORD-10659";"2007-09-05 07:00:00";"delivered";"Anna";"Misiec";"anna.misiec@example.com";"Dairy Product";"Product XWOXC";"SKU-0031";"20";"12.50";"0.050";"237.50";"105.81";"1332.83"
"ORD-10658";"2007-09-05 07:00:00";"delivered";"Giorgio";"Veronesi";"giorgio.veronesi@example.com";"Condiments";"Product LUNZZ";"SKU-0077";"70";"13.00";"0.050";"864.50";"364.15";"4828.75"
"ORD-10658";"2007-09-05 07:00:00";"delivered";"Giorgio";"Veronesi";"giorgio.veronesi@example.com";"Dairy Product";"Product WHBYK";"SKU-0060";"55";"34.00";"0.050";"1776.50";"364.15";"4828.75"
"ORD-10658";"2007-09-05 07:00:00";"delivered";"Giorgio";"Veronesi";"giorgio.veronesi@example.com";"Seafood";"Product YZIXQ";"SKU-0040";"70";"18.40";"0.050";"1223.60";"364.15";"4828.75"
"ORD-10659";"2007-09-05 07:00:00";"delivered";"Anna";"Misiec";"anna.misiec@example.com";"Beverages";"Product TOONT";"SKU-0070";"40";"15.00";"0.050";"570.00";"105.81";"1332.83"
"ORD-10659";"2007-09-05 07:00:00";"delivered";"Anna";"Misiec";"anna.misiec@example.com";"Seafood";"Product YZIXQ";"SKU-0040";"24";"18.40";"0.050";"419.52";"105.81";"1332.83"
"ORD-10658";"2007-09-05 07:00:00";"delivered";"Giorgio";"Veronesi";"giorgio.veronesi@example.com";"Confections";"Product VJZZH";"SKU-0021";"60";"10.00";"0.000";"600.00";"364.15";"4828.75"
"ORD-10657";"2007-09-04 07:00:00";"delivered";"Tomás";"Navarro";"tomas.navarro@example.com";"Seafood";"Product TTEEX";"SKU-0041";"24";"9.65";"0.000";"231.60";"352.69";"4724.29"
"ORD-10656";"2007-09-04 07:00:00";"delivered";"Venky";"Krishnan";"venky.krishnan@example.com";"Confections";"Product EZZPR";"SKU-0047";"6";"9.50";"0.100";"51.30";"57.15";"661.37"
"ORD-10656";"2007-09-04 07:00:00";"delivered";"Venky";"Krishnan";"venky.krishnan@example.com";"Produce";"Product PWCJB";"SKU-0014";"3";"23.25";"0.100";"62.78";"57.15";"661.37"
"ORD-10657";"2007-09-04 07:00:00";"delivered";"Tomás";"Navarro";"tomas.navarro@example.com";"Grains/Cereals";"Product VKCMF";"SKU-0056";"45";"38.00";"0.000";"1710.00";"352.69";"4724.29"
"ORD-10657";"2007-09-04 07:00:00";"delivered";"Tomás";"Navarro";"tomas.navarro@example.com";"Confections";"Product EZZPR";"SKU-0047";"10";"9.50";"0.000";"95.00";"352.69";"4724.29"
"ORD-10657";"2007-09-04 07:00:00";"delivered";"Tomás";"Navarro";"tomas.navarro@example.com";"Dairy Product";"Product WHBYK";"SKU-0060";"30";"34.00";"0.000";"1020.00";"352.69";"4724.29"
"ORD-10657";"2007-09-04 07:00:00";"delivered";"Tomás";"Navarro";"tomas.navarro@example.com";"Condiments";"Product KSZOI";"SKU-0015";"50";"15.50";"0.000";"775.00";"352.69";"4724.29"
"ORD-10657";"2007-09-04 07:00:00";"delivered";"Tomás";"Navarro";"tomas.navarro@example.com";"Seafood";"Product CBRRL";"SKU-0046";"45";"12.00";"0.000";"540.00";"352.69";"4724.29"
"ORD-10656";"2007-09-04 07:00:00";"delivered";"Venky";"Krishnan";"venky.krishnan@example.com";"Condiments";"Product VJIEO";"SKU-0044";"28";"19.45";"0.100";"490.14";"57.15";"661.37"
"ORD-10655";"2007-09-03 07:00:00";"delivered";"Florian";"Voss";"florian.voss@example.com";"Seafood";"Product TTEEX";"SKU-0041";"20";"9.65";"0.200";"154.40";"4.41";"158.81"
"ORD-10654";"2007-09-02 07:00:00";"delivered";"Tom";"Higginbotham";"tom.higginbotham@example.com";"Beverages";"Product LSOFL";"SKU-0039";"20";"18.00";"0.100";"324.00";"55.26";"657.09"
"ORD-10653";"2007-09-02 07:00:00";"delivered";"Jason";"Carlson";"jason.carlson@example.com";"Dairy Product";"Product WHBYK";"SKU-0060";"20";"34.00";"0.100";"612.00";"93.25";"1176.40"
"ORD-10653";"2007-09-02 07:00:00";"delivered";"Jason";"Carlson";"jason.carlson@example.com";"Confections";"Product PAFRH";"SKU-0016";"30";"17.45";"0.100";"471.15";"93.25";"1176.40"
"ORD-10654";"2007-09-02 07:00:00";"delivered";"Tom";"Higginbotham";"tom.higginbotham@example.com";"Condiments";"Product KSBRM";"SKU-0004";"12";"22.00";"0.100";"237.60";"55.26";"657.09"
"ORD-10654";"2007-09-02 07:00:00";"delivered";"Tom";"Higginbotham";"tom.higginbotham@example.com";"Meat/Poultry";"Product QAQRL";"SKU-0054";"6";"7.45";"0.100";"40.23";"55.26";"657.09"
"ORD-10651";"2007-09-01 07:00:00";"delivered";"Manoj";"Syamala";"manoj.syamala@example.com";"Grains/Cereals";"Product CPHFY";"SKU-0022";"20";"21.00";"0.250";"315.00";"20.60";"418.40"
"ORD-10652";"2007-09-01 07:00:00";"delivered";"Yao-Qiang";"Cheng";"yaoqiang.cheng@example.com";"Grains/Cereals";"Product RJVNM";"SKU-0042";"20";"14.00";"0.000";"280.00";"7.14";"325.98"
"ORD-10652";"2007-09-01 07:00:00";"delivered";"Yao-Qiang";"Cheng";"yaoqiang.cheng@example.com";"Seafood";"Product LYERX";"SKU-0030";"2";"25.89";"0.250";"38.84";"7.14";"325.98"
"ORD-10651";"2007-09-01 07:00:00";"delivered";"Manoj";"Syamala";"manoj.syamala@example.com";"Confections";"Product XKXDO";"SKU-0019";"12";"9.20";"0.250";"82.80";"20.60";"418.40"
"ORD-10650";"2007-08-29 07:00:00";"delivered";"Giuseppe";"Russo";"giuseppe.russo@example.com";"Meat/Poultry";"Product BKGEA";"SKU-0053";"25";"32.80";"0.050";"779.00";"176.81";"1956.01"
"ORD-10650";"2007-08-29 07:00:00";"delivered";"Giuseppe";"Russo";"giuseppe.russo@example.com";"Meat/Poultry";"Product QAQRL";"SKU-0054";"30";"7.45";"0.000";"223.50";"176.81";"1956.01"
"ORD-10650";"2007-08-29 07:00:00";"delivered";"Giuseppe";"Russo";"giuseppe.russo@example.com";"Seafood";"Product LYERX";"SKU-0030";"30";"25.89";"0.000";"776.70";"176.81";"1956.01"
"ORD-10649";"2007-08-28 07:00:00";"delivered";"Donald";"Mace";"donald.mace@example.com";"Dairy Product";"Product GEEOO";"SKU-0072";"15";"34.80";"0.000";"522.00";"6.20";"1440.20"
"ORD-10648";"2007-08-28 07:00:00";"delivered";"Euan";"Garden";"euan.garden@example.com";"Beverages";"Product QOGNU";"SKU-0024";"15";"4.50";"0.150";"57.38";"14.25";"386.63"
"ORD-10648";"2007-08-28 07:00:00";"delivered";"Euan";"Garden";"euan.garden@example.com";"Grains/Cereals";"Product CPHFY";"SKU-0022";"15";"21.00";"0.000";"315.00";"14.25";"386.63"
"ORD-10649";"2007-08-28 07:00:00";"delivered";"Donald";"Mace";"donald.mace@example.com";"Produce";"Product OFBNT";"SKU-0028";"20";"45.60";"0.000";"912.00";"6.20";"1440.20"
"ORD-10647";"2007-08-27 07:00:00";"delivered";"Krzysztof";"Florczyk";"krzysztof.florczyk@example.com";"Beverages";"Product LSOFL";"SKU-0039";"20";"18.00";"0.000";"360.00";"45.54";"681.54"
"ORD-10646";"2007-08-27 07:00:00";"delivered";"Ovidiu V.";"Craciun";"ovidiuv.craciun@example.com";"Beverages";"Product HHYDP";"SKU-0001";"15";"18.00";"0.250";"202.50";"142.33";"1588.33"
"ORD-10646";"2007-08-27 07:00:00";"delivered";"Ovidiu V.";"Craciun";"ovidiuv.craciun@example.com";"Condiments";"Product LUNZZ";"SKU-0077";"35";"13.00";"0.250";"341.25";"142.33";"1588.33"
"ORD-10646";"2007-08-27 07:00:00";"delivered";"Ovidiu V.";"Craciun";"ovidiuv.craciun@example.com";"Dairy Product";"Product MYMOI";"SKU-0071";"30";"21.50";"0.250";"483.75";"142.33";"1588.33"
"ORD-10647";"2007-08-27 07:00:00";"delivered";"Krzysztof";"Florczyk";"krzysztof.florczyk@example.com";"Confections";"Product XKXDO";"SKU-0019";"30";"9.20";"0.000";"276.00";"45.54";"681.54"
"ORD-10646";"2007-08-27 07:00:00";"delivered";"Ovidiu V.";"Craciun";"ovidiuv.craciun@example.com";"Seafood";"Product YHXGE";"SKU-0010";"18";"31.00";"0.250";"418.50";"142.33";"1588.33"
"ORD-10645";"2007-08-26 07:00:00";"delivered";"Shy";"Cohen";"shy.cohen@example.com";"Seafood";"Product GMKIJ";"SKU-0036";"15";"19.00";"0.000";"285.00";"12.41";"1547.41"
"ORD-10645";"2007-08-26 07:00:00";"delivered";"Shy";"Cohen";"shy.cohen@example.com";"Seafood";"Product CKEDC";"SKU-0018";"20";"62.50";"0.000";"1250.00";"12.41";"1547.41"
"ORD-10644";"2007-08-25 07:00:00";"delivered";"Yan";"Li";"yan.li@example.com";"Beverages";"Product ZZZHR";"SKU-0043";"20";"46.00";"0.000";"920.00";"0.14";"1371.94"
"ORD-10643";"2007-08-25 07:00:00";"delivered";"Michael";"Allen";"michael.allen@example.com";"Seafood";"Product CBRRL";"SKU-0046";"2";"12.00";"0.250";"18.00";"29.46";"843.96"
"ORD-10644";"2007-08-25 07:00:00";"delivered";"Yan";"Li";"yan.li@example.com";"Seafood";"Product CKEDC";"SKU-0018";"4";"62.50";"0.100";"225.00";"0.14";"1371.94"
"ORD-10644";"2007-08-25 07:00:00";"delivered";"Yan";"Li";"yan.li@example.com";"Seafood";"Product CBRRL";"SKU-0046";"21";"12.00";"0.100";"226.80";"0.14";"1371.94"
"ORD-10643";"2007-08-25 07:00:00";"delivered";"Michael";"Allen";"michael.allen@example.com";"Produce";"Product OFBNT";"SKU-0028";"15";"45.60";"0.250";"513.00";"29.46";"843.96"
"ORD-10643";"2007-08-25 07:00:00";"delivered";"Michael";"Allen";"michael.allen@example.com";"Beverages";"Product LSOFL";"SKU-0039";"21";"18.00";"0.250";"283.50";"29.46";"843.96"
"ORD-10641";"2007-08-22 07:00:00";"delivered";"Kris";"Langohr";"kris.langohr@example.com";"Beverages";"Product RECZE";"SKU-0002";"50";"19.00";"0.000";"950.00";"179.61";"2233.61"
"ORD-10641";"2007-08-22 07:00:00";"delivered";"Kris";"Langohr";"kris.langohr@example.com";"Seafood";"Product YZIXQ";"SKU-0040";"60";"18.40";"0.000";"1104.00";"179.61";"2233.61"
"ORD-10642";"2007-08-22 07:00:00";"delivered";"Nuria";"Gonzalez";"nuria.gonzalez@example.com";"Condiments";"Product XYZPE";"SKU-0061";"20";"28.50";"0.200";"456.00";"41.89";"737.89"
"ORD-10642";"2007-08-22 07:00:00";"delivered";"Nuria";"Gonzalez";"nuria.gonzalez@example.com";"Confections";"Product VJZZH";"SKU-0021";"30";"10.00";"0.200";"240.00";"41.89";"737.89"
"ORD-10640";"2007-08-21 07:00:00";"delivered";"Manoj";"Syamala";"manoj.syamala@example.com";"Beverages";"Product TOONT";"SKU-0070";"15";"15.00";"0.250";"168.75";"23.55";"732.30"
"ORD-10640";"2007-08-21 07:00:00";"delivered";"Manoj";"Syamala";"manoj.syamala@example.com";"Dairy Product";"Product COAXA";"SKU-0069";"20";"36.00";"0.250";"540.00";"23.55";"732.30"
"ORD-10638";"2007-08-20 07:00:00";"delivered";"Cornel";"Lupu";"cornel.lupu@example.com";"Dairy Product";"Product GEEOO";"SKU-0072";"60";"34.80";"0.000";"2088.00";"158.44";"2878.49"
"ORD-10638";"2007-08-20 07:00:00";"delivered";"Cornel";"Lupu";"cornel.lupu@example.com";"Condiments";"Product XYWBZ";"SKU-0065";"21";"21.05";"0.000";"442.05";"158.44";"2878.49"
"ORD-10639";"2007-08-20 07:00:00";"delivered";"Kaspars";"Ginters";"kaspars.ginters@example.com";"Seafood";"Product CKEDC";"SKU-0018";"8";"62.50";"0.000";"500.00";"38.64";"538.64"
"ORD-10638";"2007-08-20 07:00:00";"delivered";"Cornel";"Lupu";"cornel.lupu@example.com";"Seafood";"Product AQOKR";"SKU-0045";"20";"9.50";"0.000";"190.00";"158.44";"2878.49"
"ORD-10637";"2007-08-19 07:00:00";"delivered";"Anna";"Misiec";"anna.misiec@example.com";"Grains/Cereals";"Product VKCMF";"SKU-0056";"60";"38.00";"0.050";"2166.00";"201.29";"2963.23"
"ORD-10636";"2007-08-19 07:00:00";"delivered";"Michael";"Ludwig";"michael.ludwig@example.com";"Condiments";"Product KSBRM";"SKU-0004";"25";"22.00";"0.000";"550.00";"1.15";"630.65"
"ORD-10637";"2007-08-19 07:00:00";"delivered";"Anna";"Misiec";"anna.misiec@example.com";"Dairy Product";"Product QMVUN";"SKU-0011";"10";"21.00";"0.000";"210.00";"201.29";"2963.23"
"ORD-10636";"2007-08-19 07:00:00";"delivered";"Michael";"Ludwig";"michael.ludwig@example.com";"Seafood";"Product ACRVI";"SKU-0058";"6";"13.25";"0.000";"79.50";"1.15";"630.65"
"ORD-10637";"2007-08-19 07:00:00";"delivered";"Anna";"Misiec";"anna.misiec@example.com";"Confections";"Product BIUDV";"SKU-0050";"25";"16.25";"0.050";"385.94";"201.29";"2963.23"
"ORD-10635";"2007-08-18 07:00:00";"delivered";"Bernard";"Duerr";"bernard.duerr@example.com";"Condiments";"Product KSBRM";"SKU-0004";"10";"22.00";"0.100";"198.00";"47.46";"1373.69"
"ORD-10635";"2007-08-18 07:00:00";"delivered";"Bernard";"Duerr";"bernard.duerr@example.com";"Condiments";"Product EPEIM";"SKU-0005";"15";"21.35";"0.100";"288.23";"47.46";"1373.69"
"ORD-10635";"2007-08-18 07:00:00";"delivered";"Bernard";"Duerr";"bernard.duerr@example.com";"Grains/Cereals";"Product CPHFY";"SKU-0022";"40";"21.00";"0.000";"840.00";"47.46";"1373.69"
"ORD-10634";"2007-08-15 07:00:00";"delivered";"Karan";"Khanna";"karan.khanna@example.com";"Beverages";"Product BWRLG";"SKU-0075";"2";"7.75";"0.000";"15.50";"487.38";"5472.88"
"ORD-10634";"2007-08-15 07:00:00";"delivered";"Karan";"Khanna";"karan.khanna@example.com";"Seafood";"Product CKEDC";"SKU-0018";"50";"62.50";"0.000";"3125.00";"487.38";"5472.88"
"ORD-10633";"2007-08-15 07:00:00";"delivered";"John";"Kane";"john.kane@example.com";"Confections";"Product HLGZA";"SKU-0026";"35";"31.23";"0.150";"929.09";"477.90";"5988.49"
"ORD-10633";"2007-08-15 07:00:00";"delivered";"John";"Kane";"john.kane@example.com";"Dairy Product";"Product OSFNS";"SKU-0012";"36";"38.00";"0.150";"1162.80";"477.90";"5988.49"
"ORD-10634";"2007-08-15 07:00:00";"delivered";"Karan";"Khanna";"karan.khanna@example.com";"Produce";"Product HMLNI";"SKU-0007";"35";"30.00";"0.000";"1050.00";"487.38";"5472.88"
"ORD-10633";"2007-08-15 07:00:00";"delivered";"John";"Kane";"john.kane@example.com";"Confections";"Product WUXYK";"SKU-0062";"80";"49.30";"0.150";"3352.40";"477.90";"5988.49"
"ORD-10634";"2007-08-15 07:00:00";"delivered";"Karan";"Khanna";"karan.khanna@example.com";"Produce";"Product APITJ";"SKU-0051";"15";"53.00";"0.000";"795.00";"487.38";"5472.88"
"ORD-10633";"2007-08-15 07:00:00";"delivered";"John";"Kane";"john.kane@example.com";"Seafood";"Product POXFU";"SKU-0013";"13";"6.00";"0.150";"66.30";"477.90";"5988.49"
"ORD-10632";"2007-08-14 07:00:00";"delivered";"Manoj";"Syamala";"manoj.syamala@example.com";"Dairy Product";"Product ASTMN";"SKU-0033";"20";"2.50";"0.050";"47.50";"41.38";"630.38"
"ORD-10632";"2007-08-14 07:00:00";"delivered";"Manoj";"Syamala";"manoj.syamala@example.com";"Beverages";"Product RECZE";"SKU-0002";"30";"19.00";"0.050";"541.50";"41.38";"630.38"
"ORD-10631";"2007-08-14 07:00:00";"delivered";"Tim";"Litton";"tim.litton@example.com";"Beverages";"Product BWRLG";"SKU-0075";"8";"7.75";"0.100";"55.80";"0.87";"56.67"
"ORD-10630";"2007-08-13 07:00:00";"delivered";"Lolan";"Song";"lolan.song@example.com";"Beverages";"Product JYGFE";"SKU-0076";"35";"18.00";"0.000";"630.00";"32.35";"935.95"
"ORD-10630";"2007-08-13 07:00:00";"delivered";"Lolan";"Song";"lolan.song@example.com";"Meat/Poultry";"Product YYWRT";"SKU-0055";"12";"24.00";"0.050";"273.60";"32.35";"935.95"
"ORD-10628";"2007-08-12 07:00:00";"delivered";"Dushyant";"Bansal";"dushyant.bansal@example.com";"Beverages";"Product HHYDP";"SKU-0001";"25";"18.00";"0.000";"450.00";"30.36";"480.36"
"ORD-10629";"2007-08-12 07:00:00";"delivered";"Rostislav";"Shabalin";"rostislav.shabalin@example.com";"Meat/Poultry";"Product VJXYN";"SKU-0029";"20";"123.79";"0.000";"2475.80";"85.46";"2860.51"
"ORD-10629";"2007-08-12 07:00:00";"delivered";"Rostislav";"Shabalin";"rostislav.shabalin@example.com";"Grains/Cereals";"Product HCQDE";"SKU-0064";"9";"33.25";"0.000";"299.25";"85.46";"2860.51"
"ORD-10626";"2007-08-11 07:00:00";"delivered";"Tom";"Higginbotham";"tom.higginbotham@example.com";"Dairy Product";"Product WHBYK";"SKU-0060";"20";"34.00";"0.000";"680.00";"138.69";"1642.29"
"ORD-10627";"2007-08-11 07:00:00";"delivered";"Tomás";"Navarro";"tomas.navarro@example.com";"Confections";"Product WUXYK";"SKU-0062";"15";"49.30";"0.000";"739.50";"107.46";"1293.21"
"ORD-10626";"2007-08-11 07:00:00";"delivered";"Tom";"Higginbotham";"tom.higginbotham@example.com";"Dairy Product";"Product MYMOI";"SKU-0071";"20";"21.50";"0.000";"430.00";"138.69";"1642.29"
"ORD-10626";"2007-08-11 07:00:00";"delivered";"Tom";"Higginbotham";"tom.higginbotham@example.com";"Meat/Poultry";"Product BKGEA";"SKU-0053";"12";"32.80";"0.000";"393.60";"138.69";"1642.29"
"ORD-10627";"2007-08-11 07:00:00";"delivered";"Tomás";"Navarro";"tomas.navarro@example.com";"Seafood";"Product WEUJZ";"SKU-0073";"35";"15.00";"0.150";"446.25";"107.46";"1293.21"
"ORD-10625";"2007-08-08 07:00:00";"delivered";"Mark";"Hassall";"mark.hassall@example.com";"Produce";"Product PWCJB";"SKU-0014";"3";"23.25";"0.000";"69.75";"43.90";"523.65"
"ORD-10625";"2007-08-08 07:00:00";"delivered";"Mark";"Hassall";"mark.hassall@example.com";"Grains/Cereals";"Product RJVNM";"SKU-0042";"5";"14.00";"0.000";"70.00";"43.90";"523.65"
"ORD-10625";"2007-08-08 07:00:00";"delivered";"Mark";"Hassall";"mark.hassall@example.com";"Dairy Product";"Product WHBYK";"SKU-0060";"10";"34.00";"0.000";"340.00";"43.90";"523.65"
"ORD-10624";"2007-08-07 07:00:00";"delivered";"Robin";"Young";"robin.young@example.com";"Meat/Poultry";"Product VJXYN";"SKU-0029";"6";"123.79";"0.000";"742.74";"94.80";"1488.04"
"ORD-10623";"2007-08-07 07:00:00";"delivered";"Jason";"Carlson";"jason.carlson@example.com";"Beverages";"Product NEVTJ";"SKU-0035";"30";"18.00";"0.100";"486.00";"97.18";"1434.13"
"ORD-10623";"2007-08-07 07:00:00";"delivered";"Jason";"Carlson";"jason.carlson@example.com";"Beverages";"Product QOGNU";"SKU-0024";"3";"4.50";"0.000";"13.50";"97.18";"1434.13"
"ORD-10623";"2007-08-07 07:00:00";"delivered";"Jason";"Carlson";"jason.carlson@example.com";"Confections";"Product VJZZH";"SKU-0021";"25";"10.00";"0.100";"225.00";"97.18";"1434.13"
"ORD-10624";"2007-08-07 07:00:00";"delivered";"Robin";"Young";"robin.young@example.com";"Condiments";"Product VJIEO";"SKU-0044";"10";"19.45";"0.000";"194.50";"94.80";"1488.04"
"ORD-10623";"2007-08-07 07:00:00";"delivered";"Jason";"Carlson";"jason.carlson@example.com";"Confections";"Product XKXDO";"SKU-0019";"15";"9.20";"0.100";"124.20";"97.18";"1434.13"
"ORD-10624";"2007-08-07 07:00:00";"delivered";"Robin";"Young";"robin.young@example.com";"Produce";"Product OFBNT";"SKU-0028";"10";"45.60";"0.000";"456.00";"94.80";"1488.04"
"ORD-10623";"2007-08-07 07:00:00";"delivered";"Jason";"Carlson";"jason.carlson@example.com";"Produce";"Product PWCJB";"SKU-0014";"21";"23.25";"0.000";"488.25";"97.18";"1434.13"
"ORD-10622";"2007-08-06 07:00:00";"delivered";"Euan";"Garden";"euan.garden@example.com";"Confections";"Product TBTBL";"SKU-0068";"18";"12.50";"0.200";"180.00";"50.97";"610.97"
"ORD-10622";"2007-08-06 07:00:00";"delivered";"Euan";"Garden";"euan.garden@example.com";"Beverages";"Product RECZE";"SKU-0002";"20";"19.00";"0.000";"380.00";"50.97";"610.97"
"ORD-10621";"2007-08-05 07:00:00";"delivered";"Frank";"Lee";"frank.lee@example.com";"Grains/Cereals";"Product JLUDZ";"SKU-0023";"10";"9.00";"0.000";"90.00";"23.73";"782.23"
"ORD-10621";"2007-08-05 07:00:00";"delivered";"Frank";"Lee";"frank.lee@example.com";"Dairy Product";"Product MYMOI";"SKU-0071";"15";"21.50";"0.000";"322.50";"23.73";"782.23"
"ORD-10621";"2007-08-05 07:00:00";"delivered";"Frank";"Lee";"frank.lee@example.com";"Confections";"Product XKXDO";"SKU-0019";"5";"9.20";"0.000";"46.00";"23.73";"782.23"
"ORD-10620";"2007-08-05 07:00:00";"delivered";"Dominik";"Steiner";"dominik.steiner@example.com";"Beverages";"Product QOGNU";"SKU-0024";"5";"4.50";"0.000";"22.50";"0.94";"58.44"
"ORD-10621";"2007-08-05 07:00:00";"delivered";"Frank";"Lee";"frank.lee@example.com";"Beverages";"Product TOONT";"SKU-0070";"20";"15.00";"0.000";"300.00";"23.73";"782.23"
"ORD-10620";"2007-08-05 07:00:00";"delivered";"Dominik";"Steiner";"dominik.steiner@example.com";"Grains/Cereals";"Product QSRXF";"SKU-0052";"5";"7.00";"0.000";"35.00";"0.94";"58.44"
"ORD-10619";"2007-08-04 07:00:00";"delivered";"Maurice";"Taylor";"maurice.taylor@example.com";"Confections";"Product VJZZH";"SKU-0021";"42";"10.00";"0.000";"420.00";"91.05";"1351.05"
"ORD-10619";"2007-08-04 07:00:00";"delivered";"Maurice";"Taylor";"maurice.taylor@example.com";"Grains/Cereals";"Product CPHFY";"SKU-0022";"40";"21.00";"0.000";"840.00";"91.05";"1351.05"
"ORD-10618";"2007-08-01 07:00:00";"delivered";"Maurice";"Taylor";"maurice.taylor@example.com";"Grains/Cereals";"Product VKCMF";"SKU-0056";"20";"38.00";"0.000";"760.00";"154.68";"2852.18"
"ORD-10618";"2007-08-01 07:00:00";"delivered";"Maurice";"Taylor";"maurice.taylor@example.com";"Condiments";"Product VAIIV";"SKU-0006";"70";"25.00";"0.000";"1750.00";"154.68";"2852.18"
"ORD-10618";"2007-08-01 07:00:00";"delivered";"Maurice";"Taylor";"maurice.taylor@example.com";"Confections";"Product TBTBL";"SKU-0068";"15";"12.50";"0.000";"187.50";"154.68";"2852.18"
"ORD-10616";"2007-07-31 07:00:00";"delivered";"Venky";"Krishnan";"venky.krishnan@example.com";"Dairy Product";"Product MYMOI";"SKU-0071";"15";"21.50";"0.050";"306.38";"116.53";"4923.54"
"ORD-10616";"2007-07-31 07:00:00";"delivered";"Venky";"Krishnan";"venky.krishnan@example.com";"Beverages";"Product TOONT";"SKU-0070";"15";"15.00";"0.050";"213.75";"116.53";"4923.54"
"ORD-10617";"2007-07-31 07:00:00";"delivered";"Venky";"Krishnan";"venky.krishnan@example.com";"Dairy Product";"Product UKXRI";"SKU-0059";"30";"55.00";"0.150";"1402.50";"18.53";"1421.03"
"ORD-10616";"2007-07-31 07:00:00";"delivered";"Venky";"Krishnan";"venky.krishnan@example.com";"Beverages";"Product QDOMO";"SKU-0038";"15";"263.50";"0.050";"3754.88";"116.53";"4923.54"
"ORD-10616";"2007-07-31 07:00:00";"delivered";"Venky";"Krishnan";"venky.krishnan@example.com";"Grains/Cereals";"Product VKCMF";"SKU-0056";"14";"38.00";"0.000";"532.00";"116.53";"4923.54"
"ORD-10615";"2007-07-30 07:00:00";"delivered";"Katarina";"Larsson";"katarina.larsson@example.com";"Meat/Poultry";"Product YYWRT";"SKU-0055";"5";"24.00";"0.000";"120.00";"0.75";"120.75"
"ORD-10614";"2007-07-29 07:00:00";"delivered";"Carole";"Poland";"carole.poland@example.com";"Confections";"Product VJZZH";"SKU-0021";"8";"10.00";"0.000";"80.00";"1.93";"465.93"
"ORD-10614";"2007-07-29 07:00:00";"delivered";"Carole";"Poland";"carole.poland@example.com";"Dairy Product";"Product QMVUN";"SKU-0011";"14";"21.00";"0.000";"294.00";"1.93";"465.93"
"ORD-10613";"2007-07-29 07:00:00";"delivered";"Kris";"Langohr";"kris.langohr@example.com";"Seafood";"Product POXFU";"SKU-0013";"8";"6.00";"0.100";"43.20";"8.11";"361.31"
"ORD-10614";"2007-07-29 07:00:00";"delivered";"Carole";"Poland";"carole.poland@example.com";"Beverages";"Product LSOFL";"SKU-0039";"5";"18.00";"0.000";"90.00";"1.93";"465.93"
"ORD-10613";"2007-07-29 07:00:00";"delivered";"Kris";"Langohr";"kris.langohr@example.com";"Beverages";"Product BWRLG";"SKU-0075";"40";"7.75";"0.000";"310.00";"8.11";"361.31"
"ORD-10612";"2007-07-28 07:00:00";"delivered";"Tomás";"Navarro";"tomas.navarro@example.com";"Seafood";"Product GMKIJ";"SKU-0036";"55";"19.00";"0.000";"1045.00";"544.08";"6919.08"
"ORD-10612";"2007-07-28 07:00:00";"delivered";"Tomás";"Navarro";"tomas.navarro@example.com";"Confections";"Product FPYPN";"SKU-0049";"18";"20.00";"0.000";"360.00";"544.08";"6919.08"
"ORD-10612";"2007-07-28 07:00:00";"delivered";"Tomás";"Navarro";"tomas.navarro@example.com";"Beverages";"Product JYGFE";"SKU-0076";"80";"18.00";"0.000";"1440.00";"544.08";"6919.08"
"ORD-10612";"2007-07-28 07:00:00";"delivered";"Tomás";"Navarro";"tomas.navarro@example.com";"Seafood";"Product YHXGE";"SKU-0010";"70";"31.00";"0.000";"2170.00";"544.08";"6919.08"
"ORD-10612";"2007-07-28 07:00:00";"delivered";"Tomás";"Navarro";"tomas.navarro@example.com";"Dairy Product";"Product WHBYK";"SKU-0060";"40";"34.00";"0.000";"1360.00";"544.08";"6919.08"
"ORD-10611";"2007-07-25 07:00:00";"delivered";"Steve";"Conn";"steve.conn@example.com";"Beverages";"Product RECZE";"SKU-0002";"10";"19.00";"0.000";"190.00";"80.65";"888.65"
"ORD-10611";"2007-07-25 07:00:00";"delivered";"Steve";"Conn";"steve.conn@example.com";"Dairy Product";"Product WHBYK";"SKU-0060";"15";"34.00";"0.000";"510.00";"80.65";"888.65"
"ORD-10610";"2007-07-25 07:00:00";"delivered";"Tim";"Litton";"tim.litton@example.com";"Seafood";"Product GMKIJ";"SKU-0036";"21";"19.00";"0.250";"299.25";"26.78";"326.03"
"ORD-10611";"2007-07-25 07:00:00";"delivered";"Steve";"Conn";"steve.conn@example.com";"Beverages";"Product HHYDP";"SKU-0001";"6";"18.00";"0.000";"108.00";"80.65";"888.65"
"ORD-10609";"2007-07-24 07:00:00";"delivered";"Arif";"Rizaldy";"arif.rizaldy@example.com";"Confections";"Product VJZZH";"SKU-0021";"6";"10.00";"0.000";"60.00";"1.85";"425.85"
"ORD-10609";"2007-07-24 07:00:00";"delivered";"Arif";"Rizaldy";"arif.rizaldy@example.com";"Seafood";"Product YHXGE";"SKU-0010";"10";"31.00";"0.000";"310.00";"1.85";"425.85"
"ORD-10609";"2007-07-24 07:00:00";"delivered";"Arif";"Rizaldy";"arif.rizaldy@example.com";"Beverages";"Product HHYDP";"SKU-0001";"3";"18.00";"0.000";"54.00";"1.85";"425.85"
"ORD-10608";"2007-07-23 07:00:00";"delivered";"Jim";"Wickham";"jim.wickham@example.com";"Grains/Cereals";"Product VKCMF";"SKU-0056";"28";"38.00";"0.000";"1064.00";"27.79";"1091.79"
"ORD-10606";"2007-07-22 07:00:00";"delivered";"Jean-Philippe";"Nagel";"jeanphilippe.nagel@example.com";"Condiments";"Product KSBRM";"SKU-0004";"20";"22.00";"0.200";"352.00";"79.40";"1209.80"
"ORD-10606";"2007-07-22 07:00:00";"delivered";"Jean-Philippe";"Nagel";"jeanphilippe.nagel@example.com";"Confections";"Product WUXYK";"SKU-0062";"10";"49.30";"0.200";"394.40";"79.40";"1209.80"
"ORD-10607";"2007-07-22 07:00:00";"delivered";"Tomás";"Navarro";"tomas.navarro@example.com";"Produce";"Product HMLNI";"SKU-0007";"45";"30.00";"0.000";"1350.00";"200.24";"6675.64"
"ORD-10607";"2007-07-22 07:00:00";"delivered";"Tomás";"Navarro";"tomas.navarro@example.com";"Meat/Poultry";"Product BLCAX";"SKU-0017";"100";"39.00";"0.000";"3900.00";"200.24";"6675.64"
"ORD-10607";"2007-07-22 07:00:00";"delivered";"Tomás";"Navarro";"tomas.navarro@example.com";"Dairy Product";"Product ASTMN";"SKU-0033";"14";"2.50";"0.000";"35.00";"200.24";"6675.64"
"ORD-10607";"2007-07-22 07:00:00";"delivered";"Tomás";"Navarro";"tomas.navarro@example.com";"Seafood";"Product YZIXQ";"SKU-0040";"42";"18.40";"0.000";"772.80";"200.24";"6675.64"
"ORD-10606";"2007-07-22 07:00:00";"delivered";"Jean-Philippe";"Nagel";"jeanphilippe.nagel@example.com";"Meat/Poultry";"Product YYWRT";"SKU-0055";"20";"24.00";"0.200";"384.00";"79.40";"1209.80"
"ORD-10607";"2007-07-22 07:00:00";"delivered";"Tomás";"Navarro";"tomas.navarro@example.com";"Dairy Product";"Product GEEOO";"SKU-0072";"12";"34.80";"0.000";"417.60";"200.24";"6675.64"
"ORD-10605";"2007-07-21 07:00:00";"delivered";"Maurice";"Taylor";"maurice.taylor@example.com";"Dairy Product";"Product MYMOI";"SKU-0071";"15";"21.50";"0.050";"306.38";"379.13";"4488.84"
"ORD-10605";"2007-07-21 07:00:00";"delivered";"Maurice";"Taylor";"maurice.taylor@example.com";"Confections";"Product PAFRH";"SKU-0016";"30";"17.45";"0.050";"497.33";"379.13";"4488.84"
"ORD-10605";"2007-07-21 07:00:00";"delivered";"Maurice";"Taylor";"maurice.taylor@example.com";"Dairy Product";"Product UKXRI";"SKU-0059";"20";"55.00";"0.050";"1045.00";"379.13";"4488.84"
"ORD-10605";"2007-07-21 07:00:00";"delivered";"Maurice";"Taylor";"maurice.taylor@example.com";"Dairy Product";"Product WHBYK";"SKU-0060";"70";"34.00";"0.050";"2261.00";"379.13";"4488.84"
"ORD-10604";"2007-07-18 07:00:00";"delivered";"Giorgio";"Cavaglieri";"giorgio.cavaglieri@example.com";"Beverages";"Product JYGFE";"SKU-0076";"10";"18.00";"0.100";"162.00";"7.46";"238.31"
"ORD-10603";"2007-07-18 07:00:00";"delivered";"Tomás";"Navarro";"tomas.navarro@example.com";"Confections";"Product FPYPN";"SKU-0049";"25";"20.00";"0.050";"475.00";"48.77";"1531.77"
"ORD-10604";"2007-07-18 07:00:00";"delivered";"Giorgio";"Cavaglieri";"giorgio.cavaglieri@example.com";"Confections";"Product MYNXN";"SKU-0048";"6";"12.75";"0.100";"68.85";"7.46";"238.31"
"ORD-10603";"2007-07-18 07:00:00";"delivered";"Tomás";"Navarro";"tomas.navarro@example.com";"Grains/Cereals";"Product CPHFY";"SKU-0022";"48";"21.00";"0.000";"1008.00";"48.77";"1531.77"
"ORD-10602";"2007-07-17 07:00:00";"delivered";"Karl";"Fonteneau";"karl.fonteneau@example.com";"Condiments";"Product LUNZZ";"SKU-0077";"5";"13.00";"0.250";"48.75";"2.92";"51.67"
"ORD-10601";"2007-07-16 07:00:00";"delivered";"Kris";"Langohr";"kris.langohr@example.com";"Dairy Product";"Product UKXRI";"SKU-0059";"35";"55.00";"0.000";"1925.00";"58.30";"2343.30"
"ORD-10600";"2007-07-16 07:00:00";"delivered";"Denise";"Smith";"denise.smith@example.com";"Meat/Poultry";"Product QAQRL";"SKU-0054";"4";"7.45";"0.000";"29.80";"45.13";"524.93"
"ORD-10601";"2007-07-16 07:00:00";"delivered";"Kris";"Langohr";"kris.langohr@example.com";"Seafood";"Product POXFU";"SKU-0013";"60";"6.00";"0.000";"360.00";"58.30";"2343.30"
"ORD-10600";"2007-07-16 07:00:00";"delivered";"Denise";"Smith";"denise.smith@example.com";"Seafood";"Product WEUJZ";"SKU-0073";"30";"15.00";"0.000";"450.00";"45.13";"524.93"
"ORD-10599";"2007-07-15 07:00:00";"delivered";"David";"Jaffe";"david.jaffe@example.com";"Confections";"Product WUXYK";"SKU-0062";"10";"49.30";"0.000";"493.00";"29.98";"522.98"
"ORD-10598";"2007-07-14 07:00:00";"delivered";"Michael";"Moore";"michael.moore@example.com";"Confections";"Product SMIOH";"SKU-0027";"50";"43.90";"0.000";"2195.00";"44.42";"2432.92"
"ORD-10598";"2007-07-14 07:00:00";"delivered";"Michael";"Moore";"michael.moore@example.com";"Dairy Product";"Product MYMOI";"SKU-0071";"9";"21.50";"0.000";"193.50";"44.42";"2432.92"
"ORD-10597";"2007-07-11 07:00:00";"delivered";"Tosh";"Meston";"tosh.meston@example.com";"Beverages";"Product QOGNU";"SKU-0024";"35";"4.50";"0.200";"126.00";"35.12";"753.20"
"ORD-10597";"2007-07-11 07:00:00";"delivered";"Tosh";"Meston";"tosh.meston@example.com";"Grains/Cereals";"Product OVLQI";"SKU-0057";"20";"19.50";"0.000";"390.00";"35.12";"753.20"
"ORD-10596";"2007-07-11 07:00:00";"delivered";"Ronaldo";"Smith Jr.";"ronaldo.smithjr@example.com";"Grains/Cereals";"Product VKCMF";"SKU-0056";"5";"38.00";"0.200";"152.00";"16.34";"1197.22"
"ORD-10596";"2007-07-11 07:00:00";"delivered";"Ronaldo";"Smith Jr.";"ronaldo.smithjr@example.com";"Beverages";"Product BWRLG";"SKU-0075";"30";"7.75";"0.200";"186.00";"16.34";"1197.22"
"ORD-10596";"2007-07-11 07:00:00";"delivered";"Ronaldo";"Smith Jr.";"ronaldo.smithjr@example.com";"Condiments";"Product ICKNK";"SKU-0063";"24";"43.90";"0.200";"842.88";"16.34";"1197.22"
"ORD-10597";"2007-07-11 07:00:00";"delivered";"Tosh";"Meston";"tosh.meston@example.com";"Condiments";"Product XYWBZ";"SKU-0065";"12";"21.05";"0.200";"202.08";"35.12";"753.20"
"ORD-10595";"2007-07-10 07:00:00";"delivered";"John";"Kane";"john.kane@example.com";"Condiments";"Product XYZPE";"SKU-0061";"120";"28.50";"0.250";"2565.00";"96.78";"4821.78"
"ORD-10595";"2007-07-10 07:00:00";"delivered";"John";"Kane";"john.kane@example.com";"Dairy Product";"Product COAXA";"SKU-0069";"65";"36.00";"0.250";"1755.00";"96.78";"4821.78"
"ORD-10595";"2007-07-10 07:00:00";"delivered";"John";"Kane";"john.kane@example.com";"Beverages";"Product NEVTJ";"SKU-0035";"30";"18.00";"0.250";"405.00";"96.78";"4821.78"
"ORD-10593";"2007-07-09 07:00:00";"delivered";"George";"Louverdis";"george.louverdis@example.com";"Confections";"Product QHFFP";"SKU-0020";"21";"81.00";"0.200";"1360.80";"174.20";"2168.60"
"ORD-10593";"2007-07-09 07:00:00";"delivered";"George";"Louverdis";"george.louverdis@example.com";"Dairy Product";"Product COAXA";"SKU-0069";"20";"36.00";"0.200";"576.00";"174.20";"2168.60"
"ORD-10594";"2007-07-09 07:00:00";"delivered";"Anja";"Egelund-Muller";"anja.egelundmuller@example.com";"Seafood";"Product ACRVI";"SKU-0058";"30";"13.25";"0.000";"397.50";"5.24";"570.74"
"ORD-10594";"2007-07-09 07:00:00";"delivered";"Anja";"Egelund-Muller";"anja.egelundmuller@example.com";"Grains/Cereals";"Product QSRXF";"SKU-0052";"24";"7.00";"0.000";"168.00";"5.24";"570.74"
"ORD-10593";"2007-07-09 07:00:00";"delivered";"George";"Louverdis";"george.louverdis@example.com";"Beverages";"Product JYGFE";"SKU-0076";"4";"18.00";"0.200";"57.60";"174.20";"2168.60"
"ORD-10592";"2007-07-08 07:00:00";"delivered";"George";"Louverdis";"george.louverdis@example.com";"Confections";"Product HLGZA";"SKU-0026";"5";"31.23";"0.050";"148.34";"32.10";"548.57"
"ORD-10592";"2007-07-08 07:00:00";"delivered";"George";"Louverdis";"george.louverdis@example.com";"Condiments";"Product KSZOI";"SKU-0015";"25";"15.50";"0.050";"368.13";"32.10";"548.57"
"ORD-10590";"2007-07-07 07:00:00";"delivered";"Maurice";"Taylor";"maurice.taylor@example.com";"Condiments";"Product LUNZZ";"SKU-0077";"60";"13.00";"0.050";"741.00";"44.77";"1145.77"
"ORD-10591";"2007-07-07 07:00:00";"delivered";"Karl";"Fonteneau";"karl.fonteneau@example.com";"Condiments";"Product IMEHJ";"SKU-0003";"14";"10.00";"0.000";"140.00";"55.92";"868.42"
"ORD-10591";"2007-07-07 07:00:00";"delivered";"Karl";"Fonteneau";"karl.fonteneau@example.com";"Produce";"Product HMLNI";"SKU-0007";"10";"30.00";"0.000";"300.00";"55.92";"868.42"
"ORD-10591";"2007-07-07 07:00:00";"delivered";"Karl";"Fonteneau";"karl.fonteneau@example.com";"Meat/Poultry";"Product QAQRL";"SKU-0054";"50";"7.45";"0.000";"372.50";"55.92";"868.42"
"ORD-10590";"2007-07-07 07:00:00";"delivered";"Maurice";"Taylor";"maurice.taylor@example.com";"Beverages";"Product HHYDP";"SKU-0001";"20";"18.00";"0.000";"360.00";"44.77";"1145.77"
"ORD-10589";"2007-07-04 07:00:00";"delivered";"Venky";"Krishnan";"venky.krishnan@example.com";"Beverages";"Product NEVTJ";"SKU-0035";"4";"18.00";"0.000";"72.00";"4.42";"76.42"
"ORD-10588";"2007-07-03 07:00:00";"delivered";"Giorgio";"Veronesi";"giorgio.veronesi@example.com";"Grains/Cereals";"Product RJVNM";"SKU-0042";"100";"14.00";"0.200";"1120.00";"194.67";"3314.67"
"ORD-10588";"2007-07-03 07:00:00";"delivered";"Giorgio";"Veronesi";"giorgio.veronesi@example.com";"Seafood";"Product CKEDC";"SKU-0018";"40";"62.50";"0.200";"2000.00";"194.67";"3314.67"
"ORD-10587";"2007-07-02 07:00:00";"delivered";"Krzysztof";"Florczyk";"krzysztof.florczyk@example.com";"Beverages";"Product NEVTJ";"SKU-0035";"20";"18.00";"0.000";"360.00";"62.52";"869.90"
"ORD-10586";"2007-07-02 07:00:00";"delivered";"Florian";"Voss";"florian.voss@example.com";"Grains/Cereals";"Product QSRXF";"SKU-0052";"4";"7.00";"0.150";"23.80";"0.48";"24.28"
"ORD-10587";"2007-07-02 07:00:00";"delivered";"Krzysztof";"Florczyk";"krzysztof.florczyk@example.com";"Condiments";"Product LUNZZ";"SKU-0077";"20";"13.00";"0.000";"260.00";"62.52";"869.90"
"ORD-10587";"2007-07-02 07:00:00";"delivered";"Krzysztof";"Florczyk";"krzysztof.florczyk@example.com";"Confections";"Product HLGZA";"SKU-0026";"6";"31.23";"0.000";"187.38";"62.52";"869.90"
"ORD-10585";"2007-07-01 07:00:00";"delivered";"Yan";"Li";"yan.li@example.com";"Confections";"Product EZZPR";"SKU-0047";"15";"9.50";"0.000";"142.50";"13.41";"155.91"
"ORD-10584";"2007-06-30 07:00:00";"delivered";"Dushyant";"Bansal";"dushyant.bansal@example.com";"Dairy Product";"Product XWOXC";"SKU-0031";"50";"12.50";"0.050";"593.75";"59.14";"652.89"
"ORD-10583";"2007-06-30 07:00:00";"delivered";"Michael";"Ludwig";"michael.ludwig@example.com";"Dairy Product";"Product COAXA";"SKU-0069";"10";"36.00";"0.150";"306.00";"7.28";"2244.78"
"ORD-10583";"2007-06-30 07:00:00";"delivered";"Michael";"Ludwig";"michael.ludwig@example.com";"Dairy Product";"Product WHBYK";"SKU-0060";"24";"34.00";"0.150";"693.60";"7.28";"2244.78"
"ORD-10583";"2007-06-30 07:00:00";"delivered";"Michael";"Ludwig";"michael.ludwig@example.com";"Meat/Poultry";"Product VJXYN";"SKU-0029";"10";"123.79";"0.000";"1237.90";"7.28";"2244.78"
"ORD-10582";"2007-06-27 07:00:00";"delivered";"Carole";"Poland";"carole.poland@example.com";"Grains/Cereals";"Product OVLQI";"SKU-0057";"4";"19.50";"0.000";"78.00";"27.71";"357.71"
"ORD-10582";"2007-06-27 07:00:00";"delivered";"Carole";"Poland";"carole.poland@example.com";"Beverages";"Product JYGFE";"SKU-0076";"14";"18.00";"0.000";"252.00";"27.71";"357.71"
"ORD-10580";"2007-06-26 07:00:00";"delivered";"Nadejda";"Marinova";"nadejda.marinova@example.com";"Seafood";"Product TTEEX";"SKU-0041";"9";"9.65";"0.050";"82.51";"75.89";"1089.64"
"ORD-10581";"2007-06-26 07:00:00";"delivered";"Giuseppe";"Russo";"giuseppe.russo@example.com";"Beverages";"Product BWRLG";"SKU-0075";"50";"7.75";"0.200";"310.00";"3.01";"313.01"
"ORD-10580";"2007-06-26 07:00:00";"delivered";"Nadejda";"Marinova";"nadejda.marinova@example.com";"Condiments";"Product XYWBZ";"SKU-0065";"30";"21.05";"0.050";"599.93";"75.89";"1089.64"
"ORD-10580";"2007-06-26 07:00:00";"delivered";"Nadejda";"Marinova";"nadejda.marinova@example.com";"Produce";"Product PWCJB";"SKU-0014";"15";"23.25";"0.050";"331.31";"75.89";"1089.64"
"ORD-10579";"2007-06-25 07:00:00";"delivered";"Krishna";"Sunkammurali";"krishna.sunkammurali@example.com";"Condiments";"Product KSZOI";"SKU-0015";"10";"15.50";"0.000";"155.00";"13.73";"331.48"
"ORD-10579";"2007-06-25 07:00:00";"delivered";"Krishna";"Sunkammurali";"krishna.sunkammurali@example.com";"Beverages";"Product BWRLG";"SKU-0075";"21";"7.75";"0.000";"162.75";"13.73";"331.48"
"ORD-10578";"2007-06-24 07:00:00";"delivered";"David";"Jaffe";"david.jaffe@example.com";"Grains/Cereals";"Product OVLQI";"SKU-0057";"6";"19.50";"0.000";"117.00";"29.60";"506.60"
"ORD-10578";"2007-06-24 07:00:00";"delivered";"David";"Jaffe";"david.jaffe@example.com";"Beverages";"Product NEVTJ";"SKU-0035";"20";"18.00";"0.000";"360.00";"29.60";"506.60"
"ORD-10577";"2007-06-23 07:00:00";"delivered";"Tjeerd";"Veninga";"tjeerd.veninga@example.com";"Beverages";"Product BWRLG";"SKU-0075";"20";"7.75";"0.000";"155.00";"25.41";"594.41"
"ORD-10576";"2007-06-23 07:00:00";"delivered";"Jens";"Geschwandtner";"jens.geschwandtner@example.com";"Condiments";"Product VJIEO";"SKU-0044";"21";"19.45";"0.000";"408.45";"18.56";"857.01"
"ORD-10576";"2007-06-23 07:00:00";"delivered";"Jens";"Geschwandtner";"jens.geschwandtner@example.com";"Beverages";"Product HHYDP";"SKU-0001";"10";"18.00";"0.000";"180.00";"18.56";"857.01"
"ORD-10577";"2007-06-23 07:00:00";"delivered";"Tjeerd";"Veninga";"tjeerd.veninga@example.com";"Beverages";"Product LSOFL";"SKU-0039";"10";"18.00";"0.000";"180.00";"25.41";"594.41"
"ORD-10577";"2007-06-23 07:00:00";"delivered";"Tjeerd";"Veninga";"tjeerd.veninga@example.com";"Condiments";"Product LUNZZ";"SKU-0077";"18";"13.00";"0.000";"234.00";"25.41";"594.41"
"ORD-10576";"2007-06-23 07:00:00";"delivered";"Jens";"Geschwandtner";"jens.geschwandtner@example.com";"Dairy Product";"Product XWOXC";"SKU-0031";"20";"12.50";"0.000";"250.00";"18.56";"857.01"
"ORD-10575";"2007-06-20 07:00:00";"delivered";"Patrice";"Dupont-Roc";"patrice.dupontroc@example.com";"Dairy Product";"Product UKXRI";"SKU-0059";"12";"55.00";"0.000";"660.00";"127.34";"2274.74"
"ORD-10575";"2007-06-20 07:00:00";"delivered";"Patrice";"Dupont-Roc";"patrice.dupontroc@example.com";"Condiments";"Product ICKNK";"SKU-0063";"6";"43.90";"0.000";"263.40";"127.34";"2274.74"
"ORD-10575";"2007-06-20 07:00:00";"delivered";"Patrice";"Dupont-Roc";"patrice.dupontroc@example.com";"Beverages";"Product JYGFE";"SKU-0076";"10";"18.00";"0.000";"180.00";"127.34";"2274.74"
"ORD-10575";"2007-06-20 07:00:00";"delivered";"Patrice";"Dupont-Roc";"patrice.dupontroc@example.com";"Dairy Product";"Product GEEOO";"SKU-0072";"30";"34.80";"0.000";"1044.00";"127.34";"2274.74"
"ORD-10574";"2007-06-19 07:00:00";"delivered";"Tjeerd";"Veninga";"tjeerd.veninga@example.com";"Confections";"Product WUXYK";"SKU-0062";"10";"49.30";"0.000";"493.00";"37.60";"801.90"
"ORD-10573";"2007-06-19 07:00:00";"delivered";"John";"Peoples";"john.peoples@example.com";"Meat/Poultry";"Product BLCAX";"SKU-0017";"18";"39.00";"0.000";"702.00";"84.84";"2166.84"
"ORD-10574";"2007-06-19 07:00:00";"delivered";"Tjeerd";"Veninga";"tjeerd.veninga@example.com";"Dairy Product";"Product ASTMN";"SKU-0033";"14";"2.50";"0.000";"35.00";"37.60";"801.90"
"ORD-10573";"2007-06-19 07:00:00";"delivered";"John";"Peoples";"john.peoples@example.com";"Meat/Poultry";"Product BKGEA";"SKU-0053";"25";"32.80";"0.000";"820.00";"84.84";"2166.84"
"ORD-10573";"2007-06-19 07:00:00";"delivered";"John";"Peoples";"john.peoples@example.com";"Beverages";"Product SWNJY";"SKU-0034";"40";"14.00";"0.000";"560.00";"84.84";"2166.84"
"ORD-10574";"2007-06-19 07:00:00";"delivered";"Tjeerd";"Veninga";"tjeerd.veninga@example.com";"Seafood";"Product YZIXQ";"SKU-0040";"2";"18.40";"0.000";"36.80";"37.60";"801.90"
"ORD-10574";"2007-06-19 07:00:00";"delivered";"Tjeerd";"Veninga";"tjeerd.veninga@example.com";"Grains/Cereals";"Product HCQDE";"SKU-0064";"6";"33.25";"0.000";"199.50";"37.60";"801.90"
"ORD-10572";"2007-06-18 07:00:00";"delivered";"Tom";"Higginbotham";"tom.higginbotham@example.com";"Confections";"Product PAFRH";"SKU-0016";"12";"17.45";"0.100";"188.46";"116.43";"1617.52"
"ORD-10572";"2007-06-18 07:00:00";"delivered";"Tom";"Higginbotham";"tom.higginbotham@example.com";"Beverages";"Product BWRLG";"SKU-0075";"15";"7.75";"0.100";"104.63";"116.43";"1617.52"
"ORD-10572";"2007-06-18 07:00:00";"delivered";"Tom";"Higginbotham";"tom.higginbotham@example.com";"Seafood";"Product YZIXQ";"SKU-0040";"50";"18.40";"0.000";"920.00";"116.43";"1617.52"
"ORD-10572";"2007-06-18 07:00:00";"delivered";"Tom";"Higginbotham";"tom.higginbotham@example.com";"Dairy Product";"Product NUNAW";"SKU-0032";"10";"32.00";"0.100";"288.00";"116.43";"1617.52"
"ORD-10570";"2007-06-17 07:00:00";"delivered";"Maurice";"Taylor";"maurice.taylor@example.com";"Dairy Product";"Product QMVUN";"SKU-0011";"15";"21.00";"0.050";"299.25";"188.99";"2654.24"
"ORD-10570";"2007-06-17 07:00:00";"delivered";"Maurice";"Taylor";"maurice.taylor@example.com";"Grains/Cereals";"Product VKCMF";"SKU-0056";"60";"38.00";"0.050";"2166.00";"188.99";"2654.24"
"ORD-10571";"2007-06-17 07:00:00";"delivered";"John";"Kane";"john.kane@example.com";"Produce";"Product PWCJB";"SKU-0014";"11";"23.25";"0.150";"217.39";"26.06";"576.65"
"ORD-10571";"2007-06-17 07:00:00";"delivered";"John";"Kane";"john.kane@example.com";"Grains/Cereals";"Product RJVNM";"SKU-0042";"28";"14.00";"0.150";"333.20";"26.06";"576.65"
"ORD-10569";"2007-06-16 07:00:00";"delivered";"Michael";"Moore";"michael.moore@example.com";"Beverages";"Product JYGFE";"SKU-0076";"30";"18.00";"0.000";"540.00";"58.98";"948.98"
"ORD-10569";"2007-06-16 07:00:00";"delivered";"Michael";"Moore";"michael.moore@example.com";"Dairy Product";"Product XWOXC";"SKU-0031";"35";"12.50";"0.200";"350.00";"58.98";"948.98"
"ORD-10568";"2007-06-13 07:00:00";"delivered";"Katerina";"Kolesnikova";"katerina.kolesnikova@example.com";"Seafood";"Product YHXGE";"SKU-0010";"5";"31.00";"0.000";"155.00";"6.54";"161.54"
"ORD-10566";"2007-06-12 07:00:00";"delivered";"Dushyant";"Bansal";"dushyant.bansal@example.com";"Dairy Product";"Product QMVUN";"SKU-0011";"35";"21.00";"0.150";"624.75";"88.40";"1849.40"
"ORD-10567";"2007-06-12 07:00:00";"delivered";"Ovidiu V.";"Craciun";"ovidiuv.craciun@example.com";"Dairy Product";"Product UKXRI";"SKU-0059";"40";"55.00";"0.200";"1760.00";"33.97";"2552.97"
"ORD-10566";"2007-06-12 07:00:00";"delivered";"Dushyant";"Bansal";"dushyant.bansal@example.com";"Beverages";"Product JYGFE";"SKU-0076";"10";"18.00";"0.000";"180.00";"88.40";"1849.40"
"ORD-10567";"2007-06-12 07:00:00";"delivered";"Ovidiu V.";"Craciun";"ovidiuv.craciun@example.com";"Produce";"Product APITJ";"SKU-0051";"3";"53.00";"0.000";"159.00";"33.97";"2552.97"
"ORD-10567";"2007-06-12 07:00:00";"delivered";"Ovidiu V.";"Craciun";"ovidiuv.craciun@example.com";"Dairy Product";"Product XWOXC";"SKU-0031";"60";"12.50";"0.200";"600.00";"33.97";"2552.97"
"ORD-10566";"2007-06-12 07:00:00";"delivered";"Dushyant";"Bansal";"dushyant.bansal@example.com";"Seafood";"Product CKEDC";"SKU-0018";"18";"62.50";"0.150";"956.25";"88.40";"1849.40"
"ORD-10565";"2007-06-11 07:00:00";"delivered";"Maurice";"Taylor";"maurice.taylor@example.com";"Beverages";"Product QOGNU";"SKU-0024";"25";"4.50";"0.100";"101.25";"7.15";"647.05"
"ORD-10565";"2007-06-11 07:00:00";"delivered";"Maurice";"Taylor";"maurice.taylor@example.com";"Grains/Cereals";"Product HCQDE";"SKU-0064";"18";"33.25";"0.100";"538.65";"7.15";"647.05"
"ORD-10564";"2007-06-10 07:00:00";"delivered";"Michael";"Moore";"michael.moore@example.com";"Meat/Poultry";"Product BLCAX";"SKU-0017";"16";"39.00";"0.050";"592.80";"13.75";"1247.80"
"ORD-10564";"2007-06-10 07:00:00";"delivered";"Michael";"Moore";"michael.moore@example.com";"Meat/Poultry";"Product YYWRT";"SKU-0055";"25";"24.00";"0.050";"570.00";"13.75";"1247.80"
"ORD-10563";"2007-06-10 07:00:00";"delivered";"Euan";"Garden";"euan.garden@example.com";"Grains/Cereals";"Product QSRXF";"SKU-0052";"70";"7.00";"0.000";"490.00";"60.43";"1025.43"
"ORD-10564";"2007-06-10 07:00:00";"delivered";"Michael";"Moore";"michael.moore@example.com";"Dairy Product";"Product XWOXC";"SKU-0031";"6";"12.50";"0.050";"71.25";"13.75";"1247.80"
"ORD-10563";"2007-06-10 07:00:00";"delivered";"Euan";"Garden";"euan.garden@example.com";"Seafood";"Product GMKIJ";"SKU-0036";"25";"19.00";"0.000";"475.00";"60.43";"1025.43"
"ORD-10562";"2007-06-09 07:00:00";"delivered";"Florian";"Voss";"florian.voss@example.com";"Dairy Product";"Product ASTMN";"SKU-0033";"20";"2.50";"0.100";"45.00";"22.95";"511.65"
"ORD-10562";"2007-06-09 07:00:00";"delivered";"Florian";"Voss";"florian.voss@example.com";"Confections";"Product WUXYK";"SKU-0062";"10";"49.30";"0.100";"443.70";"22.95";"511.65"
"ORD-10561";"2007-06-06 07:00:00";"delivered";"Patricia";"San Juan";"patricia.sanjuan@example.com";"Produce";"Product APITJ";"SKU-0051";"50";"53.00";"0.000";"2650.00";"242.21";"3086.71"
"ORD-10561";"2007-06-06 07:00:00";"delivered";"Patricia";"San Juan";"patricia.sanjuan@example.com";"Condiments";"Product VJIEO";"SKU-0044";"10";"19.45";"0.000";"194.50";"242.21";"3086.71"
"ORD-10560";"2007-06-06 07:00:00";"delivered";"Jason";"Carlson";"jason.carlson@example.com";"Seafood";"Product LYERX";"SKU-0030";"20";"25.89";"0.000";"517.80";"36.65";"1109.08"
"ORD-10560";"2007-06-06 07:00:00";"delivered";"Jason";"Carlson";"jason.carlson@example.com";"Confections";"Product WUXYK";"SKU-0062";"15";"49.30";"0.250";"554.63";"36.65";"1109.08"
"ORD-10559";"2007-06-05 07:00:00";"delivered";"Dushyant";"Bansal";"dushyant.bansal@example.com";"Meat/Poultry";"Product YYWRT";"SKU-0055";"18";"24.00";"0.050";"410.40";"8.05";"528.46"
"ORD-10559";"2007-06-05 07:00:00";"delivered";"Dushyant";"Bansal";"dushyant.bansal@example.com";"Seafood";"Product TTEEX";"SKU-0041";"12";"9.65";"0.050";"110.01";"8.05";"528.46"
"ORD-10558";"2007-06-04 07:00:00";"delivered";"Torsten";"Arndt";"torsten.arndt@example.com";"Meat/Poultry";"Product BKGEA";"SKU-0053";"18";"32.80";"0.000";"590.40";"72.97";"2215.87"
"ORD-10558";"2007-06-04 07:00:00";"delivered";"Torsten";"Arndt";"torsten.arndt@example.com";"Produce";"Product APITJ";"SKU-0051";"20";"53.00";"0.000";"1060.00";"72.97";"2215.87"
"ORD-10558";"2007-06-04 07:00:00";"delivered";"Torsten";"Arndt";"torsten.arndt@example.com";"Grains/Cereals";"Product QSRXF";"SKU-0052";"30";"7.00";"0.000";"210.00";"72.97";"2215.87"
"ORD-10558";"2007-06-04 07:00:00";"delivered";"Torsten";"Arndt";"torsten.arndt@example.com";"Seafood";"Product WEUJZ";"SKU-0073";"3";"15.00";"0.000";"45.00";"72.97";"2215.87"
"ORD-10558";"2007-06-04 07:00:00";"delivered";"Torsten";"Arndt";"torsten.arndt@example.com";"Confections";"Product EZZPR";"SKU-0047";"25";"9.50";"0.000";"237.50";"72.97";"2215.87"
"ORD-10557";"2007-06-03 07:00:00";"delivered";"George";"Louverdis";"george.louverdis@example.com";"Beverages";"Product BWRLG";"SKU-0075";"20";"7.75";"0.000";"155.00";"96.72";"1249.22"
"ORD-10557";"2007-06-03 07:00:00";"delivered";"George";"Louverdis";"george.louverdis@example.com";"Grains/Cereals";"Product HCQDE";"SKU-0064";"30";"33.25";"0.000";"997.50";"96.72";"1249.22"
"ORD-10556";"2007-06-03 07:00:00";"delivered";"Nuria";"Gonzalez";"nuria.gonzalez@example.com";"Dairy Product";"Product GEEOO";"SKU-0072";"24";"34.80";"0.000";"835.20";"9.80";"845.00"
"ORD-10555";"2007-06-02 07:00:00";"delivered";"Tomás";"Navarro";"tomas.navarro@example.com";"Produce";"Product APITJ";"SKU-0051";"20";"53.00";"0.200";"848.00";"252.49";"3196.89"
"ORD-10555";"2007-06-02 07:00:00";"delivered";"Tomás";"Navarro";"tomas.navarro@example.com";"Confections";"Product XKXDO";"SKU-0019";"35";"9.20";"0.200";"257.60";"252.49";"3196.89"
"ORD-10555";"2007-06-02 07:00:00";"delivered";"Tomás";"Navarro";"tomas.navarro@example.com";"Grains/Cereals";"Product VKCMF";"SKU-0056";"40";"38.00";"0.200";"1216.00";"252.49";"3196.89"
"ORD-10555";"2007-06-02 07:00:00";"delivered";"Tomás";"Navarro";"tomas.navarro@example.com";"Produce";"Product PWCJB";"SKU-0014";"30";"23.25";"0.200";"558.00";"252.49";"3196.89"
"ORD-10555";"2007-06-02 07:00:00";"delivered";"Tomás";"Navarro";"tomas.navarro@example.com";"Beverages";"Product QOGNU";"SKU-0024";"18";"4.50";"0.200";"64.80";"252.49";"3196.89"
"ORD-10553";"2007-05-30 07:00:00";"delivered";"Michael";"Ludwig";"michael.ludwig@example.com";"Dairy Product";"Product XWOXC";"SKU-0031";"30";"12.50";"0.000";"375.00";"149.49";"1695.79"
"ORD-10553";"2007-05-30 07:00:00";"delivered";"Michael";"Ludwig";"michael.ludwig@example.com";"Beverages";"Product NEVTJ";"SKU-0035";"6";"18.00";"0.000";"108.00";"149.49";"1695.79"
"ORD-10553";"2007-05-30 07:00:00";"delivered";"Michael";"Ludwig";"michael.ludwig@example.com";"Grains/Cereals";"Product CPHFY";"SKU-0022";"24";"21.00";"0.000";"504.00";"149.49";"1695.79"
"ORD-10554";"2007-05-30 07:00:00";"delivered";"Nadejda";"Marinova";"nadejda.marinova@example.com";"Condiments";"Product LUNZZ";"SKU-0077";"10";"13.00";"0.050";"123.50";"120.97";"1849.50"
"ORD-10554";"2007-05-30 07:00:00";"delivered";"Nadejda";"Marinova";"nadejda.marinova@example.com";"Confections";"Product WUXYK";"SKU-0062";"20";"49.30";"0.050";"936.70";"120.97";"1849.50"
"ORD-10553";"2007-05-30 07:00:00";"delivered";"Michael";"Ludwig";"michael.ludwig@example.com";"Confections";"Product PAFRH";"SKU-0016";"14";"17.45";"0.000";"244.30";"149.49";"1695.79"
"ORD-10553";"2007-05-30 07:00:00";"delivered";"Michael";"Ludwig";"michael.ludwig@example.com";"Dairy Product";"Product QMVUN";"SKU-0011";"15";"21.00";"0.000";"315.00";"149.49";"1695.79"
"ORD-10554";"2007-05-30 07:00:00";"delivered";"Nadejda";"Marinova";"nadejda.marinova@example.com";"Grains/Cereals";"Product JLUDZ";"SKU-0023";"20";"9.00";"0.050";"171.00";"120.97";"1849.50"
"ORD-10554";"2007-05-30 07:00:00";"delivered";"Nadejda";"Marinova";"nadejda.marinova@example.com";"Confections";"Product PAFRH";"SKU-0016";"30";"17.45";"0.050";"497.33";"120.97";"1849.50"
"ORD-10552";"2007-05-29 07:00:00";"delivered";"Kris";"Langohr";"kris.langohr@example.com";"Dairy Product";"Product COAXA";"SKU-0069";"18";"36.00";"0.000";"648.00";"83.22";"963.72"
"ORD-10552";"2007-05-29 07:00:00";"delivered";"Kris";"Langohr";"kris.langohr@example.com";"Beverages";"Product BWRLG";"SKU-0075";"30";"7.75";"0.000";"232.50";"83.22";"963.72"
"ORD-10550";"2007-05-28 07:00:00";"delivered";"Rostislav";"Shabalin";"rostislav.shabalin@example.com";"Confections";"Product XKXDO";"SKU-0019";"10";"9.20";"0.000";"92.00";"4.32";"687.62"
"ORD-10551";"2007-05-28 07:00:00";"delivered";"Giorgio";"Cavaglieri";"giorgio.cavaglieri@example.com";"Beverages";"Product NEVTJ";"SKU-0035";"20";"18.00";"0.150";"306.00";"72.95";"1750.25"
"ORD-10551";"2007-05-28 07:00:00";"delivered";"Giorgio";"Cavaglieri";"giorgio.cavaglieri@example.com";"Condiments";"Product VJIEO";"SKU-0044";"40";"19.45";"0.000";"778.00";"72.95";"1750.25"
"ORD-10550";"2007-05-28 07:00:00";"delivered";"Rostislav";"Shabalin";"rostislav.shabalin@example.com";"Condiments";"Product XYZPE";"SKU-0061";"10";"28.50";"0.100";"256.50";"4.32";"687.62"
"ORD-10551";"2007-05-28 07:00:00";"delivered";"Giorgio";"Cavaglieri";"giorgio.cavaglieri@example.com";"Confections";"Product PAFRH";"SKU-0016";"40";"17.45";"0.150";"593.30";"72.95";"1750.25"
"ORD-10550";"2007-05-28 07:00:00";"delivered";"Rostislav";"Shabalin";"rostislav.shabalin@example.com";"Meat/Poultry";"Product BLCAX";"SKU-0017";"8";"39.00";"0.100";"280.80";"4.32";"687.62"
"ORD-10550";"2007-05-28 07:00:00";"delivered";"Rostislav";"Shabalin";"rostislav.shabalin@example.com";"Confections";"Product VJZZH";"SKU-0021";"6";"10.00";"0.100";"54.00";"4.32";"687.62"
"ORD-10549";"2007-05-27 07:00:00";"delivered";"Giorgio";"Veronesi";"giorgio.veronesi@example.com";"Dairy Product";"Product XWOXC";"SKU-0031";"55";"12.50";"0.150";"584.38";"171.24";"3725.52"
"ORD-10549";"2007-05-27 07:00:00";"delivered";"Giorgio";"Veronesi";"giorgio.veronesi@example.com";"Seafood";"Product AQOKR";"SKU-0045";"100";"9.50";"0.150";"807.50";"171.24";"3725.52"
"ORD-10549";"2007-05-27 07:00:00";"delivered";"Giorgio";"Veronesi";"giorgio.veronesi@example.com";"Produce";"Product APITJ";"SKU-0051";"48";"53.00";"0.150";"2162.40";"171.24";"3725.52"
"ORD-10548";"2007-05-26 07:00:00";"delivered";"Jim";"Wickham";"jim.wickham@example.com";"Beverages";"Product SWNJY";"SKU-0034";"10";"14.00";"0.250";"105.00";"1.43";"241.53"
"ORD-10548";"2007-05-26 07:00:00";"delivered";"Jim";"Wickham";"jim.wickham@example.com";"Seafood";"Product TTEEX";"SKU-0041";"14";"9.65";"0.000";"135.10";"1.43";"241.53"
"ORD-10546";"2007-05-23 07:00:00";"delivered";"Sittichai";"Tuntisangaroon";"sittichai.tuntisangaroon@example.com";"Beverages";"Product NEVTJ";"SKU-0035";"30";"18.00";"0.000";"540.00";"194.72";"3006.72"
"ORD-10546";"2007-05-23 07:00:00";"delivered";"Sittichai";"Tuntisangaroon";"sittichai.tuntisangaroon@example.com";"Produce";"Product HMLNI";"SKU-0007";"10";"30.00";"0.000";"300.00";"194.72";"3006.72"
"ORD-10546";"2007-05-23 07:00:00";"delivered";"Sittichai";"Tuntisangaroon";"sittichai.tuntisangaroon@example.com";"Confections";"Product WUXYK";"SKU-0062";"40";"49.30";"0.000";"1972.00";"194.72";"3006.72"
"ORD-10547";"2007-05-23 07:00:00";"delivered";"Brian";"Welcker";"brian.welcker@example.com";"Seafood";"Product GMKIJ";"SKU-0036";"60";"19.00";"0.000";"1140.00";"178.43";"1971.23"
"ORD-10547";"2007-05-23 07:00:00";"delivered";"Brian";"Welcker";"brian.welcker@example.com";"Dairy Product";"Product NUNAW";"SKU-0032";"24";"32.00";"0.150";"652.80";"178.43";"1971.23"
"ORD-10545";"2007-05-22 07:00:00";"delivered";"Anu";"Deshpande";"anu.deshpande@example.com";"Dairy Product";"Product QMVUN";"SKU-0011";"10";"21.00";"0.000";"210.00";"11.92";"221.92"
"ORD-10543";"2007-05-21 07:00:00";"delivered";"Marlies";"Dressler";"marlies.dressler@example.com";"Dairy Product";"Product OSFNS";"SKU-0012";"30";"38.00";"0.150";"969.00";"48.17";"1552.67"
"ORD-10544";"2007-05-21 07:00:00";"delivered";"Radoslaw";"Szymczak";"radosaw.szymczak@example.com";"Beverages";"Product XLXQF";"SKU-0067";"7";"14.00";"0.000";"98.00";"24.91";"442.11"
"ORD-10544";"2007-05-21 07:00:00";"delivered";"Radoslaw";"Szymczak";"radosaw.szymczak@example.com";"Produce";"Product OFBNT";"SKU-0028";"7";"45.60";"0.000";"319.20";"24.91";"442.11"
"ORD-10543";"2007-05-21 07:00:00";"delivered";"Marlies";"Dressler";"marlies.dressler@example.com";"Grains/Cereals";"Product JLUDZ";"SKU-0023";"70";"9.00";"0.150";"535.50";"48.17";"1552.67"
"ORD-10542";"2007-05-20 07:00:00";"delivered";"Lolan";"Song";"lolan.song@example.com";"Meat/Poultry";"Product QAQRL";"SKU-0054";"24";"7.45";"0.050";"169.86";"10.95";"480.06"
"ORD-10542";"2007-05-20 07:00:00";"delivered";"Lolan";"Song";"lolan.song@example.com";"Dairy Product";"Product QMVUN";"SKU-0011";"15";"21.00";"0.050";"299.25";"10.95";"480.06"
"ORD-10540";"2007-05-19 07:00:00";"delivered";"Giorgio";"Veronesi";"giorgio.veronesi@example.com";"Confections";"Product TBTBL";"SKU-0068";"35";"12.50";"0.000";"437.50";"1007.64";"11199.34"
"ORD-10540";"2007-05-19 07:00:00";"delivered";"Giorgio";"Veronesi";"giorgio.veronesi@example.com";"Beverages";"Product QDOMO";"SKU-0038";"30";"263.50";"0.000";"7905.00";"1007.64";"11199.34"
"ORD-10541";"2007-05-19 07:00:00";"delivered";"Shy";"Cohen";"shy.cohen@example.com";"Beverages";"Product QDOMO";"SKU-0038";"4";"263.50";"0.100";"948.60";"68.65";"2015.17"
"ORD-10541";"2007-05-19 07:00:00";"delivered";"Shy";"Cohen";"shy.cohen@example.com";"Condiments";"Product XYWBZ";"SKU-0065";"36";"21.05";"0.100";"682.02";"68.65";"2015.17"
"ORD-10541";"2007-05-19 07:00:00";"delivered";"Shy";"Cohen";"shy.cohen@example.com";"Dairy Product";"Product MYMOI";"SKU-0071";"9";"21.50";"0.100";"174.15";"68.65";"2015.17"
"ORD-10540";"2007-05-19 07:00:00";"delivered";"Giorgio";"Veronesi";"giorgio.veronesi@example.com";"Confections";"Product HLGZA";"SKU-0026";"40";"31.23";"0.000";"1249.20";"1007.64";"11199.34"
"ORD-10541";"2007-05-19 07:00:00";"delivered";"Shy";"Cohen";"shy.cohen@example.com";"Beverages";"Product QOGNU";"SKU-0024";"35";"4.50";"0.100";"141.75";"68.65";"2015.17"
"ORD-10540";"2007-05-19 07:00:00";"delivered";"Giorgio";"Veronesi";"giorgio.veronesi@example.com";"Condiments";"Product IMEHJ";"SKU-0003";"60";"10.00";"0.000";"600.00";"1007.64";"11199.34"
"ORD-10539";"2007-05-16 07:00:00";"delivered";"David";"Jaffe";"david.jaffe@example.com";"Dairy Product";"Product ASTMN";"SKU-0033";"15";"2.50";"0.000";"37.50";"12.36";"367.86"
"ORD-10539";"2007-05-16 07:00:00";"delivered";"David";"Jaffe";"david.jaffe@example.com";"Seafood";"Product POXFU";"SKU-0013";"8";"6.00";"0.000";"48.00";"12.36";"367.86"
"ORD-10539";"2007-05-16 07:00:00";"delivered";"David";"Jaffe";"david.jaffe@example.com";"Confections";"Product VJZZH";"SKU-0021";"15";"10.00";"0.000";"150.00";"12.36";"367.86"
"ORD-10539";"2007-05-16 07:00:00";"delivered";"David";"Jaffe";"david.jaffe@example.com";"Confections";"Product FPYPN";"SKU-0049";"6";"20.00";"0.000";"120.00";"12.36";"367.86"
"ORD-10538";"2007-05-15 07:00:00";"delivered";"David";"Jaffe";"david.jaffe@example.com";"Beverages";"Product TOONT";"SKU-0070";"7";"15.00";"0.000";"105.00";"4.87";"144.67"
"ORD-10538";"2007-05-15 07:00:00";"delivered";"David";"Jaffe";"david.jaffe@example.com";"Dairy Product";"Product GEEOO";"SKU-0072";"1";"34.80";"0.000";"34.80";"4.87";"144.67"
"ORD-10537";"2007-05-14 07:00:00";"delivered";"Jacek";"Myrcha";"jacek.myrcha@example.com";"Dairy Product";"Product XWOXC";"SKU-0031";"30";"12.50";"0.000";"375.00";"78.85";"1902.65"
"ORD-10536";"2007-05-14 07:00:00";"delivered";"George";"Louverdis";"george.louverdis@example.com";"Dairy Product";"Product WHBYK";"SKU-0060";"35";"34.00";"0.250";"892.50";"58.88";"1703.88"
"ORD-10537";"2007-05-14 07:00:00";"delivered";"Jacek";"Myrcha";"jacek.myrcha@example.com";"Seafood";"Product WEUJZ";"SKU-0073";"9";"15.00";"0.000";"135.00";"78.85";"1902.65"
"ORD-10537";"2007-05-14 07:00:00";"delivered";"Jacek";"Myrcha";"jacek.myrcha@example.com";"Dairy Product";"Product GEEOO";"SKU-0072";"21";"34.80";"0.000";"730.80";"78.85";"1902.65"
"ORD-10537";"2007-05-14 07:00:00";"delivered";"Jacek";"Myrcha";"jacek.myrcha@example.com";"Seafood";"Product ACRVI";"SKU-0058";"20";"13.25";"0.000";"265.00";"78.85";"1902.65"
"ORD-10537";"2007-05-14 07:00:00";"delivered";"Jacek";"Myrcha";"jacek.myrcha@example.com";"Produce";"Product APITJ";"SKU-0051";"6";"53.00";"0.000";"318.00";"78.85";"1902.65"
"ORD-10536";"2007-05-14 07:00:00";"delivered";"George";"Louverdis";"george.louverdis@example.com";"Dairy Product";"Product ASTMN";"SKU-0033";"30";"2.50";"0.000";"75.00";"58.88";"1703.88"
"ORD-10536";"2007-05-14 07:00:00";"delivered";"George";"Louverdis";"george.louverdis@example.com";"Dairy Product";"Product XWOXC";"SKU-0031";"20";"12.50";"0.000";"250.00";"58.88";"1703.88"
"ORD-10536";"2007-05-14 07:00:00";"delivered";"George";"Louverdis";"george.louverdis@example.com";"Dairy Product";"Product OSFNS";"SKU-0012";"15";"38.00";"0.250";"427.50";"58.88";"1703.88"
"ORD-10535";"2007-05-13 07:00:00";"delivered";"John";"Peoples";"john.peoples@example.com";"Seafood";"Product YZIXQ";"SKU-0040";"10";"18.40";"0.100";"165.60";"15.64";"1956.49"
"ORD-10535";"2007-05-13 07:00:00";"delivered";"John";"Peoples";"john.peoples@example.com";"Grains/Cereals";"Product OVLQI";"SKU-0057";"5";"19.50";"0.100";"87.75";"15.64";"1956.49"
"ORD-10535";"2007-05-13 07:00:00";"delivered";"John";"Peoples";"john.peoples@example.com";"Dairy Product";"Product QMVUN";"SKU-0011";"50";"21.00";"0.100";"945.00";"15.64";"1956.49"
"ORD-10535";"2007-05-13 07:00:00";"delivered";"John";"Peoples";"john.peoples@example.com";"Dairy Product";"Product UKXRI";"SKU-0059";"15";"55.00";"0.100";"742.50";"15.64";"1956.49"
"ORD-10534";"2007-05-12 07:00:00";"delivered";"George";"Louverdis";"george.louverdis@example.com";"Meat/Poultry";"Product QAQRL";"SKU-0054";"10";"7.45";"0.200";"59.60";"27.94";"493.64"
"ORD-10533";"2007-05-12 07:00:00";"delivered";"Patricia";"San Juan";"patricia.sanjuan@example.com";"Seafood";"Product WEUJZ";"SKU-0073";"24";"15.00";"0.050";"342.00";"188.04";"2410.24"
"ORD-10533";"2007-05-12 07:00:00";"delivered";"Patricia";"San Juan";"patricia.sanjuan@example.com";"Dairy Product";"Product GEEOO";"SKU-0072";"24";"34.80";"0.000";"835.20";"188.04";"2410.24"
"ORD-10534";"2007-05-12 07:00:00";"delivered";"George";"Louverdis";"george.louverdis@example.com";"Seafood";"Product LYERX";"SKU-0030";"10";"25.89";"0.000";"258.90";"27.94";"493.64"
"ORD-10533";"2007-05-12 07:00:00";"delivered";"Patricia";"San Juan";"patricia.sanjuan@example.com";"Condiments";"Product KSBRM";"SKU-0004";"50";"22.00";"0.050";"1045.00";"188.04";"2410.24"
"ORD-10534";"2007-05-12 07:00:00";"delivered";"George";"Louverdis";"george.louverdis@example.com";"Seafood";"Product YZIXQ";"SKU-0040";"10";"18.40";"0.200";"147.20";"27.94";"493.64"
"ORD-10532";"2007-05-09 07:00:00";"delivered";"Randall";"Boseman";"randall.boseman@example.com";"Seafood";"Product LYERX";"SKU-0030";"15";"25.89";"0.000";"388.35";"74.46";"870.81"
"ORD-10532";"2007-05-09 07:00:00";"delivered";"Randall";"Boseman";"randall.boseman@example.com";"Condiments";"Product LQMGN";"SKU-0066";"24";"17.00";"0.000";"408.00";"74.46";"870.81"
"ORD-10530";"2007-05-08 07:00:00";"delivered";"Tosh";"Meston";"tosh.meston@example.com";"Condiments";"Product XYZPE";"SKU-0061";"20";"28.50";"0.000";"570.00";"339.22";"4519.22"
"ORD-10530";"2007-05-08 07:00:00";"delivered";"Tosh";"Meston";"tosh.meston@example.com";"Beverages";"Product JYGFE";"SKU-0076";"50";"18.00";"0.000";"900.00";"339.22";"4519.22"
"ORD-10531";"2007-05-08 07:00:00";"delivered";"Mike";"Tiano";"mike.tiano@example.com";"Dairy Product";"Product UKXRI";"SKU-0059";"2";"55.00";"0.000";"110.00";"8.12";"118.12"
"ORD-10530";"2007-05-08 07:00:00";"delivered";"Tosh";"Meston";"tosh.meston@example.com";"Meat/Poultry";"Product BLCAX";"SKU-0017";"40";"39.00";"0.000";"1560.00";"339.22";"4519.22"
"ORD-10530";"2007-05-08 07:00:00";"delivered";"Tosh";"Meston";"tosh.meston@example.com";"Beverages";"Product ZZZHR";"SKU-0043";"25";"46.00";"0.000";"1150.00";"339.22";"4519.22"
"ORD-10529";"2007-05-07 07:00:00";"delivered";"Donald";"Mace";"donald.mace@example.com";"Confections";"Product TBTBL";"SKU-0068";"20";"12.50";"0.000";"250.00";"66.69";"1012.69"
"ORD-10529";"2007-05-07 07:00:00";"delivered";"Donald";"Mace";"donald.mace@example.com";"Meat/Poultry";"Product YYWRT";"SKU-0055";"14";"24.00";"0.000";"336.00";"66.69";"1012.69"
"ORD-10529";"2007-05-07 07:00:00";"delivered";"Donald";"Mace";"donald.mace@example.com";"Dairy Product";"Product COAXA";"SKU-0069";"10";"36.00";"0.000";"360.00";"66.69";"1012.69"
"ORD-10528";"2007-05-06 07:00:00";"delivered";"Venky";"Krishnan";"venky.krishnan@example.com";"Dairy Product";"Product GEEOO";"SKU-0072";"9";"34.80";"0.000";"313.20";"3.35";"395.55"
"ORD-10528";"2007-05-06 07:00:00";"delivered";"Venky";"Krishnan";"venky.krishnan@example.com";"Dairy Product";"Product QMVUN";"SKU-0011";"3";"21.00";"0.000";"63.00";"3.35";"395.55"
"ORD-10528";"2007-05-06 07:00:00";"delivered";"Venky";"Krishnan";"venky.krishnan@example.com";"Dairy Product";"Product ASTMN";"SKU-0033";"8";"2.50";"0.200";"16.00";"3.35";"395.55"
"ORD-10526";"2007-05-05 07:00:00";"delivered";"Michael";"Ludwig";"michael.ludwig@example.com";"Grains/Cereals";"Product VKCMF";"SKU-0056";"30";"38.00";"0.150";"969.00";"58.59";"1209.99"
"ORD-10526";"2007-05-05 07:00:00";"delivered";"Michael";"Ludwig";"michael.ludwig@example.com";"Seafood";"Product POXFU";"SKU-0013";"10";"6.00";"0.000";"60.00";"58.59";"1209.99"
"ORD-10526";"2007-05-05 07:00:00";"delivered";"Michael";"Ludwig";"michael.ludwig@example.com";"Beverages";"Product HHYDP";"SKU-0001";"8";"18.00";"0.150";"122.40";"58.59";"1209.99"
"ORD-10527";"2007-05-05 07:00:00";"delivered";"Giorgio";"Veronesi";"giorgio.veronesi@example.com";"Seafood";"Product GMKIJ";"SKU-0036";"30";"19.00";"0.100";"513.00";"41.90";"1544.90"
"ORD-10527";"2007-05-05 07:00:00";"delivered";"Giorgio";"Veronesi";"giorgio.veronesi@example.com";"Condiments";"Product KSBRM";"SKU-0004";"50";"22.00";"0.100";"990.00";"41.90";"1544.90"
"ORD-10525";"2007-05-02 07:00:00";"delivered";"Amritansh";"Raghav";"amritansh.raghav@example.com";"Seafood";"Product GMKIJ";"SKU-0036";"30";"19.00";"0.000";"570.00";"11.06";"829.46"
"ORD-10525";"2007-05-02 07:00:00";"delivered";"Amritansh";"Raghav";"amritansh.raghav@example.com";"Seafood";"Product YZIXQ";"SKU-0040";"15";"18.40";"0.100";"248.40";"11.06";"829.46"
"ORD-10524";"2007-05-01 07:00:00";"delivered";"Tom";"Higginbotham";"tom.higginbotham@example.com";"Meat/Poultry";"Product QAQRL";"SKU-0054";"15";"7.45";"0.000";"111.75";"244.79";"3437.44"
"ORD-10524";"2007-05-01 07:00:00";"delivered";"Tom";"Higginbotham";"tom.higginbotham@example.com";"Seafood";"Product LYERX";"SKU-0030";"10";"25.89";"0.000";"258.90";"244.79";"3437.44"
"ORD-10524";"2007-05-01 07:00:00";"delivered";"Tom";"Higginbotham";"tom.higginbotham@example.com";"Seafood";"Product YHXGE";"SKU-0010";"2";"31.00";"0.000";"62.00";"244.79";"3437.44"
"ORD-10523";"2007-05-01 07:00:00";"delivered";"Brian";"Welcker";"brian.welcker@example.com";"Seafood";"Product EVFFA";"SKU-0037";"18";"26.00";"0.100";"421.20";"77.63";"2521.94"
"ORD-10523";"2007-05-01 07:00:00";"delivered";"Brian";"Welcker";"brian.welcker@example.com";"Meat/Poultry";"Product BLCAX";"SKU-0017";"25";"39.00";"0.100";"877.50";"77.63";"2521.94"
"ORD-10523";"2007-05-01 07:00:00";"delivered";"Brian";"Welcker";"brian.welcker@example.com";"Seafood";"Product TTEEX";"SKU-0041";"6";"9.65";"0.100";"52.11";"77.63";"2521.94"
"ORD-10524";"2007-05-01 07:00:00";"delivered";"Tom";"Higginbotham";"tom.higginbotham@example.com";"Beverages";"Product ZZZHR";"SKU-0043";"60";"46.00";"0.000";"2760.00";"244.79";"3437.44"
"ORD-10523";"2007-05-01 07:00:00";"delivered";"Brian";"Welcker";"brian.welcker@example.com";"Confections";"Product QHFFP";"SKU-0020";"15";"81.00";"0.100";"1093.50";"77.63";"2521.94"
"ORD-10522";"2007-04-30 07:00:00";"delivered";"George";"Louverdis";"george.louverdis@example.com";"Seafood";"Product LYERX";"SKU-0030";"20";"25.89";"0.200";"414.24";"45.33";"2363.57"
"ORD-10522";"2007-04-30 07:00:00";"delivered";"George";"Louverdis";"george.louverdis@example.com";"Condiments";"Product WVJFP";"SKU-0008";"24";"40.00";"0.000";"960.00";"45.33";"2363.57"
"ORD-10522";"2007-04-30 07:00:00";"delivered";"George";"Louverdis";"george.louverdis@example.com";"Beverages";"Product HHYDP";"SKU-0001";"40";"18.00";"0.200";"576.00";"45.33";"2363.57"
"ORD-10522";"2007-04-30 07:00:00";"delivered";"George";"Louverdis";"george.louverdis@example.com";"Seafood";"Product YZIXQ";"SKU-0040";"25";"18.40";"0.200";"368.00";"45.33";"2363.57"
"ORD-10520";"2007-04-29 07:00:00";"delivered";"Kaspars";"Ginters";"kaspars.ginters@example.com";"Meat/Poultry";"Product BKGEA";"SKU-0053";"5";"32.80";"0.000";"164.00";"13.37";"213.37"
"ORD-10521";"2007-04-29 07:00:00";"delivered";"Mike";"Ray";"mike.ray@example.com";"Seafood";"Product TTEEX";"SKU-0041";"10";"9.65";"0.000";"96.50";"17.22";"242.72"
"ORD-10520";"2007-04-29 07:00:00";"delivered";"Kaspars";"Ginters";"kaspars.ginters@example.com";"Beverages";"Product QOGNU";"SKU-0024";"8";"4.50";"0.000";"36.00";"13.37";"213.37"
"ORD-10521";"2007-04-29 07:00:00";"delivered";"Mike";"Ray";"mike.ray@example.com";"Beverages";"Product NEVTJ";"SKU-0035";"3";"18.00";"0.000";"54.00";"17.22";"242.72"
"ORD-10521";"2007-04-29 07:00:00";"delivered";"Mike";"Ray";"mike.ray@example.com";"Confections";"Product TBTBL";"SKU-0068";"6";"12.50";"0.000";"75.00";"17.22";"242.72"
"ORD-10519";"2007-04-28 07:00:00";"delivered";"Jacek";"Jelitto";"jacek.jelitto@example.com";"Seafood";"Product YHXGE";"SKU-0010";"16";"31.00";"0.050";"471.20";"91.76";"2405.96"
"ORD-10519";"2007-04-28 07:00:00";"delivered";"Jacek";"Jelitto";"jacek.jelitto@example.com";"Dairy Product";"Product WHBYK";"SKU-0060";"10";"34.00";"0.050";"323.00";"91.76";"2405.96"
"ORD-10519";"2007-04-28 07:00:00";"delivered";"Jacek";"Jelitto";"jacek.jelitto@example.com";"Grains/Cereals";"Product VKCMF";"SKU-0056";"40";"38.00";"0.000";"1520.00";"91.76";"2405.96"
"ORD-10518";"2007-04-25 07:00:00";"delivered";"Jens";"Geschwandtner";"jens.geschwandtner@example.com";"Condiments";"Product VJIEO";"SKU-0044";"9";"19.45";"0.000";"175.05";"218.15";"4368.20"
"ORD-10518";"2007-04-25 07:00:00";"delivered";"Jens";"Geschwandtner";"jens.geschwandtner@example.com";"Beverages";"Product QDOMO";"SKU-0038";"15";"263.50";"0.000";"3952.50";"218.15";"4368.20"
"ORD-10518";"2007-04-25 07:00:00";"delivered";"Jens";"Geschwandtner";"jens.geschwandtner@example.com";"Beverages";"Product QOGNU";"SKU-0024";"5";"4.50";"0.000";"22.50";"218.15";"4368.20"
"ORD-10517";"2007-04-24 07:00:00";"delivered";"Ken";"Mallit";"ken.mallit@example.com";"Beverages";"Product TOONT";"SKU-0070";"6";"15.00";"0.000";"90.00";"32.07";"384.07"
"ORD-10517";"2007-04-24 07:00:00";"delivered";"Ken";"Mallit";"ken.mallit@example.com";"Grains/Cereals";"Product QSRXF";"SKU-0052";"6";"7.00";"0.000";"42.00";"32.07";"384.07"
"ORD-10516";"2007-04-24 07:00:00";"delivered";"Ovidiu V.";"Craciun";"ovidiuv.craciun@example.com";"Seafood";"Product TTEEX";"SKU-0041";"80";"9.65";"0.100";"694.80";"62.78";"2443.83"
"ORD-10517";"2007-04-24 07:00:00";"delivered";"Ken";"Mallit";"ken.mallit@example.com";"Dairy Product";"Product UKXRI";"SKU-0059";"4";"55.00";"0.000";"220.00";"32.07";"384.07"
"ORD-10516";"2007-04-24 07:00:00";"delivered";"Ovidiu V.";"Craciun";"ovidiuv.craciun@example.com";"Grains/Cereals";"Product RJVNM";"SKU-0042";"20";"14.00";"0.000";"280.00";"62.78";"2443.83"
"ORD-10516";"2007-04-24 07:00:00";"delivered";"Ovidiu V.";"Craciun";"ovidiuv.craciun@example.com";"Seafood";"Product CKEDC";"SKU-0018";"25";"62.50";"0.100";"1406.25";"62.78";"2443.83"
"ORD-10515";"2007-04-23 07:00:00";"delivered";"Giorgio";"Veronesi";"giorgio.veronesi@example.com";"Dairy Product";"Product WHBYK";"SKU-0060";"84";"34.00";"0.150";"2427.60";"204.47";"10125.77"
"ORD-10515";"2007-04-23 07:00:00";"delivered";"Giorgio";"Veronesi";"giorgio.veronesi@example.com";"Dairy Product";"Product ASTMN";"SKU-0033";"16";"2.50";"0.150";"34.00";"204.47";"10125.77"
"ORD-10515";"2007-04-23 07:00:00";"delivered";"Giorgio";"Veronesi";"giorgio.veronesi@example.com";"Confections";"Product PAFRH";"SKU-0016";"50";"17.45";"0.000";"872.50";"204.47";"10125.77"
"ORD-10515";"2007-04-23 07:00:00";"delivered";"Giorgio";"Veronesi";"giorgio.veronesi@example.com";"Confections";"Product SMIOH";"SKU-0027";"120";"43.90";"0.000";"5268.00";"204.47";"10125.77"
"ORD-10515";"2007-04-23 07:00:00";"delivered";"Giorgio";"Veronesi";"giorgio.veronesi@example.com";"Meat/Poultry";"Product AOZBW";"SKU-0009";"16";"97.00";"0.150";"1319.20";"204.47";"10125.77"
"ORD-10513";"2007-04-22 07:00:00";"delivered";"Manoj";"Syamala";"manoj.syamala@example.com";"Condiments";"Product XYZPE";"SKU-0061";"15";"28.50";"0.200";"342.00";"105.65";"2047.65"
"ORD-10514";"2007-04-22 07:00:00";"delivered";"John";"Kane";"john.kane@example.com";"Produce";"Product OFBNT";"SKU-0028";"35";"45.60";"0.000";"1596.00";"789.95";"9413.40"
"ORD-10514";"2007-04-22 07:00:00";"delivered";"John";"Kane";"john.kane@example.com";"Condiments";"Product XYWBZ";"SKU-0065";"39";"21.05";"0.000";"820.95";"789.95";"9413.40"
"ORD-10513";"2007-04-22 07:00:00";"delivered";"Manoj";"Syamala";"manoj.syamala@example.com";"Confections";"Product VJZZH";"SKU-0021";"40";"10.00";"0.200";"320.00";"105.65";"2047.65"
"ORD-10513";"2007-04-22 07:00:00";"delivered";"Manoj";"Syamala";"manoj.syamala@example.com";"Dairy Product";"Product NUNAW";"SKU-0032";"50";"32.00";"0.200";"1280.00";"105.65";"2047.65"
"ORD-10514";"2007-04-22 07:00:00";"delivered";"John";"Kane";"john.kane@example.com";"Grains/Cereals";"Product VKCMF";"SKU-0056";"70";"38.00";"0.000";"2660.00";"789.95";"9413.40"
"ORD-10514";"2007-04-22 07:00:00";"delivered";"John";"Kane";"john.kane@example.com";"Confections";"Product QHFFP";"SKU-0020";"39";"81.00";"0.000";"3159.00";"789.95";"9413.40"
"ORD-10514";"2007-04-22 07:00:00";"delivered";"John";"Kane";"john.kane@example.com";"Beverages";"Product BWRLG";"SKU-0075";"50";"7.75";"0.000";"387.50";"789.95";"9413.40"
"ORD-10512";"2007-04-21 07:00:00";"delivered";"Giuseppe";"Russo";"giuseppe.russo@example.com";"Seafood";"Product CBRRL";"SKU-0046";"9";"12.00";"0.150";"91.80";"3.53";"528.83"
"ORD-10512";"2007-04-21 07:00:00";"delivered";"Giuseppe";"Russo";"giuseppe.russo@example.com";"Beverages";"Product QOGNU";"SKU-0024";"10";"4.50";"0.150";"38.25";"3.53";"528.83"
"ORD-10512";"2007-04-21 07:00:00";"delivered";"Giuseppe";"Russo";"giuseppe.russo@example.com";"Confections";"Product EZZPR";"SKU-0047";"6";"9.50";"0.150";"48.45";"3.53";"528.83"
"ORD-10512";"2007-04-21 07:00:00";"delivered";"Giuseppe";"Russo";"giuseppe.russo@example.com";"Dairy Product";"Product WHBYK";"SKU-0060";"12";"34.00";"0.150";"346.80";"3.53";"528.83"
"ORD-10511";"2007-04-18 07:00:00";"delivered";"Amritansh";"Raghav";"amritansh.raghav@example.com";"Condiments";"Product WVJFP";"SKU-0008";"10";"40.00";"0.150";"340.00";"350.64";"2900.64"
"ORD-10511";"2007-04-18 07:00:00";"delivered";"Amritansh";"Raghav";"amritansh.raghav@example.com";"Condiments";"Product KSBRM";"SKU-0004";"50";"22.00";"0.150";"935.00";"350.64";"2900.64"
"ORD-10510";"2007-04-18 07:00:00";"delivered";"Tomás";"Navarro";"tomas.navarro@example.com";"Beverages";"Product BWRLG";"SKU-0075";"36";"7.75";"0.100";"251.10";"367.63";"5075.17"
"ORD-10510";"2007-04-18 07:00:00";"delivered";"Tomás";"Navarro";"tomas.navarro@example.com";"Meat/Poultry";"Product VJXYN";"SKU-0029";"36";"123.79";"0.000";"4456.44";"367.63";"5075.17"
"ORD-10511";"2007-04-18 07:00:00";"delivered";"Amritansh";"Raghav";"amritansh.raghav@example.com";"Produce";"Product HMLNI";"SKU-0007";"50";"30.00";"0.150";"1275.00";"350.64";"2900.64"
"ORD-10509";"2007-04-17 07:00:00";"delivered";"Carole";"Poland";"carole.poland@example.com";"Produce";"Product OFBNT";"SKU-0028";"3";"45.60";"0.000";"136.80";"0.15";"136.95"
"ORD-10508";"2007-04-16 07:00:00";"delivered";"Nadejda";"Marinova";"nadejda.marinova@example.com";"Seafood";"Product POXFU";"SKU-0013";"10";"6.00";"0.000";"60.00";"4.99";"244.99"
"ORD-10508";"2007-04-16 07:00:00";"delivered";"Nadejda";"Marinova";"nadejda.marinova@example.com";"Beverages";"Product LSOFL";"SKU-0039";"10";"18.00";"0.000";"180.00";"4.99";"244.99"
"ORD-10507";"2007-04-15 07:00:00";"delivered";"John";"Peoples";"john.peoples@example.com";"Confections";"Product MYNXN";"SKU-0048";"15";"12.75";"0.150";"162.56";"47.45";"796.51"
"ORD-10506";"2007-04-15 07:00:00";"delivered";"Lolan";"Song";"lolan.song@example.com";"Confections";"Product LYLNI";"SKU-0025";"18";"14.00";"0.100";"226.80";"21.19";"436.99"
"ORD-10507";"2007-04-15 07:00:00";"delivered";"John";"Peoples";"john.peoples@example.com";"Beverages";"Product ZZZHR";"SKU-0043";"15";"46.00";"0.150";"586.50";"47.45";"796.51"
"ORD-10506";"2007-04-15 07:00:00";"delivered";"Lolan";"Song";"lolan.song@example.com";"Beverages";"Product TOONT";"SKU-0070";"14";"15.00";"0.100";"189.00";"21.19";"436.99"
"ORD-10505";"2007-04-14 07:00:00";"delivered";"Maurice";"Taylor";"maurice.taylor@example.com";"Confections";"Product WUXYK";"SKU-0062";"3";"49.30";"0.000";"147.90";"7.13";"155.03"
"ORD-10504";"2007-04-11 07:00:00";"delivered";"Ronaldo";"Smith Jr.";"ronaldo.smithjr@example.com";"Condiments";"Product XYZPE";"SKU-0061";"25";"28.50";"0.000";"712.50";"59.13";"1447.63"
"ORD-10503";"2007-04-11 07:00:00";"delivered";"Ovidiu V.";"Craciun";"ovidiuv.craciun@example.com";"Produce";"Product PWCJB";"SKU-0014";"70";"23.25";"0.000";"1627.50";"16.74";"2065.24"
"ORD-10503";"2007-04-11 07:00:00";"delivered";"Ovidiu V.";"Craciun";"ovidiuv.craciun@example.com";"Condiments";"Product XYWBZ";"SKU-0065";"20";"21.05";"0.000";"421.00";"16.74";"2065.24"
"ORD-10504";"2007-04-11 07:00:00";"delivered";"Ronaldo";"Smith Jr.";"ronaldo.smithjr@example.com";"Confections";"Product VJZZH";"SKU-0021";"12";"10.00";"0.000";"120.00";"59.13";"1447.63"
"ORD-10504";"2007-04-11 07:00:00";"delivered";"Ronaldo";"Smith Jr.";"ronaldo.smithjr@example.com";"Beverages";"Product RECZE";"SKU-0002";"12";"19.00";"0.000";"228.00";"59.13";"1447.63"
"ORD-10504";"2007-04-11 07:00:00";"delivered";"Ronaldo";"Smith Jr.";"ronaldo.smithjr@example.com";"Meat/Poultry";"Product BKGEA";"SKU-0053";"10";"32.80";"0.000";"328.00";"59.13";"1447.63"
"ORD-10502";"2007-04-10 07:00:00";"delivered";"Fadi";"Fakhouri";"fadi.fakhouri@example.com";"Seafood";"Product AQOKR";"SKU-0045";"21";"9.50";"0.000";"199.50";"69.32";"885.62"
"ORD-10502";"2007-04-10 07:00:00";"delivered";"Fadi";"Fakhouri";"fadi.fakhouri@example.com";"Meat/Poultry";"Product BKGEA";"SKU-0053";"6";"32.80";"0.000";"196.80";"69.32";"885.62"
"ORD-10502";"2007-04-10 07:00:00";"delivered";"Fadi";"Fakhouri";"fadi.fakhouri@example.com";"Beverages";"Product XLXQF";"SKU-0067";"30";"14.00";"0.000";"420.00";"69.32";"885.62"
"ORD-10500";"2007-04-09 07:00:00";"delivered";"Tim";"Litton";"tim.litton@example.com";"Produce";"Product OFBNT";"SKU-0028";"8";"45.60";"0.050";"346.56";"42.68";"565.94"
"ORD-10500";"2007-04-09 07:00:00";"delivered";"Tim";"Litton";"tim.litton@example.com";"Condiments";"Product KSZOI";"SKU-0015";"12";"15.50";"0.050";"176.70";"42.68";"565.94"
"ORD-10501";"2007-04-09 07:00:00";"delivered";"Carole";"Poland";"carole.poland@example.com";"Meat/Poultry";"Product QAQRL";"SKU-0054";"20";"7.45";"0.000";"149.00";"8.85";"157.85"
"ORD-10499";"2007-04-08 07:00:00";"delivered";"Marlies";"Dressler";"marlies.dressler@example.com";"Produce";"Product OFBNT";"SKU-0028";"20";"45.60";"0.000";"912.00";"102.02";"1514.02"
"ORD-10499";"2007-04-08 07:00:00";"delivered";"Marlies";"Dressler";"marlies.dressler@example.com";"Confections";"Product FPYPN";"SKU-0049";"25";"20.00";"0.000";"500.00";"102.02";"1514.02"
"ORD-10498";"2007-04-07 07:00:00";"delivered";"Kris";"Langohr";"kris.langohr@example.com";"Beverages";"Product QOGNU";"SKU-0024";"14";"4.50";"0.000";"63.00";"29.75";"604.75"
"ORD-10498";"2007-04-07 07:00:00";"delivered";"Kris";"Langohr";"kris.langohr@example.com";"Seafood";"Product YZIXQ";"SKU-0040";"5";"18.40";"0.000";"92.00";"29.75";"604.75"
"ORD-10498";"2007-04-07 07:00:00";"delivered";"Kris";"Langohr";"kris.langohr@example.com";"Grains/Cereals";"Product RJVNM";"SKU-0042";"30";"14.00";"0.000";"420.00";"29.75";"604.75"
"ORD-10497";"2007-04-04 07:00:00";"delivered";"George";"Louverdis";"george.louverdis@example.com";"Dairy Product";"Product GEEOO";"SKU-0072";"25";"27.80";"0.000";"695.00";"36.21";"1416.81"
"ORD-10497";"2007-04-04 07:00:00";"delivered";"George";"Louverdis";"george.louverdis@example.com";"Condiments";"Product LUNZZ";"SKU-0077";"25";"10.40";"0.000";"260.00";"36.21";"1416.81"
"ORD-10497";"2007-04-04 07:00:00";"delivered";"George";"Louverdis";"george.louverdis@example.com";"Grains/Cereals";"Product VKCMF";"SKU-0056";"14";"30.40";"0.000";"425.60";"36.21";"1416.81"
"ORD-10496";"2007-04-04 07:00:00";"delivered";"Jean-Philippe";"Nagel";"jeanphilippe.nagel@example.com";"Dairy Product";"Product XWOXC";"SKU-0031";"20";"10.00";"0.050";"190.00";"46.77";"236.77"
"ORD-10495";"2007-04-03 07:00:00";"delivered";"Dominik";"Steiner";"dominik.steiner@example.com";"Seafood";"Product TTEEX";"SKU-0041";"20";"7.70";"0.000";"154.00";"4.65";"282.65"
"ORD-10495";"2007-04-03 07:00:00";"delivered";"Dominik";"Steiner";"dominik.steiner@example.com";"Condiments";"Product LUNZZ";"SKU-0077";"5";"10.40";"0.000";"52.00";"4.65";"282.65"
"ORD-10495";"2007-04-03 07:00:00";"delivered";"Dominik";"Steiner";"dominik.steiner@example.com";"Grains/Cereals";"Product JLUDZ";"SKU-0023";"10";"7.20";"0.000";"72.00";"4.65";"282.65"
"ORD-10493";"2007-04-02 07:00:00";"delivered";"Tim";"Litton";"tim.litton@example.com";"Condiments";"Product LQMGN";"SKU-0066";"10";"13.60";"0.100";"122.40";"10.64";"619.04"
"ORD-10493";"2007-04-02 07:00:00";"delivered";"Tim";"Litton";"tim.litton@example.com";"Condiments";"Product XYWBZ";"SKU-0065";"15";"16.80";"0.100";"226.80";"10.64";"619.04"
"ORD-10494";"2007-04-02 07:00:00";"delivered";"Shawn";"Richardson";"shawn.richardson@example.com";"Grains/Cereals";"Product VKCMF";"SKU-0056";"30";"30.40";"0.000";"912.00";"65.99";"977.99"
"ORD-10493";"2007-04-02 07:00:00";"delivered";"Tim";"Litton";"tim.litton@example.com";"Dairy Product";"Product COAXA";"SKU-0069";"10";"28.80";"0.100";"259.20";"10.64";"619.04"
"ORD-10492";"2007-04-01 07:00:00";"delivered";"Pilar Colome";"Bassols";"pilarcolome.bassols@example.com";"Confections";"Product LYLNI";"SKU-0025";"60";"11.20";"0.050";"638.40";"62.89";"914.09"
"ORD-10492";"2007-04-01 07:00:00";"delivered";"Pilar Colome";"Bassols";"pilarcolome.bassols@example.com";"Grains/Cereals";"Product RJVNM";"SKU-0042";"20";"11.20";"0.050";"212.80";"62.89";"914.09"
"ORD-10491";"2007-03-31 07:00:00";"delivered";"Giorgio";"Cavaglieri";"giorgio.cavaglieri@example.com";"Condiments";"Product LUNZZ";"SKU-0077";"7";"10.40";"0.150";"61.88";"16.96";"276.47"
"ORD-10490";"2007-03-31 07:00:00";"delivered";"Kris";"Langohr";"kris.langohr@example.com";"Dairy Product";"Product UKXRI";"SKU-0059";"60";"44.00";"0.000";"2640.00";"210.19";"3373.39"
"ORD-10490";"2007-03-31 07:00:00";"delivered";"Kris";"Langohr";"kris.langohr@example.com";"Beverages";"Product BWRLG";"SKU-0075";"36";"6.20";"0.000";"223.20";"210.19";"3373.39"
"ORD-10490";"2007-03-31 07:00:00";"delivered";"Kris";"Langohr";"kris.langohr@example.com";"Confections";"Product TBTBL";"SKU-0068";"30";"10.00";"0.000";"300.00";"210.19";"3373.39"
"ORD-10491";"2007-03-31 07:00:00";"delivered";"Giorgio";"Cavaglieri";"giorgio.cavaglieri@example.com";"Condiments";"Product VJIEO";"SKU-0044";"15";"15.50";"0.150";"197.63";"16.96";"276.47"
"ORD-10489";"2007-03-28 07:00:00";"delivered";"Tosh";"Meston";"tosh.meston@example.com";"Confections";"Product PAFRH";"SKU-0016";"18";"13.90";"0.000";"250.20";"5.29";"444.49"
"ORD-10489";"2007-03-28 07:00:00";"delivered";"Tosh";"Meston";"tosh.meston@example.com";"Dairy Product";"Product QMVUN";"SKU-0011";"15";"16.80";"0.250";"189.00";"5.29";"444.49"
"ORD-10488";"2007-03-27 07:00:00";"delivered";"Jason";"Carlson";"jason.carlson@example.com";"Seafood";"Product WEUJZ";"SKU-0073";"20";"12.00";"0.200";"192.00";"4.93";"1516.93"
"ORD-10488";"2007-03-27 07:00:00";"delivered";"Jason";"Carlson";"jason.carlson@example.com";"Dairy Product";"Product UKXRI";"SKU-0059";"30";"44.00";"0.000";"1320.00";"4.93";"1516.93"
"ORD-10486";"2007-03-26 07:00:00";"delivered";"Kris";"Langohr";"kris.langohr@example.com";"Produce";"Product BKAZJ";"SKU-0074";"16";"8.00";"0.000";"128.00";"30.53";"1302.53"
"ORD-10486";"2007-03-26 07:00:00";"delivered";"Kris";"Langohr";"kris.langohr@example.com";"Dairy Product";"Product QMVUN";"SKU-0011";"5";"16.80";"0.000";"84.00";"30.53";"1302.53"
"ORD-10487";"2007-03-26 07:00:00";"delivered";"Anna";"Misiec";"anna.misiec@example.com";"Confections";"Product HLGZA";"SKU-0026";"30";"24.90";"0.000";"747.00";"71.07";"960.77"
"ORD-10486";"2007-03-26 07:00:00";"delivered";"Kris";"Langohr";"kris.langohr@example.com";"Produce";"Product APITJ";"SKU-0051";"25";"42.40";"0.000";"1060.00";"30.53";"1302.53"
"ORD-10487";"2007-03-26 07:00:00";"delivered";"Anna";"Misiec";"anna.misiec@example.com";"Meat/Poultry";"Product QAQRL";"SKU-0054";"24";"5.90";"0.250";"106.20";"71.07";"960.77"
"ORD-10487";"2007-03-26 07:00:00";"delivered";"Anna";"Misiec";"anna.misiec@example.com";"Confections";"Product XKXDO";"SKU-0019";"5";"7.30";"0.000";"36.50";"71.07";"960.77"
"ORD-10485";"2007-03-25 07:00:00";"delivered";"Cornel";"Lupu";"cornel.lupu@example.com";"Beverages";"Product RECZE";"SKU-0002";"20";"15.20";"0.100";"273.60";"64.45";"1648.45"
"ORD-10485";"2007-03-25 07:00:00";"delivered";"Cornel";"Lupu";"cornel.lupu@example.com";"Condiments";"Product IMEHJ";"SKU-0003";"20";"8.00";"0.100";"144.00";"64.45";"1648.45"
"ORD-10485";"2007-03-25 07:00:00";"delivered";"Cornel";"Lupu";"cornel.lupu@example.com";"Beverages";"Product TOONT";"SKU-0070";"60";"12.00";"0.100";"648.00";"64.45";"1648.45"
"ORD-10485";"2007-03-25 07:00:00";"delivered";"Cornel";"Lupu";"cornel.lupu@example.com";"Meat/Poultry";"Product YYWRT";"SKU-0055";"30";"19.20";"0.100";"518.40";"64.45";"1648.45"
"ORD-10483";"2007-03-24 07:00:00";"delivered";"Ronaldo";"Smith Jr.";"ronaldo.smithjr@example.com";"Beverages";"Product SWNJY";"SKU-0034";"35";"11.20";"0.050";"372.40";"15.28";"684.08"
"ORD-10483";"2007-03-24 07:00:00";"delivered";"Ronaldo";"Smith Jr.";"ronaldo.smithjr@example.com";"Condiments";"Product LUNZZ";"SKU-0077";"30";"10.40";"0.050";"296.40";"15.28";"684.08"
"ORD-10484";"2007-03-24 07:00:00";"delivered";"David";"Jaffe";"david.jaffe@example.com";"Confections";"Product VJZZH";"SKU-0021";"14";"8.00";"0.000";"112.00";"6.88";"393.08"
"ORD-10484";"2007-03-24 07:00:00";"delivered";"David";"Jaffe";"david.jaffe@example.com";"Seafood";"Product YZIXQ";"SKU-0040";"10";"14.70";"0.000";"147.00";"6.88";"393.08"
"ORD-10484";"2007-03-24 07:00:00";"delivered";"David";"Jaffe";"david.jaffe@example.com";"Produce";"Product APITJ";"SKU-0051";"3";"42.40";"0.000";"127.20";"6.88";"393.08"
"ORD-10482";"2007-03-21 07:00:00";"delivered";"Anu";"Deshpande";"anu.deshpande@example.com";"Seafood";"Product YZIXQ";"SKU-0040";"10";"14.70";"0.000";"147.00";"7.48";"154.48"
"ORD-10480";"2007-03-20 07:00:00";"delivered";"Karan";"Khanna";"karan.khanna@example.com";"Dairy Product";"Product UKXRI";"SKU-0059";"12";"44.00";"0.000";"528.00";"1.35";"757.35"
"ORD-10480";"2007-03-20 07:00:00";"delivered";"Karan";"Khanna";"karan.khanna@example.com";"Confections";"Product EZZPR";"SKU-0047";"30";"7.60";"0.000";"228.00";"1.35";"757.35"
"ORD-10481";"2007-03-20 07:00:00";"delivered";"Euan";"Garden";"euan.garden@example.com";"Confections";"Product FPYPN";"SKU-0049";"24";"16.00";"0.000";"384.00";"64.33";"1536.33"
"ORD-10481";"2007-03-20 07:00:00";"delivered";"Euan";"Garden";"euan.garden@example.com";"Dairy Product";"Product WHBYK";"SKU-0060";"40";"27.20";"0.000";"1088.00";"64.33";"1536.33"
"ORD-10479";"2007-03-19 07:00:00";"delivered";"Michael";"Moore";"michael.moore@example.com";"Beverages";"Product QDOMO";"SKU-0038";"30";"210.80";"0.000";"6324.00";"708.95";"11204.55"
"ORD-10479";"2007-03-19 07:00:00";"delivered";"Michael";"Moore";"michael.moore@example.com";"Grains/Cereals";"Product HCQDE";"SKU-0064";"30";"26.60";"0.000";"798.00";"708.95";"11204.55"
"ORD-10479";"2007-03-19 07:00:00";"delivered";"Michael";"Moore";"michael.moore@example.com";"Dairy Product";"Product UKXRI";"SKU-0059";"60";"44.00";"0.000";"2640.00";"708.95";"11204.55"
"ORD-10479";"2007-03-19 07:00:00";"delivered";"Michael";"Moore";"michael.moore@example.com";"Meat/Poultry";"Product BKGEA";"SKU-0053";"28";"26.20";"0.000";"733.60";"708.95";"11204.55"
"ORD-10478";"2007-03-18 07:00:00";"delivered";"Sittichai";"Tuntisangaroon";"sittichai.tuntisangaroon@example.com";"Seafood";"Product YHXGE";"SKU-0010";"20";"24.80";"0.050";"471.20";"4.81";"476.01"
"ORD-10477";"2007-03-17 07:00:00";"delivered";"Sunil";"Uppal";"sunil.uppal@example.com";"Beverages";"Product HHYDP";"SKU-0001";"15";"14.40";"0.000";"216.00";"13.02";"571.02"
"ORD-10477";"2007-03-17 07:00:00";"delivered";"Sunil";"Uppal";"sunil.uppal@example.com";"Confections";"Product VJZZH";"SKU-0021";"21";"8.00";"0.250";"126.00";"13.02";"571.02"
"ORD-10477";"2007-03-17 07:00:00";"delivered";"Sunil";"Uppal";"sunil.uppal@example.com";"Beverages";"Product LSOFL";"SKU-0039";"20";"14.40";"0.250";"216.00";"13.02";"571.02"
"ORD-10476";"2007-03-17 07:00:00";"delivered";"Kris";"Langohr";"kris.langohr@example.com";"Beverages";"Product TOONT";"SKU-0070";"12";"12.00";"0.000";"144.00";"4.41";"184.89"
"ORD-10476";"2007-03-17 07:00:00";"delivered";"Kris";"Langohr";"kris.langohr@example.com";"Meat/Poultry";"Product YYWRT";"SKU-0055";"2";"19.20";"0.050";"36.48";"4.41";"184.89"
"ORD-10475";"2007-03-14 07:00:00";"delivered";"Katrin";"Gulbis";"katrin.gulbis@example.com";"Condiments";"Product LQMGN";"SKU-0066";"60";"13.60";"0.150";"693.60";"68.52";"1573.70"
"ORD-10475";"2007-03-14 07:00:00";"delivered";"Katrin";"Gulbis";"katrin.gulbis@example.com";"Beverages";"Product JYGFE";"SKU-0076";"42";"14.40";"0.150";"514.08";"68.52";"1573.70"
"ORD-10475";"2007-03-14 07:00:00";"delivered";"Katrin";"Gulbis";"katrin.gulbis@example.com";"Dairy Product";"Product XWOXC";"SKU-0031";"35";"10.00";"0.150";"297.50";"68.52";"1573.70"
"ORD-10474";"2007-03-13 07:00:00";"delivered";"Fadi";"Fakhouri";"fadi.fakhouri@example.com";"Seafood";"Product YZIXQ";"SKU-0040";"21";"14.70";"0.000";"308.70";"83.49";"1332.59"
"ORD-10473";"2007-03-13 07:00:00";"delivered";"Frank";"Lee";"frank.lee@example.com";"Dairy Product";"Product ASTMN";"SKU-0033";"12";"2.00";"0.000";"24.00";"16.37";"246.77"
"ORD-10474";"2007-03-13 07:00:00";"delivered";"Fadi";"Fakhouri";"fadi.fakhouri@example.com";"Produce";"Product PWCJB";"SKU-0014";"12";"18.60";"0.000";"223.20";"83.49";"1332.59"
"ORD-10474";"2007-03-13 07:00:00";"delivered";"Fadi";"Fakhouri";"fadi.fakhouri@example.com";"Beverages";"Product BWRLG";"SKU-0075";"10";"6.20";"0.000";"62.00";"83.49";"1332.59"
"ORD-10473";"2007-03-13 07:00:00";"delivered";"Frank";"Lee";"frank.lee@example.com";"Dairy Product";"Product MYMOI";"SKU-0071";"12";"17.20";"0.000";"206.40";"16.37";"246.77"
"ORD-10474";"2007-03-13 07:00:00";"delivered";"Fadi";"Fakhouri";"fadi.fakhouri@example.com";"Produce";"Product OFBNT";"SKU-0028";"18";"36.40";"0.000";"655.20";"83.49";"1332.59"
"ORD-10472";"2007-03-12 07:00:00";"delivered";"Brian";"Welcker";"brian.welcker@example.com";"Beverages";"Product QOGNU";"SKU-0024";"80";"3.60";"0.050";"273.60";"4.20";"1041.00"
"ORD-10472";"2007-03-12 07:00:00";"delivered";"Brian";"Welcker";"brian.welcker@example.com";"Produce";"Product APITJ";"SKU-0051";"18";"42.40";"0.000";"763.20";"4.20";"1041.00"
"ORD-10471";"2007-03-11 07:00:00";"delivered";"David";"Jaffe";"david.jaffe@example.com";"Grains/Cereals";"Product VKCMF";"SKU-0056";"20";"30.40";"0.000";"608.00";"45.59";"1373.59"
"ORD-10470";"2007-03-11 07:00:00";"delivered";"Amritansh";"Raghav";"amritansh.raghav@example.com";"Grains/Cereals";"Product JLUDZ";"SKU-0023";"15";"7.20";"0.000";"108.00";"64.56";"1885.36"
"ORD-10470";"2007-03-11 07:00:00";"delivered";"Amritansh";"Raghav";"amritansh.raghav@example.com";"Seafood";"Product CKEDC";"SKU-0018";"30";"50.00";"0.000";"1500.00";"64.56";"1885.36"
"ORD-10471";"2007-03-11 07:00:00";"delivered";"David";"Jaffe";"david.jaffe@example.com";"Produce";"Product HMLNI";"SKU-0007";"30";"24.00";"0.000";"720.00";"45.59";"1373.59"
"ORD-10470";"2007-03-11 07:00:00";"delivered";"Amritansh";"Raghav";"amritansh.raghav@example.com";"Grains/Cereals";"Product HCQDE";"SKU-0064";"8";"26.60";"0.000";"212.80";"64.56";"1885.36"
"ORD-10469";"2007-03-10 07:00:00";"delivered";"Ronaldo";"Smith Jr.";"ronaldo.smithjr@example.com";"Confections";"Product PAFRH";"SKU-0016";"35";"13.90";"0.150";"413.53";"60.18";"1016.86"
"ORD-10469";"2007-03-10 07:00:00";"delivered";"Ronaldo";"Smith Jr.";"ronaldo.smithjr@example.com";"Beverages";"Product RECZE";"SKU-0002";"40";"15.20";"0.150";"516.80";"60.18";"1016.86"
"ORD-10469";"2007-03-10 07:00:00";"delivered";"Ronaldo";"Smith Jr.";"ronaldo.smithjr@example.com";"Condiments";"Product VJIEO";"SKU-0044";"2";"15.50";"0.150";"26.35";"60.18";"1016.86"
"ORD-10468";"2007-03-07 07:00:00";"delivered";"Lolan";"Song";"lolan.song@example.com";"Beverages";"Product ZZZHR";"SKU-0043";"15";"36.80";"0.000";"552.00";"44.12";"761.72"
"ORD-10468";"2007-03-07 07:00:00";"delivered";"Lolan";"Song";"lolan.song@example.com";"Seafood";"Product LYERX";"SKU-0030";"8";"20.70";"0.000";"165.60";"44.12";"761.72"
"ORD-10467";"2007-03-06 07:00:00";"delivered";"Bernard";"Duerr";"bernard.duerr@example.com";"Beverages";"Product QOGNU";"SKU-0024";"28";"3.60";"0.000";"100.80";"4.93";"240.13"
"ORD-10466";"2007-03-06 07:00:00";"delivered";"Shawn";"Richardson";"shawn.richardson@example.com";"Seafood";"Product CBRRL";"SKU-0046";"5";"9.60";"0.000";"48.00";"11.93";"227.93"
"ORD-10466";"2007-03-06 07:00:00";"delivered";"Shawn";"Richardson";"shawn.richardson@example.com";"Dairy Product";"Product QMVUN";"SKU-0011";"10";"16.80";"0.000";"168.00";"11.93";"227.93"
"ORD-10467";"2007-03-06 07:00:00";"delivered";"Bernard";"Duerr";"bernard.duerr@example.com";"Confections";"Product LYLNI";"SKU-0025";"12";"11.20";"0.000";"134.40";"4.93";"240.13"
"ORD-10465";"2007-03-05 07:00:00";"delivered";"Karl";"Fonteneau";"karl.fonteneau@example.com";"Seafood";"Product YZIXQ";"SKU-0040";"20";"14.70";"0.000";"294.00";"145.04";"2663.04"
"ORD-10465";"2007-03-05 07:00:00";"delivered";"Karl";"Fonteneau";"karl.fonteneau@example.com";"Seafood";"Product AQOKR";"SKU-0045";"30";"7.60";"0.100";"205.20";"145.04";"2663.04"
"ORD-10465";"2007-03-05 07:00:00";"delivered";"Karl";"Fonteneau";"karl.fonteneau@example.com";"Meat/Poultry";"Product VJXYN";"SKU-0029";"18";"99.00";"0.100";"1603.80";"145.04";"2663.04"
"ORD-10465";"2007-03-05 07:00:00";"delivered";"Karl";"Fonteneau";"karl.fonteneau@example.com";"Confections";"Product BIUDV";"SKU-0050";"25";"13.00";"0.000";"325.00";"145.04";"2663.04"
"ORD-10465";"2007-03-05 07:00:00";"delivered";"Karl";"Fonteneau";"karl.fonteneau@example.com";"Beverages";"Product QOGNU";"SKU-0024";"25";"3.60";"0.000";"90.00";"145.04";"2663.04"
"ORD-10464";"2007-03-04 07:00:00";"delivered";"Giorgio";"Cavaglieri";"giorgio.cavaglieri@example.com";"Grains/Cereals";"Product VKCMF";"SKU-0056";"30";"30.40";"0.200";"729.60";"89.00";"1698.28"
"ORD-10463";"2007-03-04 07:00:00";"delivered";"Katrin";"Gulbis";"katrin.gulbis@example.com";"Grains/Cereals";"Product RJVNM";"SKU-0042";"50";"11.20";"0.000";"560.00";"14.78";"728.08"
"ORD-10464";"2007-03-04 07:00:00";"delivered";"Giorgio";"Cavaglieri";"giorgio.cavaglieri@example.com";"Beverages";"Product ZZZHR";"SKU-0043";"3";"36.80";"0.000";"110.40";"89.00";"1698.28"
"ORD-10464";"2007-03-04 07:00:00";"delivered";"Giorgio";"Cavaglieri";"giorgio.cavaglieri@example.com";"Condiments";"Product KSBRM";"SKU-0004";"16";"17.60";"0.200";"225.28";"89.00";"1698.28"
"ORD-10464";"2007-03-04 07:00:00";"delivered";"Giorgio";"Cavaglieri";"giorgio.cavaglieri@example.com";"Dairy Product";"Product WHBYK";"SKU-0060";"20";"27.20";"0.000";"544.00";"89.00";"1698.28"
"ORD-10463";"2007-03-04 07:00:00";"delivered";"Katrin";"Gulbis";"katrin.gulbis@example.com";"Confections";"Product XKXDO";"SKU-0019";"21";"7.30";"0.000";"153.30";"14.78";"728.08"
"ORD-10462";"2007-03-03 07:00:00";"delivered";"Dana";"Birkby";"dana.birkby@example.com";"Seafood";"Product POXFU";"SKU-0013";"1";"4.80";"0.000";"4.80";"6.17";"162.17"
"ORD-10462";"2007-03-03 07:00:00";"delivered";"Dana";"Birkby";"dana.birkby@example.com";"Grains/Cereals";"Product JLUDZ";"SKU-0023";"21";"7.20";"0.000";"151.20";"6.17";"162.17"
"ORD-10461";"2007-02-28 07:00:00";"delivered";"Marlies";"Dressler";"marlies.dressler@example.com";"Confections";"Product VJZZH";"SKU-0021";"40";"8.00";"0.250";"240.00";"148.61";"1687.31"
"ORD-10460";"2007-02-28 07:00:00";"delivered";"Patricia";"San Juan";"patricia.sanjuan@example.com";"Beverages";"Product BWRLG";"SKU-0075";"4";"6.20";"0.250";"18.60";"16.27";"192.37"
"ORD-10460";"2007-02-28 07:00:00";"delivered";"Patricia";"San Juan";"patricia.sanjuan@example.com";"Confections";"Product TBTBL";"SKU-0068";"21";"10.00";"0.250";"157.50";"16.27";"192.37"
"ORD-10461";"2007-02-28 07:00:00";"delivered";"Marlies";"Dressler";"marlies.dressler@example.com";"Meat/Poultry";"Product YYWRT";"SKU-0055";"60";"19.20";"0.250";"864.00";"148.61";"1687.31"
"ORD-10461";"2007-02-28 07:00:00";"delivered";"Marlies";"Dressler";"marlies.dressler@example.com";"Seafood";"Product LYERX";"SKU-0030";"28";"20.70";"0.250";"434.70";"148.61";"1687.31"
"ORD-10459";"2007-02-27 07:00:00";"delivered";"Sittichai";"Tuntisangaroon";"sittichai.tuntisangaroon@example.com";"Seafood";"Product CBRRL";"SKU-0046";"20";"9.60";"0.050";"182.40";"25.09";"1684.29"
"ORD-10459";"2007-02-27 07:00:00";"delivered";"Sittichai";"Tuntisangaroon";"sittichai.tuntisangaroon@example.com";"Produce";"Product HMLNI";"SKU-0007";"16";"24.00";"0.050";"364.80";"25.09";"1684.29"
"ORD-10459";"2007-02-27 07:00:00";"delivered";"Sittichai";"Tuntisangaroon";"sittichai.tuntisangaroon@example.com";"Dairy Product";"Product GEEOO";"SKU-0072";"40";"27.80";"0.000";"1112.00";"25.09";"1684.29"
"ORD-10458";"2007-02-26 07:00:00";"delivered";"Katrin";"Gulbis";"katrin.gulbis@example.com";"Grains/Cereals";"Product VKCMF";"SKU-0056";"15";"30.40";"0.000";"456.00";"147.06";"4038.06"
"ORD-10458";"2007-02-26 07:00:00";"delivered";"Katrin";"Gulbis";"katrin.gulbis@example.com";"Beverages";"Product ZZZHR";"SKU-0043";"20";"36.80";"0.000";"736.00";"147.06";"4038.06"
"ORD-10458";"2007-02-26 07:00:00";"delivered";"Katrin";"Gulbis";"katrin.gulbis@example.com";"Dairy Product";"Product MYMOI";"SKU-0071";"50";"17.20";"0.000";"860.00";"147.06";"4038.06"
"ORD-10458";"2007-02-26 07:00:00";"delivered";"Katrin";"Gulbis";"katrin.gulbis@example.com";"Confections";"Product HLGZA";"SKU-0026";"30";"24.90";"0.000";"747.00";"147.06";"4038.06"
"ORD-10458";"2007-02-26 07:00:00";"delivered";"Katrin";"Gulbis";"katrin.gulbis@example.com";"Produce";"Product OFBNT";"SKU-0028";"30";"36.40";"0.000";"1092.00";"147.06";"4038.06"
"ORD-10457";"2007-02-25 07:00:00";"delivered";"Lolan";"Song";"lolan.song@example.com";"Dairy Product";"Product UKXRI";"SKU-0059";"36";"44.00";"0.000";"1584.00";"11.57";"1595.57"
"ORD-10456";"2007-02-25 07:00:00";"delivered";"Lolan";"Song";"lolan.song@example.com";"Confections";"Product VJZZH";"SKU-0021";"40";"8.00";"0.150";"272.00";"8.12";"565.72"
"ORD-10456";"2007-02-25 07:00:00";"delivered";"Lolan";"Song";"lolan.song@example.com";"Confections";"Product FPYPN";"SKU-0049";"21";"16.00";"0.150";"285.60";"8.12";"565.72"
"ORD-10455";"2007-02-24 07:00:00";"delivered";"Michael";"Ludwig";"michael.ludwig@example.com";"Beverages";"Product LSOFL";"SKU-0039";"20";"14.40";"0.000";"288.00";"180.45";"2864.45"
"ORD-10455";"2007-02-24 07:00:00";"delivered";"Michael";"Ludwig";"michael.ludwig@example.com";"Dairy Product";"Product MYMOI";"SKU-0071";"30";"17.20";"0.000";"516.00";"180.45";"2864.45"
"ORD-10455";"2007-02-24 07:00:00";"delivered";"Michael";"Ludwig";"michael.ludwig@example.com";"Meat/Poultry";"Product BKGEA";"SKU-0053";"50";"26.20";"0.000";"1310.00";"180.45";"2864.45"
"ORD-10455";"2007-02-24 07:00:00";"delivered";"Michael";"Ludwig";"michael.ludwig@example.com";"Condiments";"Product XYZPE";"SKU-0061";"25";"22.80";"0.000";"570.00";"180.45";"2864.45"
"ORD-10454";"2007-02-21 07:00:00";"delivered";"Tim";"Litton";"tim.litton@example.com";"Confections";"Product PAFRH";"SKU-0016";"20";"13.90";"0.200";"222.40";"2.74";"333.94"
"ORD-10454";"2007-02-21 07:00:00";"delivered";"Tim";"Litton";"tim.litton@example.com";"Dairy Product";"Product ASTMN";"SKU-0033";"20";"2.00";"0.200";"32.00";"2.74";"333.94"
"ORD-10453";"2007-02-21 07:00:00";"delivered";"Torsten";"Arndt";"torsten.arndt@example.com";"Confections";"Product MYNXN";"SKU-0048";"15";"10.20";"0.100";"137.70";"25.36";"433.06"
"ORD-10453";"2007-02-21 07:00:00";"delivered";"Torsten";"Arndt";"torsten.arndt@example.com";"Beverages";"Product TOONT";"SKU-0070";"25";"12.00";"0.100";"270.00";"25.36";"433.06"
"ORD-10454";"2007-02-21 07:00:00";"delivered";"Tim";"Litton";"tim.litton@example.com";"Seafood";"Product CBRRL";"SKU-0046";"10";"9.60";"0.200";"76.80";"2.74";"333.94"
"ORD-10452";"2007-02-20 07:00:00";"delivered";"Tomás";"Navarro";"tomas.navarro@example.com";"Condiments";"Product VJIEO";"SKU-0044";"100";"15.50";"0.050";"1472.50";"140.26";"2158.76"
"ORD-10452";"2007-02-20 07:00:00";"delivered";"Tomás";"Navarro";"tomas.navarro@example.com";"Produce";"Product OFBNT";"SKU-0028";"15";"36.40";"0.000";"546.00";"140.26";"2158.76"
"ORD-10451";"2007-02-19 07:00:00";"delivered";"Giorgio";"Veronesi";"giorgio.veronesi@example.com";"Condiments";"Product LUNZZ";"SKU-0077";"55";"10.40";"0.100";"514.80";"189.09";"4038.75"
"ORD-10451";"2007-02-19 07:00:00";"delivered";"Giorgio";"Veronesi";"giorgio.veronesi@example.com";"Condiments";"Product XYWBZ";"SKU-0065";"28";"16.80";"0.100";"423.36";"189.09";"4038.75"
"ORD-10451";"2007-02-19 07:00:00";"delivered";"Giorgio";"Veronesi";"giorgio.veronesi@example.com";"Meat/Poultry";"Product YYWRT";"SKU-0055";"120";"19.20";"0.100";"2073.60";"189.09";"4038.75"
"ORD-10450";"2007-02-19 07:00:00";"delivered";"Sittichai";"Tuntisangaroon";"sittichai.tuntisangaroon@example.com";"Meat/Poultry";"Product QAQRL";"SKU-0054";"6";"5.90";"0.200";"28.32";"7.23";"432.35"
"ORD-10450";"2007-02-19 07:00:00";"delivered";"Sittichai";"Tuntisangaroon";"sittichai.tuntisangaroon@example.com";"Seafood";"Product YHXGE";"SKU-0010";"20";"24.80";"0.200";"396.80";"7.23";"432.35"
"ORD-10451";"2007-02-19 07:00:00";"delivered";"Giorgio";"Veronesi";"giorgio.veronesi@example.com";"Grains/Cereals";"Product HCQDE";"SKU-0064";"35";"26.60";"0.100";"837.90";"189.09";"4038.75"
"ORD-10449";"2007-02-18 07:00:00";"delivered";"Dushyant";"Bansal";"dushyant.bansal@example.com";"Grains/Cereals";"Product QSRXF";"SKU-0052";"20";"5.60";"0.000";"112.00";"53.30";"1891.50"
"ORD-10449";"2007-02-18 07:00:00";"delivered";"Dushyant";"Bansal";"dushyant.bansal@example.com";"Confections";"Product WUXYK";"SKU-0062";"35";"39.40";"0.000";"1379.00";"53.30";"1891.50"
"ORD-10449";"2007-02-18 07:00:00";"delivered";"Dushyant";"Bansal";"dushyant.bansal@example.com";"Seafood";"Product YHXGE";"SKU-0010";"14";"24.80";"0.000";"347.20";"53.30";"1891.50"
"ORD-10448";"2007-02-17 07:00:00";"delivered";"Lawrie";"Gaffney";"lawrie.gaffney@example.com";"Confections";"Product HLGZA";"SKU-0026";"6";"24.90";"0.000";"149.40";"38.82";"482.22"
"ORD-10448";"2007-02-17 07:00:00";"delivered";"Lawrie";"Gaffney";"lawrie.gaffney@example.com";"Seafood";"Product YZIXQ";"SKU-0040";"20";"14.70";"0.000";"294.00";"38.82";"482.22"
"ORD-10447";"2007-02-14 07:00:00";"delivered";"Euan";"Garden";"euan.garden@example.com";"Condiments";"Product XYWBZ";"SKU-0065";"35";"16.80";"0.000";"588.00";"68.66";"983.06"
"ORD-10447";"2007-02-14 07:00:00";"delivered";"Euan";"Garden";"euan.garden@example.com";"Dairy Product";"Product MYMOI";"SKU-0071";"2";"17.20";"0.000";"34.40";"68.66";"983.06"
"ORD-10446";"2007-02-14 07:00:00";"delivered";"Jim";"Wickham";"jim.wickham@example.com";"Confections";"Product XKXDO";"SKU-0019";"12";"7.30";"0.100";"78.84";"14.68";"260.92"
"ORD-10446";"2007-02-14 07:00:00";"delivered";"Jim";"Wickham";"jim.wickham@example.com";"Dairy Product";"Product XWOXC";"SKU-0031";"3";"10.00";"0.100";"27.00";"14.68";"260.92"
"ORD-10447";"2007-02-14 07:00:00";"delivered";"Euan";"Garden";"euan.garden@example.com";"Confections";"Product XKXDO";"SKU-0019";"40";"7.30";"0.000";"292.00";"68.66";"983.06"
"ORD-10446";"2007-02-14 07:00:00";"delivered";"Jim";"Wickham";"jim.wickham@example.com";"Beverages";"Product QOGNU";"SKU-0024";"20";"3.60";"0.100";"64.80";"14.68";"260.92"
"ORD-10446";"2007-02-14 07:00:00";"delivered";"Jim";"Wickham";"jim.wickham@example.com";"Grains/Cereals";"Product QSRXF";"SKU-0052";"15";"5.60";"0.100";"75.60";"14.68";"260.92"
"ORD-10445";"2007-02-13 07:00:00";"delivered";"Tom";"Higginbotham";"tom.higginbotham@example.com";"Beverages";"Product LSOFL";"SKU-0039";"6";"14.40";"0.000";"86.40";"9.30";"184.20"
"ORD-10445";"2007-02-13 07:00:00";"delivered";"Tom";"Higginbotham";"tom.higginbotham@example.com";"Meat/Poultry";"Product QAQRL";"SKU-0054";"15";"5.90";"0.000";"88.50";"9.30";"184.20"
"ORD-10443";"2007-02-12 07:00:00";"delivered";"Florian";"Voss";"florian.voss@example.com";"Dairy Product";"Product QMVUN";"SKU-0011";"6";"16.80";"0.200";"80.64";"13.95";"531.39"
"ORD-10444";"2007-02-12 07:00:00";"delivered";"Tom";"Higginbotham";"tom.higginbotham@example.com";"Seafood";"Product TTEEX";"SKU-0041";"30";"7.70";"0.000";"231.00";"3.50";"1035.20"
"ORD-10444";"2007-02-12 07:00:00";"delivered";"Tom";"Higginbotham";"tom.higginbotham@example.com";"Confections";"Product HLGZA";"SKU-0026";"15";"24.90";"0.000";"373.50";"3.50";"1035.20"
"ORD-10444";"2007-02-12 07:00:00";"delivered";"Tom";"Higginbotham";"tom.higginbotham@example.com";"Meat/Poultry";"Product BLCAX";"SKU-0017";"10";"31.20";"0.000";"312.00";"3.50";"1035.20"
"ORD-10443";"2007-02-12 07:00:00";"delivered";"Florian";"Voss";"florian.voss@example.com";"Produce";"Product OFBNT";"SKU-0028";"12";"36.40";"0.000";"436.80";"13.95";"531.39"
"ORD-10444";"2007-02-12 07:00:00";"delivered";"Tom";"Higginbotham";"tom.higginbotham@example.com";"Beverages";"Product NEVTJ";"SKU-0035";"8";"14.40";"0.000";"115.20";"3.50";"1035.20"
"ORD-10442";"2007-02-11 07:00:00";"delivered";"John";"Kane";"john.kane@example.com";"Dairy Product";"Product QMVUN";"SKU-0011";"30";"16.80";"0.000";"504.00";"47.94";"1839.94"
"ORD-10442";"2007-02-11 07:00:00";"delivered";"John";"Kane";"john.kane@example.com";"Condiments";"Product LQMGN";"SKU-0066";"60";"13.60";"0.000";"816.00";"47.94";"1839.94"
"ORD-10442";"2007-02-11 07:00:00";"delivered";"John";"Kane";"john.kane@example.com";"Meat/Poultry";"Product QAQRL";"SKU-0054";"80";"5.90";"0.000";"472.00";"47.94";"1839.94"
"ORD-10440";"2007-02-10 07:00:00";"delivered";"Tomás";"Navarro";"tomas.navarro@example.com";"Beverages";"Product RECZE";"SKU-0002";"45";"15.20";"0.150";"581.40";"86.53";"5010.67"
"ORD-10441";"2007-02-10 07:00:00";"delivered";"Anja";"Egelund-Muller";"anja.egelundmuller@example.com";"Confections";"Product SMIOH";"SKU-0027";"50";"35.10";"0.000";"1755.00";"73.02";"1828.02"
"ORD-10440";"2007-02-10 07:00:00";"delivered";"Tomás";"Navarro";"tomas.navarro@example.com";"Meat/Poultry";"Product VJXYN";"SKU-0029";"24";"99.00";"0.150";"2019.60";"86.53";"5010.67"
"ORD-10440";"2007-02-10 07:00:00";"delivered";"Tomás";"Navarro";"tomas.navarro@example.com";"Condiments";"Product XYZPE";"SKU-0061";"90";"22.80";"0.150";"1744.20";"86.53";"5010.67"
"ORD-10440";"2007-02-10 07:00:00";"delivered";"Tomás";"Navarro";"tomas.navarro@example.com";"Confections";"Product PAFRH";"SKU-0016";"49";"13.90";"0.150";"578.94";"86.53";"5010.67"
"ORD-10439";"2007-02-07 07:00:00";"delivered";"Maurice";"Taylor";"maurice.taylor@example.com";"Produce";"Product BKAZJ";"SKU-0074";"30";"8.00";"0.000";"240.00";"4.07";"1082.07"
"ORD-10439";"2007-02-07 07:00:00";"delivered";"Maurice";"Taylor";"maurice.taylor@example.com";"Confections";"Product PAFRH";"SKU-0016";"16";"13.90";"0.000";"222.40";"4.07";"1082.07"
"ORD-10439";"2007-02-07 07:00:00";"delivered";"Maurice";"Taylor";"maurice.taylor@example.com";"Grains/Cereals";"Product HCQDE";"SKU-0064";"6";"26.60";"0.000";"159.60";"4.07";"1082.07"
"ORD-10439";"2007-02-07 07:00:00";"delivered";"Maurice";"Taylor";"maurice.taylor@example.com";"Dairy Product";"Product OSFNS";"SKU-0012";"15";"30.40";"0.000";"456.00";"4.07";"1082.07"
"ORD-10438";"2007-02-06 07:00:00";"delivered";"Jim";"Wickham";"jim.wickham@example.com";"Grains/Cereals";"Product OVLQI";"SKU-0057";"15";"15.60";"0.200";"187.20";"8.24";"462.24"
"ORD-10438";"2007-02-06 07:00:00";"delivered";"Jim";"Wickham";"jim.wickham@example.com";"Confections";"Product XKXDO";"SKU-0019";"15";"7.30";"0.200";"87.60";"8.24";"462.24"
"ORD-10438";"2007-02-06 07:00:00";"delivered";"Jim";"Wickham";"jim.wickham@example.com";"Beverages";"Product SWNJY";"SKU-0034";"20";"11.20";"0.200";"179.20";"8.24";"462.24"
"ORD-10436";"2007-02-05 07:00:00";"delivered";"Dushyant";"Bansal";"dushyant.bansal@example.com";"Grains/Cereals";"Product VKCMF";"SKU-0056";"40";"30.40";"0.100";"1094.40";"156.66";"2151.18"
"ORD-10436";"2007-02-05 07:00:00";"delivered";"Dushyant";"Bansal";"dushyant.bansal@example.com";"Beverages";"Product BWRLG";"SKU-0075";"24";"6.20";"0.100";"133.92";"156.66";"2151.18"
"ORD-10437";"2007-02-05 07:00:00";"delivered";"Michael";"Ludwig";"michael.ludwig@example.com";"Meat/Poultry";"Product BKGEA";"SKU-0053";"15";"26.20";"0.000";"393.00";"19.97";"412.97"
"ORD-10436";"2007-02-05 07:00:00";"delivered";"Dushyant";"Bansal";"dushyant.bansal@example.com";"Grains/Cereals";"Product HCQDE";"SKU-0064";"30";"26.60";"0.100";"718.20";"156.66";"2151.18"
"ORD-10436";"2007-02-05 07:00:00";"delivered";"Dushyant";"Bansal";"dushyant.bansal@example.com";"Seafood";"Product CBRRL";"SKU-0046";"5";"9.60";"0.000";"48.00";"156.66";"2151.18"
"ORD-10435";"2007-02-04 07:00:00";"delivered";"Dana";"Birkby";"dana.birkby@example.com";"Beverages";"Product RECZE";"SKU-0002";"10";"15.20";"0.000";"152.00";"9.21";"640.81"
"ORD-10435";"2007-02-04 07:00:00";"delivered";"Dana";"Birkby";"dana.birkby@example.com";"Grains/Cereals";"Product CPHFY";"SKU-0022";"12";"16.80";"0.000";"201.60";"9.21";"640.81"
"ORD-10435";"2007-02-04 07:00:00";"delivered";"Dana";"Birkby";"dana.birkby@example.com";"Dairy Product";"Product GEEOO";"SKU-0072";"10";"27.80";"0.000";"278.00";"9.21";"640.81"
"ORD-10434";"2007-02-03 07:00:00";"delivered";"Patricia";"San Juan";"patricia.sanjuan@example.com";"Beverages";"Product JYGFE";"SKU-0076";"18";"14.40";"0.150";"220.32";"17.92";"339.04"
"ORD-10434";"2007-02-03 07:00:00";"delivered";"Patricia";"San Juan";"patricia.sanjuan@example.com";"Dairy Product";"Product QMVUN";"SKU-0011";"6";"16.80";"0.000";"100.80";"17.92";"339.04"
"ORD-10433";"2007-02-03 07:00:00";"delivered";"Sunil";"Uppal";"sunil.uppal@example.com";"Grains/Cereals";"Product VKCMF";"SKU-0056";"28";"30.40";"0.000";"851.20";"73.83";"925.03"
"ORD-10432";"2007-01-31 07:00:00";"delivered";"Agnieszka";"Wojciechowska";"agnieszka.wojciechowska@example.com";"Confections";"Product HLGZA";"SKU-0026";"10";"24.90";"0.000";"249.00";"4.34";"489.34"
"ORD-10432";"2007-01-31 07:00:00";"delivered";"Agnieszka";"Wojciechowska";"agnieszka.wojciechowska@example.com";"Meat/Poultry";"Product QAQRL";"SKU-0054";"40";"5.90";"0.000";"236.00";"4.34";"489.34"
"ORD-10430";"2007-01-30 07:00:00";"delivered";"John";"Kane";"john.kane@example.com";"Meat/Poultry";"Product BLCAX";"SKU-0017";"45";"31.20";"0.200";"1123.20";"458.78";"5357.98"
"ORD-10431";"2007-01-30 07:00:00";"delivered";"Pilar Colome";"Bassols";"pilarcolome.bassols@example.com";"Meat/Poultry";"Product BLCAX";"SKU-0017";"50";"31.20";"0.250";"1170.00";"44.17";"1936.42"
"ORD-10431";"2007-01-30 07:00:00";"delivered";"Pilar Colome";"Bassols";"pilarcolome.bassols@example.com";"Confections";"Product EZZPR";"SKU-0047";"30";"7.60";"0.250";"171.00";"44.17";"1936.42"
"ORD-10430";"2007-01-30 07:00:00";"delivered";"John";"Kane";"john.kane@example.com";"Grains/Cereals";"Product VKCMF";"SKU-0056";"30";"30.40";"0.000";"912.00";"458.78";"5357.98"
"ORD-10431";"2007-01-30 07:00:00";"delivered";"Pilar Colome";"Bassols";"pilarcolome.bassols@example.com";"Seafood";"Product YZIXQ";"SKU-0040";"50";"14.70";"0.250";"551.25";"44.17";"1936.42"
"ORD-10430";"2007-01-30 07:00:00";"delivered";"John";"Kane";"john.kane@example.com";"Dairy Product";"Product UKXRI";"SKU-0059";"70";"44.00";"0.200";"2464.00";"458.78";"5357.98"
"ORD-10430";"2007-01-30 07:00:00";"delivered";"John";"Kane";"john.kane@example.com";"Confections";"Product VJZZH";"SKU-0021";"50";"8.00";"0.000";"400.00";"458.78";"5357.98"
"ORD-10429";"2007-01-29 07:00:00";"delivered";"Ovidiu V.";"Craciun";"ovidiuv.craciun@example.com";"Condiments";"Product ICKNK";"SKU-0063";"35";"35.10";"0.250";"921.38";"56.63";"1498.01"
"ORD-10429";"2007-01-29 07:00:00";"delivered";"Ovidiu V.";"Craciun";"ovidiuv.craciun@example.com";"Confections";"Product BIUDV";"SKU-0050";"40";"13.00";"0.000";"520.00";"56.63";"1498.01"
"ORD-10428";"2007-01-28 07:00:00";"delivered";"Florian";"Voss";"florian.voss@example.com";"Seafood";"Product CBRRL";"SKU-0046";"20";"9.60";"0.000";"192.00";"11.09";"203.09"
"ORD-10427";"2007-01-27 07:00:00";"delivered";"Tosh";"Meston";"tosh.meston@example.com";"Produce";"Product PWCJB";"SKU-0014";"35";"18.60";"0.000";"651.00";"31.29";"682.29"
"ORD-10426";"2007-01-27 07:00:00";"delivered";"Katerina";"Kolesnikova";"katerina.kolesnikova@example.com";"Grains/Cereals";"Product HCQDE";"SKU-0064";"7";"26.60";"0.000";"186.20";"18.69";"356.89"
"ORD-10426";"2007-01-27 07:00:00";"delivered";"Katerina";"Kolesnikova";"katerina.kolesnikova@example.com";"Grains/Cereals";"Product VKCMF";"SKU-0056";"5";"30.40";"0.000";"152.00";"18.69";"356.89"
"ORD-10425";"2007-01-24 07:00:00";"delivered";"Tim";"Litton";"tim.litton@example.com";"Meat/Poultry";"Product YYWRT";"SKU-0055";"10";"19.20";"0.250";"144.00";"7.93";"367.93"
"ORD-10425";"2007-01-24 07:00:00";"delivered";"Tim";"Litton";"tim.litton@example.com";"Beverages";"Product JYGFE";"SKU-0076";"20";"14.40";"0.250";"216.00";"7.93";"367.93"
"ORD-10423";"2007-01-23 07:00:00";"delivered";"Yao-Qiang";"Cheng";"yaoqiang.cheng@example.com";"Dairy Product";"Product XWOXC";"SKU-0031";"14";"10.00";"0.000";"140.00";"24.50";"1044.50"
"ORD-10424";"2007-01-23 07:00:00";"delivered";"Maurice";"Taylor";"maurice.taylor@example.com";"Confections";"Product TBTBL";"SKU-0068";"30";"10.00";"0.200";"240.00";"370.61";"9565.17"
"ORD-10424";"2007-01-23 07:00:00";"delivered";"Maurice";"Taylor";"maurice.taylor@example.com";"Beverages";"Product NEVTJ";"SKU-0035";"60";"14.40";"0.200";"691.20";"370.61";"9565.17"
"ORD-10423";"2007-01-23 07:00:00";"delivered";"Yao-Qiang";"Cheng";"yaoqiang.cheng@example.com";"Dairy Product";"Product UKXRI";"SKU-0059";"20";"44.00";"0.000";"880.00";"24.50";"1044.50"
"ORD-10424";"2007-01-23 07:00:00";"delivered";"Maurice";"Taylor";"maurice.taylor@example.com";"Beverages";"Product QDOMO";"SKU-0038";"49";"210.80";"0.200";"8263.36";"370.61";"9565.17"
"ORD-10422";"2007-01-22 07:00:00";"delivered";"Martin";"Schmöllerl";"martin.schmollerl@example.com";"Confections";"Product HLGZA";"SKU-0026";"2";"24.90";"0.000";"49.80";"3.02";"52.82"
"ORD-10420";"2007-01-21 07:00:00";"delivered";"Yan";"Li";"yan.li@example.com";"Seafood";"Product POXFU";"SKU-0013";"2";"4.80";"0.100";"8.64";"44.12";"1751.96"
"ORD-10420";"2007-01-21 07:00:00";"delivered";"Yan";"Li";"yan.li@example.com";"Seafood";"Product WEUJZ";"SKU-0073";"20";"12.00";"0.100";"216.00";"44.12";"1751.96"
"ORD-10421";"2007-01-21 07:00:00";"delivered";"Krzysztof";"Florczyk";"krzysztof.florczyk@example.com";"Meat/Poultry";"Product BKGEA";"SKU-0053";"15";"26.20";"0.150";"334.05";"99.23";"1293.50"
"ORD-10421";"2007-01-21 07:00:00";"delivered";"Krzysztof";"Florczyk";"krzysztof.florczyk@example.com";"Confections";"Product XKXDO";"SKU-0019";"4";"7.30";"0.150";"24.82";"99.23";"1293.50"
"ORD-10420";"2007-01-21 07:00:00";"delivered";"Yan";"Li";"yan.li@example.com";"Beverages";"Product TOONT";"SKU-0070";"8";"12.00";"0.100";"86.40";"44.12";"1751.96"
"ORD-10420";"2007-01-21 07:00:00";"delivered";"Yan";"Li";"yan.li@example.com";"Meat/Poultry";"Product AOZBW";"SKU-0009";"20";"77.60";"0.100";"1396.80";"44.12";"1751.96"
"ORD-10421";"2007-01-21 07:00:00";"delivered";"Krzysztof";"Florczyk";"krzysztof.florczyk@example.com";"Confections";"Product HLGZA";"SKU-0026";"30";"24.90";"0.000";"747.00";"99.23";"1293.50"
"ORD-10421";"2007-01-21 07:00:00";"delivered";"Krzysztof";"Florczyk";"krzysztof.florczyk@example.com";"Condiments";"Product LUNZZ";"SKU-0077";"10";"10.40";"0.150";"88.40";"99.23";"1293.50"
"ORD-10419";"2007-01-20 07:00:00";"delivered";"Jacek";"Myrcha";"jacek.myrcha@example.com";"Dairy Product";"Product WHBYK";"SKU-0060";"60";"27.20";"0.050";"1550.40";"137.35";"2234.95"
"ORD-10419";"2007-01-20 07:00:00";"delivered";"Jacek";"Myrcha";"jacek.myrcha@example.com";"Dairy Product";"Product COAXA";"SKU-0069";"20";"28.80";"0.050";"547.20";"137.35";"2234.95"
"ORD-10418";"2007-01-17 07:00:00";"delivered";"Giorgio";"Veronesi";"giorgio.veronesi@example.com";"Produce";"Product BKAZJ";"SKU-0074";"15";"8.00";"0.000";"120.00";"17.55";"1832.35"
"ORD-10418";"2007-01-17 07:00:00";"delivered";"Giorgio";"Veronesi";"giorgio.veronesi@example.com";"Confections";"Product EZZPR";"SKU-0047";"55";"7.60";"0.000";"418.00";"17.55";"1832.35"
"ORD-10418";"2007-01-17 07:00:00";"delivered";"Giorgio";"Veronesi";"giorgio.veronesi@example.com";"Condiments";"Product XYZPE";"SKU-0061";"16";"22.80";"0.000";"364.80";"17.55";"1832.35"
"ORD-10418";"2007-01-17 07:00:00";"delivered";"Giorgio";"Veronesi";"giorgio.veronesi@example.com";"Beverages";"Product RECZE";"SKU-0002";"60";"15.20";"0.000";"912.00";"17.55";"1832.35"
"ORD-10416";"2007-01-16 07:00:00";"delivered";"Michael";"Ludwig";"michael.ludwig@example.com";"Confections";"Product XKXDO";"SKU-0019";"20";"7.30";"0.000";"146.00";"22.72";"742.72"
"ORD-10416";"2007-01-16 07:00:00";"delivered";"Michael";"Ludwig";"michael.ludwig@example.com";"Meat/Poultry";"Product BKGEA";"SKU-0053";"10";"26.20";"0.000";"262.00";"22.72";"742.72"
"ORD-10417";"2007-01-16 07:00:00";"delivered";"Nuria";"Gonzalez";"nuria.gonzalez@example.com";"Confections";"Product TBTBL";"SKU-0068";"36";"10.00";"0.250";"270.00";"70.29";"11258.69"
"ORD-10417";"2007-01-16 07:00:00";"delivered";"Nuria";"Gonzalez";"nuria.gonzalez@example.com";"Seafood";"Product CBRRL";"SKU-0046";"2";"9.60";"0.250";"14.40";"70.29";"11258.69"
"ORD-10417";"2007-01-16 07:00:00";"delivered";"Nuria";"Gonzalez";"nuria.gonzalez@example.com";"Beverages";"Product QDOMO";"SKU-0038";"50";"210.80";"0.000";"10540.00";"70.29";"11258.69"
"ORD-10417";"2007-01-16 07:00:00";"delivered";"Nuria";"Gonzalez";"nuria.gonzalez@example.com";"Condiments";"Product LUNZZ";"SKU-0077";"35";"10.40";"0.000";"364.00";"70.29";"11258.69"
"ORD-10416";"2007-01-16 07:00:00";"delivered";"Michael";"Ludwig";"michael.ludwig@example.com";"Grains/Cereals";"Product OVLQI";"SKU-0057";"20";"15.60";"0.000";"312.00";"22.72";"742.72"
"ORD-10415";"2007-01-15 07:00:00";"delivered";"Denise";"Smith";"denise.smith@example.com";"Dairy Product";"Product ASTMN";"SKU-0033";"20";"2.00";"0.000";"40.00";"0.20";"102.60"
"ORD-10415";"2007-01-15 07:00:00";"delivered";"Denise";"Smith";"denise.smith@example.com";"Meat/Poultry";"Product BLCAX";"SKU-0017";"2";"31.20";"0.000";"62.40";"0.20";"102.60"
"ORD-10414";"2007-01-14 07:00:00";"delivered";"Giuseppe";"Russo";"giuseppe.russo@example.com";"Confections";"Product XKXDO";"SKU-0019";"18";"7.30";"0.050";"124.83";"21.48";"246.31"
"ORD-10413";"2007-01-14 07:00:00";"delivered";"Tim";"Litton";"tim.litton@example.com";"Beverages";"Product HHYDP";"SKU-0001";"24";"14.40";"0.000";"345.60";"95.66";"2218.86"
"ORD-10413";"2007-01-14 07:00:00";"delivered";"Tim";"Litton";"tim.litton@example.com";"Confections";"Product WUXYK";"SKU-0062";"40";"39.40";"0.000";"1576.00";"95.66";"2218.86"
"ORD-10413";"2007-01-14 07:00:00";"delivered";"Tim";"Litton";"tim.litton@example.com";"Beverages";"Product JYGFE";"SKU-0076";"14";"14.40";"0.000";"201.60";"95.66";"2218.86"
"ORD-10414";"2007-01-14 07:00:00";"delivered";"Giuseppe";"Russo";"giuseppe.russo@example.com";"Dairy Product";"Product ASTMN";"SKU-0033";"50";"2.00";"0.000";"100.00";"21.48";"246.31"
"ORD-10412";"2007-01-13 07:00:00";"delivered";"Michael";"Ludwig";"michael.ludwig@example.com";"Produce";"Product PWCJB";"SKU-0014";"20";"18.60";"0.100";"334.80";"3.77";"338.57"
"ORD-10411";"2007-01-10 07:00:00";"delivered";"Pilar Colome";"Bassols";"pilarcolome.bassols@example.com";"Seafood";"Product TTEEX";"SKU-0041";"25";"7.70";"0.200";"154.00";"23.65";"990.45"
"ORD-10410";"2007-01-10 07:00:00";"delivered";"Pilar Colome";"Bassols";"pilarcolome.bassols@example.com";"Dairy Product";"Product UKXRI";"SKU-0059";"16";"44.00";"0.000";"704.00";"2.40";"804.40"
"ORD-10411";"2007-01-10 07:00:00";"delivered";"Pilar Colome";"Bassols";"pilarcolome.bassols@example.com";"Condiments";"Product VJIEO";"SKU-0044";"40";"15.50";"0.200";"496.00";"23.65";"990.45"
"ORD-10411";"2007-01-10 07:00:00";"delivered";"Pilar Colome";"Bassols";"pilarcolome.bassols@example.com";"Dairy Product";"Product UKXRI";"SKU-0059";"9";"44.00";"0.200";"316.80";"23.65";"990.45"
"ORD-10410";"2007-01-10 07:00:00";"delivered";"Pilar Colome";"Bassols";"pilarcolome.bassols@example.com";"Dairy Product";"Product ASTMN";"SKU-0033";"49";"2.00";"0.000";"98.00";"2.40";"804.40"
"ORD-10409";"2007-01-09 07:00:00";"delivered";"Mike";"Tiano";"mike.tiano@example.com";"Confections";"Product VJZZH";"SKU-0021";"12";"8.00";"0.000";"96.00";"29.83";"349.03"
"ORD-10409";"2007-01-09 07:00:00";"delivered";"Mike";"Tiano";"mike.tiano@example.com";"Produce";"Product PWCJB";"SKU-0014";"12";"18.60";"0.000";"223.20";"29.83";"349.03"
"ORD-10408";"2007-01-08 07:00:00";"delivered";"Karan";"Khanna";"karan.khanna@example.com";"Confections";"Product WUXYK";"SKU-0062";"35";"39.40";"0.000";"1379.00";"11.26";"1633.66"
"ORD-10408";"2007-01-08 07:00:00";"delivered";"Karan";"Khanna";"karan.khanna@example.com";"Meat/Poultry";"Product QAQRL";"SKU-0054";"6";"5.90";"0.000";"35.40";"11.26";"1633.66"
"ORD-10408";"2007-01-08 07:00:00";"delivered";"Karan";"Khanna";"karan.khanna@example.com";"Seafood";"Product EVFFA";"SKU-0037";"10";"20.80";"0.000";"208.00";"11.26";"1633.66"
"ORD-10407";"2007-01-07 07:00:00";"delivered";"Nadejda";"Marinova";"nadejda.marinova@example.com";"Dairy Product";"Product MYMOI";"SKU-0071";"15";"17.20";"0.000";"258.00";"91.48";"1285.48"
"ORD-10406";"2007-01-07 07:00:00";"delivered";"Anna";"Misiec";"anna.misiec@example.com";"Seafood";"Product GMKIJ";"SKU-0036";"5";"15.20";"0.100";"68.40";"108.04";"1938.82"
"ORD-10406";"2007-01-07 07:00:00";"delivered";"Anna";"Misiec";"anna.misiec@example.com";"Produce";"Product OFBNT";"SKU-0028";"42";"36.40";"0.100";"1375.92";"108.04";"1938.82"
"ORD-10407";"2007-01-07 07:00:00";"delivered";"Nadejda";"Marinova";"nadejda.marinova@example.com";"Dairy Product";"Product COAXA";"SKU-0069";"15";"28.80";"0.000";"432.00";"91.48";"1285.48"
"ORD-10406";"2007-01-07 07:00:00";"delivered";"Anna";"Misiec";"anna.misiec@example.com";"Seafood";"Product YZIXQ";"SKU-0040";"2";"14.70";"0.100";"26.46";"108.04";"1938.82"
"ORD-10406";"2007-01-07 07:00:00";"delivered";"Anna";"Misiec";"anna.misiec@example.com";"Confections";"Product VJZZH";"SKU-0021";"30";"8.00";"0.100";"216.00";"108.04";"1938.82"
"ORD-10407";"2007-01-07 07:00:00";"delivered";"Nadejda";"Marinova";"nadejda.marinova@example.com";"Dairy Product";"Product QMVUN";"SKU-0011";"30";"16.80";"0.000";"504.00";"91.48";"1285.48"
"ORD-10406";"2007-01-07 07:00:00";"delivered";"Anna";"Misiec";"anna.misiec@example.com";"Beverages";"Product HHYDP";"SKU-0001";"10";"14.40";"0.000";"144.00";"108.04";"1938.82"
"ORD-10405";"2007-01-06 07:00:00";"delivered";"Cornel";"Lupu";"cornel.lupu@example.com";"Condiments";"Product IMEHJ";"SKU-0003";"50";"8.00";"0.000";"400.00";"34.82";"434.82"
"ORD-10403";"2007-01-03 07:00:00";"delivered";"John";"Kane";"john.kane@example.com";"Confections";"Product MYNXN";"SKU-0048";"70";"10.20";"0.150";"606.90";"73.79";"928.81"
"ORD-10404";"2007-01-03 07:00:00";"delivered";"Bernard";"Duerr";"bernard.duerr@example.com";"Grains/Cereals";"Product RJVNM";"SKU-0042";"40";"11.20";"0.050";"425.60";"155.97";"1747.22"
"ORD-10404";"2007-01-03 07:00:00";"delivered";"Bernard";"Duerr";"bernard.duerr@example.com";"Confections";"Product FPYPN";"SKU-0049";"30";"16.00";"0.050";"456.00";"155.97";"1747.22"
"ORD-10403";"2007-01-03 07:00:00";"delivered";"John";"Kane";"john.kane@example.com";"Confections";"Product PAFRH";"SKU-0016";"21";"13.90";"0.150";"248.12";"73.79";"928.81"
"ORD-10404";"2007-01-03 07:00:00";"delivered";"Bernard";"Duerr";"bernard.duerr@example.com";"Confections";"Product HLGZA";"SKU-0026";"30";"24.90";"0.050";"709.65";"155.97";"1747.22"
"ORD-10402";"2007-01-02 07:00:00";"delivered";"John";"Kane";"john.kane@example.com";"Grains/Cereals";"Product JLUDZ";"SKU-0023";"60";"7.20";"0.000";"432.00";"67.88";"2781.38"
"ORD-10402";"2007-01-02 07:00:00";"delivered";"John";"Kane";"john.kane@example.com";"Condiments";"Product ICKNK";"SKU-0063";"65";"35.10";"0.000";"2281.50";"67.88";"2781.38"
"ORD-10401";"2007-01-01 07:00:00";"delivered";"Michael";"Moore";"michael.moore@example.com";"Dairy Product";"Product MYMOI";"SKU-0071";"60";"17.20";"0.000";"1032.00";"12.51";"3881.11"
"ORD-10400";"2007-01-01 07:00:00";"delivered";"Randall";"Boseman";"randall.boseman@example.com";"Confections";"Product FPYPN";"SKU-0049";"30";"16.00";"0.000";"480.00";"83.93";"3146.93"
"ORD-10400";"2007-01-01 07:00:00";"delivered";"Randall";"Boseman";"randall.boseman@example.com";"Meat/Poultry";"Product VJXYN";"SKU-0029";"21";"99.00";"0.000";"2079.00";"83.93";"3146.93"
"ORD-10400";"2007-01-01 07:00:00";"delivered";"Randall";"Boseman";"randall.boseman@example.com";"Beverages";"Product NEVTJ";"SKU-0035";"35";"14.40";"0.000";"504.00";"83.93";"3146.93"
"ORD-10401";"2007-01-01 07:00:00";"delivered";"Michael";"Moore";"michael.moore@example.com";"Grains/Cereals";"Product VKCMF";"SKU-0056";"70";"30.40";"0.000";"2128.00";"12.51";"3881.11"
"ORD-10401";"2007-01-01 07:00:00";"delivered";"Michael";"Moore";"michael.moore@example.com";"Seafood";"Product LYERX";"SKU-0030";"18";"20.70";"0.000";"372.60";"12.51";"3881.11"
"ORD-10401";"2007-01-01 07:00:00";"delivered";"Michael";"Moore";"michael.moore@example.com";"Condiments";"Product XYWBZ";"SKU-0065";"20";"16.80";"0.000";"336.00";"12.51";"3881.11"
"ORD-10399";"2006-12-31 07:00:00";"delivered";"Karl";"Fonteneau";"karl.fonteneau@example.com";"Confections";"Product TBTBL";"SKU-0068";"60";"10.00";"0.000";"600.00";"27.36";"1792.96"
"ORD-10399";"2006-12-31 07:00:00";"delivered";"Karl";"Fonteneau";"karl.fonteneau@example.com";"Condiments";"Product LUNZZ";"SKU-0077";"14";"10.40";"0.000";"145.60";"27.36";"1792.96"
"ORD-10399";"2006-12-31 07:00:00";"delivered";"Karl";"Fonteneau";"karl.fonteneau@example.com";"Beverages";"Product JYGFE";"SKU-0076";"35";"14.40";"0.000";"504.00";"27.36";"1792.96"
"ORD-10399";"2006-12-31 07:00:00";"delivered";"Karl";"Fonteneau";"karl.fonteneau@example.com";"Dairy Product";"Product MYMOI";"SKU-0071";"30";"17.20";"0.000";"516.00";"27.36";"1792.96"
"ORD-10398";"2006-12-30 07:00:00";"delivered";"Tomás";"Navarro";"tomas.navarro@example.com";"Meat/Poultry";"Product YYWRT";"SKU-0055";"120";"19.20";"0.100";"2073.60";"89.16";"2594.76"
"ORD-10398";"2006-12-30 07:00:00";"delivered";"Tomás";"Navarro";"tomas.navarro@example.com";"Beverages";"Product NEVTJ";"SKU-0035";"30";"14.40";"0.000";"432.00";"89.16";"2594.76"
"ORD-10396";"2006-12-27 07:00:00";"delivered";"Jason";"Carlson";"jason.carlson@example.com";"Grains/Cereals";"Product JLUDZ";"SKU-0023";"40";"7.20";"0.000";"288.00";"135.35";"2039.15"
"ORD-10397";"2006-12-27 07:00:00";"delivered";"Sunil";"Uppal";"sunil.uppal@example.com";"Produce";"Product APITJ";"SKU-0051";"18";"42.40";"0.150";"648.72";"60.26";"776.98"
"ORD-10396";"2006-12-27 07:00:00";"delivered";"Jason";"Carlson";"jason.carlson@example.com";"Dairy Product";"Product GEEOO";"SKU-0072";"21";"27.80";"0.000";"583.80";"135.35";"2039.15"
"ORD-10397";"2006-12-27 07:00:00";"delivered";"Sunil";"Uppal";"sunil.uppal@example.com";"Confections";"Product VJZZH";"SKU-0021";"10";"8.00";"0.150";"68.00";"60.26";"776.98"
"ORD-10396";"2006-12-27 07:00:00";"delivered";"Jason";"Carlson";"jason.carlson@example.com";"Dairy Product";"Product MYMOI";"SKU-0071";"60";"17.20";"0.000";"1032.00";"135.35";"2039.15"
"ORD-10395";"2006-12-26 07:00:00";"delivered";"Kris";"Langohr";"kris.langohr@example.com";"Meat/Poultry";"Product BKGEA";"SKU-0053";"70";"26.20";"0.100";"1650.60";"184.41";"2307.33"
"ORD-10395";"2006-12-26 07:00:00";"delivered";"Kris";"Langohr";"kris.langohr@example.com";"Dairy Product";"Product COAXA";"SKU-0069";"8";"28.80";"0.000";"230.40";"184.41";"2307.33"
"ORD-10395";"2006-12-26 07:00:00";"delivered";"Kris";"Langohr";"kris.langohr@example.com";"Seafood";"Product CBRRL";"SKU-0046";"28";"9.60";"0.100";"241.92";"184.41";"2307.33"
"ORD-10393";"2006-12-25 07:00:00";"delivered";"Tomás";"Navarro";"tomas.navarro@example.com";"Confections";"Product LYLNI";"SKU-0025";"7";"11.20";"0.250";"58.80";"126.56";"2683.51"
"ORD-10393";"2006-12-25 07:00:00";"delivered";"Tomás";"Navarro";"tomas.navarro@example.com";"Dairy Product";"Product XWOXC";"SKU-0031";"32";"10.00";"0.000";"320.00";"126.56";"2683.51"
"ORD-10393";"2006-12-25 07:00:00";"delivered";"Tomás";"Navarro";"tomas.navarro@example.com";"Confections";"Product HLGZA";"SKU-0026";"70";"24.90";"0.250";"1307.25";"126.56";"2683.51"
"ORD-10393";"2006-12-25 07:00:00";"delivered";"Tomás";"Navarro";"tomas.navarro@example.com";"Beverages";"Product RECZE";"SKU-0002";"25";"15.20";"0.250";"285.00";"126.56";"2683.51"
"ORD-10393";"2006-12-25 07:00:00";"delivered";"Tomás";"Navarro";"tomas.navarro@example.com";"Produce";"Product PWCJB";"SKU-0014";"42";"18.60";"0.250";"585.90";"126.56";"2683.51"
"ORD-10394";"2006-12-25 07:00:00";"delivered";"Denise";"Smith";"denise.smith@example.com";"Confections";"Product WUXYK";"SKU-0062";"10";"39.40";"0.000";"394.00";"30.34";"472.34"
"ORD-10394";"2006-12-25 07:00:00";"delivered";"Denise";"Smith";"denise.smith@example.com";"Seafood";"Product POXFU";"SKU-0013";"10";"4.80";"0.000";"48.00";"30.34";"472.34"
"ORD-10392";"2006-12-24 07:00:00";"delivered";"Tosh";"Meston";"tosh.meston@example.com";"Dairy Product";"Product COAXA";"SKU-0069";"50";"28.80";"0.000";"1440.00";"122.46";"1562.46"
"ORD-10390";"2006-12-23 07:00:00";"delivered";"John";"Kane";"john.kane@example.com";"Dairy Product";"Product XWOXC";"SKU-0031";"60";"10.00";"0.100";"540.00";"126.38";"2217.26"
"ORD-10390";"2006-12-23 07:00:00";"delivered";"John";"Kane";"john.kane@example.com";"Beverages";"Product NEVTJ";"SKU-0035";"40";"14.40";"0.100";"518.40";"126.38";"2217.26"
"ORD-10390";"2006-12-23 07:00:00";"delivered";"John";"Kane";"john.kane@example.com";"Seafood";"Product CBRRL";"SKU-0046";"45";"9.60";"0.000";"432.00";"126.38";"2217.26"
"ORD-10390";"2006-12-23 07:00:00";"delivered";"John";"Kane";"john.kane@example.com";"Dairy Product";"Product GEEOO";"SKU-0072";"24";"27.80";"0.100";"600.48";"126.38";"2217.26"
"ORD-10391";"2006-12-23 07:00:00";"delivered";"TiAnna";"Jones";"tianna.jones@example.com";"Seafood";"Product POXFU";"SKU-0013";"18";"4.80";"0.000";"86.40";"5.45";"91.85"
"ORD-10389";"2006-12-20 07:00:00";"delivered";"Pilar Colome";"Bassols";"pilarcolome.bassols@example.com";"Meat/Poultry";"Product YYWRT";"SKU-0055";"15";"19.20";"0.000";"288.00";"47.42";"1880.22"
"ORD-10389";"2006-12-20 07:00:00";"delivered";"Pilar Colome";"Bassols";"pilarcolome.bassols@example.com";"Beverages";"Product TOONT";"SKU-0070";"30";"12.00";"0.000";"360.00";"47.42";"1880.22"
"ORD-10389";"2006-12-20 07:00:00";"delivered";"Pilar Colome";"Bassols";"pilarcolome.bassols@example.com";"Seafood";"Product YHXGE";"SKU-0010";"16";"24.80";"0.000";"396.80";"47.42";"1880.22"
"ORD-10389";"2006-12-20 07:00:00";"delivered";"Pilar Colome";"Bassols";"pilarcolome.bassols@example.com";"Confections";"Product WUXYK";"SKU-0062";"20";"39.40";"0.000";"788.00";"47.42";"1880.22"
"ORD-10388";"2006-12-19 07:00:00";"delivered";"Brian";"Welcker";"brian.welcker@example.com";"Seafood";"Product AQOKR";"SKU-0045";"15";"7.60";"0.200";"91.20";"34.86";"1263.66"
"ORD-10388";"2006-12-19 07:00:00";"delivered";"Brian";"Welcker";"brian.welcker@example.com";"Grains/Cereals";"Product QSRXF";"SKU-0052";"20";"5.60";"0.200";"89.60";"34.86";"1263.66"
"ORD-10388";"2006-12-19 07:00:00";"delivered";"Brian";"Welcker";"brian.welcker@example.com";"Meat/Poultry";"Product BKGEA";"SKU-0053";"40";"26.20";"0.000";"1048.00";"34.86";"1263.66"
"ORD-10387";"2006-12-18 07:00:00";"delivered";"Kaspars";"Ginters";"kaspars.ginters@example.com";"Produce";"Product OFBNT";"SKU-0028";"6";"36.40";"0.000";"218.40";"93.63";"1152.03"
"ORD-10387";"2006-12-18 07:00:00";"delivered";"Kaspars";"Ginters";"kaspars.ginters@example.com";"Dairy Product";"Product UKXRI";"SKU-0059";"12";"44.00";"0.000";"528.00";"93.63";"1152.03"
"ORD-10386";"2006-12-18 07:00:00";"delivered";"Giuseppe";"Russo";"giuseppe.russo@example.com";"Beverages";"Product QOGNU";"SKU-0024";"15";"3.60";"0.000";"54.00";"13.99";"179.99"
"ORD-10387";"2006-12-18 07:00:00";"delivered";"Kaspars";"Ginters";"kaspars.ginters@example.com";"Dairy Product";"Product MYMOI";"SKU-0071";"15";"17.20";"0.000";"258.00";"93.63";"1152.03"
"ORD-10387";"2006-12-18 07:00:00";"delivered";"Kaspars";"Ginters";"kaspars.ginters@example.com";"Beverages";"Product QOGNU";"SKU-0024";"15";"3.60";"0.000";"54.00";"93.63";"1152.03"
"ORD-10386";"2006-12-18 07:00:00";"delivered";"Giuseppe";"Russo";"giuseppe.russo@example.com";"Beverages";"Product SWNJY";"SKU-0034";"10";"11.20";"0.000";"112.00";"13.99";"179.99"
"ORD-10385";"2006-12-17 07:00:00";"delivered";"Agnieszka";"Wojciechowska";"agnieszka.wojciechowska@example.com";"Confections";"Product TBTBL";"SKU-0068";"8";"10.00";"0.200";"64.00";"30.96";"722.16"
"ORD-10385";"2006-12-17 07:00:00";"delivered";"Agnieszka";"Wojciechowska";"agnieszka.wojciechowska@example.com";"Dairy Product";"Product WHBYK";"SKU-0060";"20";"27.20";"0.200";"435.20";"30.96";"722.16"
"ORD-10385";"2006-12-17 07:00:00";"delivered";"Agnieszka";"Wojciechowska";"agnieszka.wojciechowska@example.com";"Produce";"Product HMLNI";"SKU-0007";"10";"24.00";"0.200";"192.00";"30.96";"722.16"
"ORD-10384";"2006-12-16 07:00:00";"delivered";"Tom";"Higginbotham";"tom.higginbotham@example.com";"Dairy Product";"Product WHBYK";"SKU-0060";"15";"27.20";"0.000";"408.00";"168.64";"2391.04"
"ORD-10383";"2006-12-16 07:00:00";"delivered";"Torsten";"Arndt";"torsten.arndt@example.com";"Grains/Cereals";"Product VKCMF";"SKU-0056";"20";"30.40";"0.000";"608.00";"34.24";"933.24"
"ORD-10383";"2006-12-16 07:00:00";"delivered";"Torsten";"Arndt";"torsten.arndt@example.com";"Confections";"Product BIUDV";"SKU-0050";"15";"13.00";"0.000";"195.00";"34.24";"933.24"
"ORD-10383";"2006-12-16 07:00:00";"delivered";"Torsten";"Arndt";"torsten.arndt@example.com";"Seafood";"Product POXFU";"SKU-0013";"20";"4.80";"0.000";"96.00";"34.24";"933.24"
"ORD-10384";"2006-12-16 07:00:00";"delivered";"Tom";"Higginbotham";"tom.higginbotham@example.com";"Confections";"Product QHFFP";"SKU-0020";"28";"64.80";"0.000";"1814.40";"168.64";"2391.04"
"ORD-10382";"2006-12-13 07:00:00";"delivered";"John";"Kane";"john.kane@example.com";"Produce";"Product BKAZJ";"SKU-0074";"50";"8.00";"0.000";"400.00";"94.77";"2994.77"
"ORD-10382";"2006-12-13 07:00:00";"delivered";"John";"Kane";"john.kane@example.com";"Condiments";"Product EPEIM";"SKU-0005";"32";"17.00";"0.000";"544.00";"94.77";"2994.77"
"ORD-10382";"2006-12-13 07:00:00";"delivered";"John";"Kane";"john.kane@example.com";"Meat/Poultry";"Product VJXYN";"SKU-0029";"14";"99.00";"0.000";"1386.00";"94.77";"2994.77"
"ORD-10382";"2006-12-13 07:00:00";"delivered";"John";"Kane";"john.kane@example.com";"Seafood";"Product CKEDC";"SKU-0018";"9";"50.00";"0.000";"450.00";"94.77";"2994.77"
"ORD-10382";"2006-12-13 07:00:00";"delivered";"John";"Kane";"john.kane@example.com";"Dairy Product";"Product ASTMN";"SKU-0033";"60";"2.00";"0.000";"120.00";"94.77";"2994.77"
"ORD-10380";"2006-12-12 07:00:00";"delivered";"Ovidiu V.";"Craciun";"ovidiuv.craciun@example.com";"Dairy Product";"Product WHBYK";"SKU-0060";"6";"27.20";"0.100";"146.88";"35.03";"1348.85"
"ORD-10380";"2006-12-12 07:00:00";"delivered";"Ovidiu V.";"Craciun";"ovidiuv.craciun@example.com";"Beverages";"Product TOONT";"SKU-0070";"30";"12.00";"0.000";"360.00";"35.03";"1348.85"
"ORD-10380";"2006-12-12 07:00:00";"delivered";"Ovidiu V.";"Craciun";"ovidiuv.craciun@example.com";"Seafood";"Product LYERX";"SKU-0030";"18";"20.70";"0.100";"335.34";"35.03";"1348.85"
"ORD-10380";"2006-12-12 07:00:00";"delivered";"Ovidiu V.";"Craciun";"ovidiuv.craciun@example.com";"Meat/Poultry";"Product BKGEA";"SKU-0053";"20";"26.20";"0.100";"471.60";"35.03";"1348.85"
"ORD-10381";"2006-12-12 07:00:00";"delivered";"Marlies";"Dressler";"marlies.dressler@example.com";"Produce";"Product BKAZJ";"SKU-0074";"14";"8.00";"0.000";"112.00";"7.99";"119.99"
"ORD-10379";"2006-12-11 07:00:00";"delivered";"Krzysztof";"Florczyk";"krzysztof.florczyk@example.com";"Condiments";"Product ICKNK";"SKU-0063";"16";"35.10";"0.100";"505.44";"45.03";"908.31"
"ORD-10379";"2006-12-11 07:00:00";"delivered";"Krzysztof";"Florczyk";"krzysztof.florczyk@example.com";"Condiments";"Product XYWBZ";"SKU-0065";"20";"16.80";"0.100";"302.40";"45.03";"908.31"
"ORD-10379";"2006-12-11 07:00:00";"delivered";"Krzysztof";"Florczyk";"krzysztof.florczyk@example.com";"Seafood";"Product TTEEX";"SKU-0041";"8";"7.70";"0.100";"55.44";"45.03";"908.31"
"ORD-10378";"2006-12-10 07:00:00";"delivered";"Patricia";"San Juan";"patricia.sanjuan@example.com";"Dairy Product";"Product MYMOI";"SKU-0071";"6";"17.20";"0.000";"103.20";"5.44";"108.64"
"ORD-10377";"2006-12-09 07:00:00";"delivered";"Brian";"Welcker";"brian.welcker@example.com";"Beverages";"Product LSOFL";"SKU-0039";"20";"14.40";"0.150";"244.80";"22.21";"885.81"
"ORD-10376";"2006-12-09 07:00:00";"delivered";"Maurice";"Taylor";"maurice.taylor@example.com";"Dairy Product";"Product XWOXC";"SKU-0031";"42";"10.00";"0.050";"399.00";"20.39";"419.39"
"ORD-10377";"2006-12-09 07:00:00";"delivered";"Brian";"Welcker";"brian.welcker@example.com";"Produce";"Product OFBNT";"SKU-0028";"20";"36.40";"0.150";"618.80";"22.21";"885.81"
"ORD-10375";"2006-12-06 07:00:00";"delivered";"Denise";"Smith";"denise.smith@example.com";"Meat/Poultry";"Product QAQRL";"SKU-0054";"10";"5.90";"0.000";"59.00";"20.12";"358.12"
"ORD-10375";"2006-12-06 07:00:00";"delivered";"Denise";"Smith";"denise.smith@example.com";"Produce";"Product PWCJB";"SKU-0014";"15";"18.60";"0.000";"279.00";"20.12";"358.12"
"ORD-10373";"2006-12-05 07:00:00";"delivered";"Ovidiu V.";"Craciun";"ovidiuv.craciun@example.com";"Seafood";"Product ACRVI";"SKU-0058";"80";"10.60";"0.200";"678.40";"124.12";"1490.52"
"ORD-10373";"2006-12-05 07:00:00";"delivered";"Ovidiu V.";"Craciun";"ovidiuv.craciun@example.com";"Dairy Product";"Product MYMOI";"SKU-0071";"50";"17.20";"0.200";"688.00";"124.12";"1490.52"
"ORD-10374";"2006-12-05 07:00:00";"delivered";"Steve";"Conn";"steve.conn@example.com";"Seafood";"Product ACRVI";"SKU-0058";"15";"10.60";"0.000";"159.00";"3.94";"462.94"
"ORD-10374";"2006-12-05 07:00:00";"delivered";"Steve";"Conn";"steve.conn@example.com";"Dairy Product";"Product XWOXC";"SKU-0031";"30";"10.00";"0.000";"300.00";"3.94";"462.94"
"ORD-10372";"2006-12-04 07:00:00";"delivered";"Anna";"Misiec";"anna.misiec@example.com";"Dairy Product";"Product WHBYK";"SKU-0060";"70";"27.20";"0.250";"1428.00";"890.78";"10101.68"
"ORD-10372";"2006-12-04 07:00:00";"delivered";"Anna";"Misiec";"anna.misiec@example.com";"Dairy Product";"Product GEEOO";"SKU-0072";"42";"27.80";"0.250";"875.70";"890.78";"10101.68"
"ORD-10372";"2006-12-04 07:00:00";"delivered";"Anna";"Misiec";"anna.misiec@example.com";"Confections";"Product QHFFP";"SKU-0020";"12";"64.80";"0.250";"583.20";"890.78";"10101.68"
"ORD-10372";"2006-12-04 07:00:00";"delivered";"Anna";"Misiec";"anna.misiec@example.com";"Beverages";"Product QDOMO";"SKU-0038";"40";"210.80";"0.250";"6324.00";"890.78";"10101.68"
"ORD-10371";"2006-12-03 07:00:00";"delivered";"Tim";"Litton";"tim.litton@example.com";"Seafood";"Product GMKIJ";"SKU-0036";"6";"15.20";"0.200";"72.96";"0.45";"73.41"
"ORD-10370";"2006-12-03 07:00:00";"delivered";"Jacek";"Jelitto";"jacek.jelitto@example.com";"Grains/Cereals";"Product HCQDE";"SKU-0064";"30";"26.60";"0.000";"798.00";"1.17";"1118.77"
"ORD-10370";"2006-12-03 07:00:00";"delivered";"Jacek";"Jelitto";"jacek.jelitto@example.com";"Produce";"Product BKAZJ";"SKU-0074";"20";"8.00";"0.150";"136.00";"1.17";"1118.77"
"ORD-10370";"2006-12-03 07:00:00";"delivered";"Jacek";"Jelitto";"jacek.jelitto@example.com";"Beverages";"Product HHYDP";"SKU-0001";"15";"14.40";"0.150";"183.60";"1.17";"1118.77"
"ORD-10369";"2006-12-02 07:00:00";"delivered";"Agnieszka";"Wojciechowska";"agnieszka.wojciechowska@example.com";"Meat/Poultry";"Product VJXYN";"SKU-0029";"20";"99.00";"0.000";"1980.00";"195.68";"2586.08"
"ORD-10369";"2006-12-02 07:00:00";"delivered";"Agnieszka";"Wojciechowska";"agnieszka.wojciechowska@example.com";"Grains/Cereals";"Product VKCMF";"SKU-0056";"18";"30.40";"0.250";"410.40";"195.68";"2586.08"
"ORD-10368";"2006-11-29 07:00:00";"delivered";"John";"Kane";"john.kane@example.com";"Produce";"Product OFBNT";"SKU-0028";"13";"36.40";"0.100";"425.88";"101.95";"1791.73"
"ORD-10368";"2006-11-29 07:00:00";"delivered";"John";"Kane";"john.kane@example.com";"Grains/Cereals";"Product HCQDE";"SKU-0064";"35";"26.60";"0.100";"837.90";"101.95";"1791.73"
"ORD-10368";"2006-11-29 07:00:00";"delivered";"John";"Kane";"john.kane@example.com";"Confections";"Product VJZZH";"SKU-0021";"5";"8.00";"0.100";"36.00";"101.95";"1791.73"
"ORD-10368";"2006-11-29 07:00:00";"delivered";"John";"Kane";"john.kane@example.com";"Grains/Cereals";"Product OVLQI";"SKU-0057";"25";"15.60";"0.000";"390.00";"101.95";"1791.73"
"ORD-10366";"2006-11-28 07:00:00";"delivered";"Katerina";"Kolesnikova";"katerina.kolesnikova@example.com";"Condiments";"Product LUNZZ";"SKU-0077";"5";"10.40";"0.000";"52.00";"10.14";"146.14"
"ORD-10367";"2006-11-28 07:00:00";"delivered";"Karl";"Fonteneau";"karl.fonteneau@example.com";"Condiments";"Product LUNZZ";"SKU-0077";"7";"10.40";"0.000";"72.80";"13.55";"847.75"
"ORD-10366";"2006-11-28 07:00:00";"delivered";"Katerina";"Kolesnikova";"katerina.kolesnikova@example.com";"Condiments";"Product XYWBZ";"SKU-0065";"5";"16.80";"0.000";"84.00";"10.14";"146.14"
"ORD-10367";"2006-11-28 07:00:00";"delivered";"Karl";"Fonteneau";"karl.fonteneau@example.com";"Beverages";"Product SWNJY";"SKU-0034";"36";"11.20";"0.000";"403.20";"13.55";"847.75"
"ORD-10367";"2006-11-28 07:00:00";"delivered";"Karl";"Fonteneau";"karl.fonteneau@example.com";"Condiments";"Product XYWBZ";"SKU-0065";"15";"16.80";"0.000";"252.00";"13.55";"847.75"
"ORD-10367";"2006-11-28 07:00:00";"delivered";"Karl";"Fonteneau";"karl.fonteneau@example.com";"Meat/Poultry";"Product QAQRL";"SKU-0054";"18";"5.90";"0.000";"106.20";"13.55";"847.75"
"ORD-10365";"2006-11-27 07:00:00";"delivered";"John";"Peoples";"john.peoples@example.com";"Dairy Product";"Product QMVUN";"SKU-0011";"24";"16.80";"0.000";"403.20";"22.00";"425.20"
"ORD-10364";"2006-11-26 07:00:00";"delivered";"Randall";"Boseman";"randall.boseman@example.com";"Dairy Product";"Product COAXA";"SKU-0069";"30";"28.80";"0.000";"864.00";"71.97";"1021.97"
"ORD-10364";"2006-11-26 07:00:00";"delivered";"Randall";"Boseman";"randall.boseman@example.com";"Dairy Product";"Product MYMOI";"SKU-0071";"5";"17.20";"0.000";"86.00";"71.97";"1021.97"
"ORD-10363";"2006-11-26 07:00:00";"delivered";"TiAnna";"Jones";"tianna.jones@example.com";"Beverages";"Product JYGFE";"SKU-0076";"12";"14.40";"0.000";"172.80";"30.54";"477.74"
"ORD-10363";"2006-11-26 07:00:00";"delivered";"TiAnna";"Jones";"tianna.jones@example.com";"Dairy Product";"Product XWOXC";"SKU-0031";"20";"10.00";"0.000";"200.00";"30.54";"477.74"
"ORD-10363";"2006-11-26 07:00:00";"delivered";"TiAnna";"Jones";"tianna.jones@example.com";"Beverages";"Product BWRLG";"SKU-0075";"12";"6.20";"0.000";"74.40";"30.54";"477.74"
"ORD-10362";"2006-11-25 07:00:00";"delivered";"Amritansh";"Raghav";"amritansh.raghav@example.com";"Confections";"Product LYLNI";"SKU-0025";"50";"11.20";"0.000";"560.00";"96.04";"1645.64"
"ORD-10362";"2006-11-25 07:00:00";"delivered";"Amritansh";"Raghav";"amritansh.raghav@example.com";"Produce";"Product APITJ";"SKU-0051";"20";"42.40";"0.000";"848.00";"96.04";"1645.64"
"ORD-10362";"2006-11-25 07:00:00";"delivered";"Amritansh";"Raghav";"amritansh.raghav@example.com";"Meat/Poultry";"Product QAQRL";"SKU-0054";"24";"5.90";"0.000";"141.60";"96.04";"1645.64"
"ORD-10360";"2006-11-22 07:00:00";"delivered";"Dushyant";"Bansal";"dushyant.bansal@example.com";"Meat/Poultry";"Product VJXYN";"SKU-0029";"35";"99.00";"0.000";"3465.00";"131.70";"7521.90"
"ORD-10360";"2006-11-22 07:00:00";"delivered";"Dushyant";"Bansal";"dushyant.bansal@example.com";"Confections";"Product FPYPN";"SKU-0049";"35";"16.00";"0.000";"560.00";"131.70";"7521.90"
"ORD-10360";"2006-11-22 07:00:00";"delivered";"Dushyant";"Bansal";"dushyant.bansal@example.com";"Beverages";"Product QDOMO";"SKU-0038";"10";"210.80";"0.000";"2108.00";"131.70";"7521.90"
"ORD-10360";"2006-11-22 07:00:00";"delivered";"Dushyant";"Bansal";"dushyant.bansal@example.com";"Meat/Poultry";"Product QAQRL";"SKU-0054";"28";"5.90";"0.000";"165.20";"131.70";"7521.90"
"ORD-10361";"2006-11-22 07:00:00";"delivered";"Giorgio";"Veronesi";"giorgio.veronesi@example.com";"Beverages";"Product LSOFL";"SKU-0039";"54";"14.40";"0.100";"699.84";"183.17";"2229.41"
"ORD-10360";"2006-11-22 07:00:00";"delivered";"Dushyant";"Bansal";"dushyant.bansal@example.com";"Produce";"Product OFBNT";"SKU-0028";"30";"36.40";"0.000";"1092.00";"131.70";"7521.90"
"ORD-10361";"2006-11-22 07:00:00";"delivered";"Giorgio";"Veronesi";"giorgio.veronesi@example.com";"Dairy Product";"Product WHBYK";"SKU-0060";"55";"27.20";"0.100";"1346.40";"183.17";"2229.41"
"ORD-10359";"2006-11-21 07:00:00";"delivered";"Brian";"Welcker";"brian.welcker@example.com";"Confections";"Product PAFRH";"SKU-0016";"56";"13.90";"0.050";"739.48";"288.43";"3760.11"
"ORD-10359";"2006-11-21 07:00:00";"delivered";"Brian";"Welcker";"brian.welcker@example.com";"Dairy Product";"Product XWOXC";"SKU-0031";"70";"10.00";"0.050";"665.00";"288.43";"3760.11"
"ORD-10359";"2006-11-21 07:00:00";"delivered";"Brian";"Welcker";"brian.welcker@example.com";"Dairy Product";"Product WHBYK";"SKU-0060";"80";"27.20";"0.050";"2067.20";"288.43";"3760.11"
"ORD-10358";"2006-11-20 07:00:00";"delivered";"Tim";"Litton";"tim.litton@example.com";"Seafood";"Product GMKIJ";"SKU-0036";"20";"15.20";"0.050";"288.80";"19.64";"449.04"
"ORD-10358";"2006-11-20 07:00:00";"delivered";"Tim";"Litton";"tim.litton@example.com";"Beverages";"Product QOGNU";"SKU-0024";"10";"3.60";"0.050";"34.20";"19.64";"449.04"
"ORD-10358";"2006-11-20 07:00:00";"delivered";"Tim";"Litton";"tim.litton@example.com";"Beverages";"Product SWNJY";"SKU-0034";"10";"11.20";"0.050";"106.40";"19.64";"449.04"
"ORD-10357";"2006-11-19 07:00:00";"delivered";"Marlies";"Dressler";"marlies.dressler@example.com";"Seafood";"Product YHXGE";"SKU-0010";"30";"24.80";"0.200";"595.20";"34.88";"1202.56"
"ORD-10357";"2006-11-19 07:00:00";"delivered";"Marlies";"Dressler";"marlies.dressler@example.com";"Confections";"Product HLGZA";"SKU-0026";"16";"24.90";"0.000";"398.40";"34.88";"1202.56"
"ORD-10357";"2006-11-19 07:00:00";"delivered";"Marlies";"Dressler";"marlies.dressler@example.com";"Dairy Product";"Product WHBYK";"SKU-0060";"8";"27.20";"0.200";"174.08";"34.88";"1202.56"
"ORD-10356";"2006-11-18 07:00:00";"delivered";"Manoj";"Syamala";"manoj.syamala@example.com";"Dairy Product";"Product COAXA";"SKU-0069";"20";"28.80";"0.000";"576.00";"36.71";"1143.11"
"ORD-10356";"2006-11-18 07:00:00";"delivered";"Manoj";"Syamala";"manoj.syamala@example.com";"Meat/Poultry";"Product YYWRT";"SKU-0055";"12";"19.20";"0.000";"230.40";"36.71";"1143.11"
"ORD-10356";"2006-11-18 07:00:00";"delivered";"Manoj";"Syamala";"manoj.syamala@example.com";"Dairy Product";"Product XWOXC";"SKU-0031";"30";"10.00";"0.000";"300.00";"36.71";"1143.11"
"ORD-10355";"2006-11-15 07:00:00";"delivered";"Torsten";"Arndt";"torsten.arndt@example.com";"Beverages";"Product QOGNU";"SKU-0024";"25";"3.60";"0.000";"90.00";"41.95";"521.95"
"ORD-10355";"2006-11-15 07:00:00";"delivered";"Torsten";"Arndt";"torsten.arndt@example.com";"Grains/Cereals";"Product OVLQI";"SKU-0057";"25";"15.60";"0.000";"390.00";"41.95";"521.95"
"ORD-10354";"2006-11-14 07:00:00";"delivered";"Fadi";"Fakhouri";"fadi.fakhouri@example.com";"Beverages";"Product HHYDP";"SKU-0001";"12";"14.40";"0.000";"172.80";"53.80";"622.60"
"ORD-10354";"2006-11-14 07:00:00";"delivered";"Fadi";"Fakhouri";"fadi.fakhouri@example.com";"Meat/Poultry";"Product VJXYN";"SKU-0029";"4";"99.00";"0.000";"396.00";"53.80";"622.60"
"ORD-10353";"2006-11-13 07:00:00";"delivered";"Tosh";"Meston";"tosh.meston@example.com";"Beverages";"Product QDOMO";"SKU-0038";"50";"210.80";"0.200";"8432.00";"360.63";"8953.91"
"ORD-10353";"2006-11-13 07:00:00";"delivered";"Tosh";"Meston";"tosh.meston@example.com";"Dairy Product";"Product QMVUN";"SKU-0011";"12";"16.80";"0.200";"161.28";"360.63";"8953.91"
"ORD-10352";"2006-11-12 07:00:00";"delivered";"Giorgio";"Cavaglieri";"giorgio.cavaglieri@example.com";"Beverages";"Product QOGNU";"SKU-0024";"10";"3.60";"0.000";"36.00";"1.30";"137.60"
"ORD-10352";"2006-11-12 07:00:00";"delivered";"Giorgio";"Cavaglieri";"giorgio.cavaglieri@example.com";"Meat/Poultry";"Product QAQRL";"SKU-0054";"20";"5.90";"0.150";"100.30";"1.30";"137.60"
"ORD-10351";"2006-11-11 07:00:00";"delivered";"John";"Kane";"john.kane@example.com";"Beverages";"Product QDOMO";"SKU-0038";"20";"210.80";"0.050";"4005.20";"162.33";"5561.06"
"ORD-10351";"2006-11-11 07:00:00";"delivered";"John";"Kane";"john.kane@example.com";"Condiments";"Product XYWBZ";"SKU-0065";"10";"16.80";"0.050";"159.60";"162.33";"5561.06"
"ORD-10350";"2006-11-11 07:00:00";"delivered";"Tim";"Litton";"tim.litton@example.com";"Confections";"Product BIUDV";"SKU-0050";"15";"13.00";"0.100";"175.50";"64.19";"706.25"
"ORD-10351";"2006-11-11 07:00:00";"delivered";"John";"Kane";"john.kane@example.com";"Condiments";"Product VJIEO";"SKU-0044";"77";"15.50";"0.050";"1133.83";"162.33";"5561.06"
"ORD-10351";"2006-11-11 07:00:00";"delivered";"John";"Kane";"john.kane@example.com";"Seafood";"Product TTEEX";"SKU-0041";"13";"7.70";"0.000";"100.10";"162.33";"5561.06"
"ORD-10350";"2006-11-11 07:00:00";"delivered";"Tim";"Litton";"tim.litton@example.com";"Dairy Product";"Product COAXA";"SKU-0069";"18";"28.80";"0.100";"466.56";"64.19";"706.25"
"ORD-10349";"2006-11-08 07:00:00";"delivered";"Agnieszka";"Wojciechowska";"agnieszka.wojciechowska@example.com";"Meat/Poultry";"Product QAQRL";"SKU-0054";"24";"5.90";"0.000";"141.60";"8.63";"150.23"
"ORD-10348";"2006-11-07 07:00:00";"delivered";"Manoj";"Syamala";"manoj.syamala@example.com";"Grains/Cereals";"Product JLUDZ";"SKU-0023";"25";"7.20";"0.000";"180.00";"0.78";"364.38"
"ORD-10348";"2006-11-07 07:00:00";"delivered";"Manoj";"Syamala";"manoj.syamala@example.com";"Beverages";"Product HHYDP";"SKU-0001";"15";"14.40";"0.150";"183.60";"0.78";"364.38"
"ORD-10347";"2006-11-06 07:00:00";"delivered";"Giuseppe";"Russo";"giuseppe.russo@example.com";"Seafood";"Product YZIXQ";"SKU-0040";"4";"14.70";"0.000";"58.80";"3.10";"817.52"
"ORD-10347";"2006-11-06 07:00:00";"delivered";"Giuseppe";"Russo";"giuseppe.russo@example.com";"Beverages";"Product BWRLG";"SKU-0075";"6";"6.20";"0.150";"31.62";"3.10";"817.52"
"ORD-10347";"2006-11-06 07:00:00";"delivered";"Giuseppe";"Russo";"giuseppe.russo@example.com";"Beverages";"Product LSOFL";"SKU-0039";"50";"14.40";"0.150";"612.00";"3.10";"817.52"
"ORD-10347";"2006-11-06 07:00:00";"delivered";"Giuseppe";"Russo";"giuseppe.russo@example.com";"Confections";"Product LYLNI";"SKU-0025";"10";"11.20";"0.000";"112.00";"3.10";"817.52"
"ORD-10346";"2006-11-05 07:00:00";"delivered";"Michael";"Moore";"michael.moore@example.com";"Meat/Poultry";"Product BLCAX";"SKU-0017";"36";"31.20";"0.100";"1010.88";"142.08";"1760.96"
"ORD-10346";"2006-11-05 07:00:00";"delivered";"Michael";"Moore";"michael.moore@example.com";"Grains/Cereals";"Product VKCMF";"SKU-0056";"20";"30.40";"0.000";"608.00";"142.08";"1760.96"
"ORD-10345";"2006-11-04 07:00:00";"delivered";"Giorgio";"Veronesi";"giorgio.veronesi@example.com";"Condiments";"Product WVJFP";"SKU-0008";"70";"32.00";"0.000";"2240.00";"249.06";"3173.86"
"ORD-10345";"2006-11-04 07:00:00";"delivered";"Giorgio";"Veronesi";"giorgio.veronesi@example.com";"Grains/Cereals";"Product RJVNM";"SKU-0042";"9";"11.20";"0.000";"100.80";"249.06";"3173.86"
"ORD-10345";"2006-11-04 07:00:00";"delivered";"Giorgio";"Veronesi";"giorgio.veronesi@example.com";"Confections";"Product XKXDO";"SKU-0019";"80";"7.30";"0.000";"584.00";"249.06";"3173.86"
"ORD-10344";"2006-11-01 07:00:00";"delivered";"Ronaldo";"Smith Jr.";"ronaldo.smithjr@example.com";"Condiments";"Product KSBRM";"SKU-0004";"35";"17.60";"0.000";"616.00";"23.29";"2319.29"
"ORD-10344";"2006-11-01 07:00:00";"delivered";"Ronaldo";"Smith Jr.";"ronaldo.smithjr@example.com";"Condiments";"Product WVJFP";"SKU-0008";"70";"32.00";"0.250";"1680.00";"23.29";"2319.29"
"ORD-10343";"2006-10-31 07:00:00";"delivered";"George";"Louverdis";"george.louverdis@example.com";"Confections";"Product TBTBL";"SKU-0068";"4";"10.00";"0.050";"38.00";"110.37";"1694.37"
"ORD-10343";"2006-10-31 07:00:00";"delivered";"George";"Louverdis";"george.louverdis@example.com";"Grains/Cereals";"Product HCQDE";"SKU-0064";"50";"26.60";"0.000";"1330.00";"110.37";"1694.37"
"ORD-10343";"2006-10-31 07:00:00";"delivered";"George";"Louverdis";"george.louverdis@example.com";"Beverages";"Product JYGFE";"SKU-0076";"15";"14.40";"0.000";"216.00";"110.37";"1694.37"
"ORD-10342";"2006-10-30 07:00:00";"delivered";"Jason";"Carlson";"jason.carlson@example.com";"Dairy Product";"Product XWOXC";"SKU-0031";"56";"10.00";"0.200";"448.00";"54.83";"1895.47"
"ORD-10342";"2006-10-30 07:00:00";"delivered";"Jason";"Carlson";"jason.carlson@example.com";"Beverages";"Product RECZE";"SKU-0002";"24";"15.20";"0.200";"291.84";"54.83";"1895.47"
"ORD-10342";"2006-10-30 07:00:00";"delivered";"Jason";"Carlson";"jason.carlson@example.com";"Meat/Poultry";"Product YYWRT";"SKU-0055";"40";"19.20";"0.200";"614.40";"54.83";"1895.47"
"ORD-10342";"2006-10-30 07:00:00";"delivered";"Jason";"Carlson";"jason.carlson@example.com";"Seafood";"Product GMKIJ";"SKU-0036";"40";"15.20";"0.200";"486.40";"54.83";"1895.47"
"ORD-10340";"2006-10-29 07:00:00";"delivered";"Amritansh";"Raghav";"amritansh.raghav@example.com";"Beverages";"Product ZZZHR";"SKU-0043";"40";"36.80";"0.050";"1398.40";"166.31";"2602.49"
"ORD-10341";"2006-10-29 07:00:00";"delivered";"Nuria";"Gonzalez";"nuria.gonzalez@example.com";"Dairy Product";"Product UKXRI";"SKU-0059";"9";"44.00";"0.150";"336.60";"26.78";"379.38"
"ORD-10340";"2006-10-29 07:00:00";"delivered";"Amritansh";"Raghav";"amritansh.raghav@example.com";"Seafood";"Product CKEDC";"SKU-0018";"20";"50.00";"0.050";"950.00";"166.31";"2602.49"
"ORD-10341";"2006-10-29 07:00:00";"delivered";"Nuria";"Gonzalez";"nuria.gonzalez@example.com";"Dairy Product";"Product ASTMN";"SKU-0033";"8";"2.00";"0.000";"16.00";"26.78";"379.38"
"ORD-10340";"2006-10-29 07:00:00";"delivered";"Amritansh";"Raghav";"amritansh.raghav@example.com";"Seafood";"Product TTEEX";"SKU-0041";"12";"7.70";"0.050";"87.78";"166.31";"2602.49"
"ORD-10339";"2006-10-28 07:00:00";"delivered";"Maurice";"Taylor";"maurice.taylor@example.com";"Condiments";"Product KSBRM";"SKU-0004";"10";"17.60";"0.000";"176.00";"15.66";"3369.66"
"ORD-10339";"2006-10-28 07:00:00";"delivered";"Maurice";"Taylor";"maurice.taylor@example.com";"Confections";"Product WUXYK";"SKU-0062";"28";"39.40";"0.000";"1103.20";"15.66";"3369.66"
"ORD-10339";"2006-10-28 07:00:00";"delivered";"Maurice";"Taylor";"maurice.taylor@example.com";"Meat/Poultry";"Product BLCAX";"SKU-0017";"70";"31.20";"0.050";"2074.80";"15.66";"3369.66"
"ORD-10338";"2006-10-25 07:00:00";"delivered";"Anja";"Egelund-Muller";"anja.egelundmuller@example.com";"Seafood";"Product LYERX";"SKU-0030";"15";"20.70";"0.000";"310.50";"84.21";"1018.71"
"ORD-10338";"2006-10-25 07:00:00";"delivered";"Anja";"Egelund-Muller";"anja.egelundmuller@example.com";"Meat/Poultry";"Product BLCAX";"SKU-0017";"20";"31.20";"0.000";"624.00";"84.21";"1018.71"
"ORD-10337";"2006-10-24 07:00:00";"delivered";"Jason";"Carlson";"jason.carlson@example.com";"Dairy Product";"Product GEEOO";"SKU-0072";"25";"27.80";"0.000";"695.00";"108.26";"2575.26"
"ORD-10337";"2006-10-24 07:00:00";"delivered";"Jason";"Carlson";"jason.carlson@example.com";"Seafood";"Product EVFFA";"SKU-0037";"28";"20.80";"0.000";"582.40";"108.26";"2575.26"
"ORD-10337";"2006-10-24 07:00:00";"delivered";"Jason";"Carlson";"jason.carlson@example.com";"Confections";"Product HLGZA";"SKU-0026";"24";"24.90";"0.000";"597.60";"108.26";"2575.26"
"ORD-10337";"2006-10-24 07:00:00";"delivered";"Jason";"Carlson";"jason.carlson@example.com";"Seafood";"Product GMKIJ";"SKU-0036";"20";"15.20";"0.000";"304.00";"108.26";"2575.26"
"ORD-10337";"2006-10-24 07:00:00";"delivered";"Jason";"Carlson";"jason.carlson@example.com";"Grains/Cereals";"Product JLUDZ";"SKU-0023";"40";"7.20";"0.000";"288.00";"108.26";"2575.26"
"ORD-10336";"2006-10-23 07:00:00";"delivered";"Sunil";"Uppal";"sunil.uppal@example.com";"Condiments";"Product KSBRM";"SKU-0004";"18";"17.60";"0.100";"285.12";"15.51";"300.63"
"ORD-10335";"2006-10-22 07:00:00";"delivered";"Ovidiu V.";"Craciun";"ovidiuv.craciun@example.com";"Produce";"Product APITJ";"SKU-0051";"48";"42.40";"0.200";"1628.16";"42.11";"2078.27"
"ORD-10335";"2006-10-22 07:00:00";"delivered";"Ovidiu V.";"Craciun";"ovidiuv.craciun@example.com";"Dairy Product";"Product XWOXC";"SKU-0031";"25";"10.00";"0.200";"200.00";"42.11";"2078.27"
"ORD-10335";"2006-10-22 07:00:00";"delivered";"Ovidiu V.";"Craciun";"ovidiuv.craciun@example.com";"Beverages";"Product RECZE";"SKU-0002";"7";"15.20";"0.200";"85.12";"42.11";"2078.27"
"ORD-10335";"2006-10-22 07:00:00";"delivered";"Ovidiu V.";"Craciun";"ovidiuv.craciun@example.com";"Dairy Product";"Product NUNAW";"SKU-0032";"6";"25.60";"0.200";"122.88";"42.11";"2078.27"
"ORD-10334";"2006-10-21 07:00:00";"delivered";"Sittichai";"Tuntisangaroon";"sittichai.tuntisangaroon@example.com";"Grains/Cereals";"Product QSRXF";"SKU-0052";"8";"5.60";"0.000";"44.80";"8.56";"153.36"
"ORD-10334";"2006-10-21 07:00:00";"delivered";"Sittichai";"Tuntisangaroon";"sittichai.tuntisangaroon@example.com";"Confections";"Product TBTBL";"SKU-0068";"10";"10.00";"0.000";"100.00";"8.56";"153.36"
"ORD-10333";"2006-10-18 07:00:00";"delivered";"Michael";"Ludwig";"michael.ludwig@example.com";"Dairy Product";"Product MYMOI";"SKU-0071";"40";"17.20";"0.100";"619.20";"0.59";"877.79"
"ORD-10333";"2006-10-18 07:00:00";"delivered";"Michael";"Ludwig";"michael.ludwig@example.com";"Confections";"Product VJZZH";"SKU-0021";"10";"8.00";"0.100";"72.00";"0.59";"877.79"
"ORD-10333";"2006-10-18 07:00:00";"delivered";"Michael";"Ludwig";"michael.ludwig@example.com";"Produce";"Product PWCJB";"SKU-0014";"10";"18.60";"0.000";"186.00";"0.59";"877.79"
"ORD-10332";"2006-10-17 07:00:00";"delivered";"Maurice";"Taylor";"maurice.taylor@example.com";"Grains/Cereals";"Product RJVNM";"SKU-0042";"10";"11.20";"0.200";"89.60";"52.84";"1839.72"
"ORD-10332";"2006-10-17 07:00:00";"delivered";"Maurice";"Taylor";"maurice.taylor@example.com";"Seafood";"Product CKEDC";"SKU-0018";"40";"50.00";"0.200";"1600.00";"52.84";"1839.72"
"ORD-10332";"2006-10-17 07:00:00";"delivered";"Maurice";"Taylor";"maurice.taylor@example.com";"Confections";"Product EZZPR";"SKU-0047";"16";"7.60";"0.200";"97.28";"52.84";"1839.72"
"ORD-10330";"2006-10-16 07:00:00";"delivered";"Marlies";"Dressler";"marlies.dressler@example.com";"Confections";"Product HLGZA";"SKU-0026";"50";"24.90";"0.150";"1058.25";"12.75";"1661.75"
"ORD-10331";"2006-10-16 07:00:00";"delivered";"Amritansh";"Raghav";"amritansh.raghav@example.com";"Meat/Poultry";"Product QAQRL";"SKU-0054";"15";"5.90";"0.000";"88.50";"10.19";"98.69"
"ORD-10330";"2006-10-16 07:00:00";"delivered";"Marlies";"Dressler";"marlies.dressler@example.com";"Dairy Product";"Product GEEOO";"SKU-0072";"25";"27.80";"0.150";"590.75";"12.75";"1661.75"
"ORD-10329";"2006-10-15 07:00:00";"delivered";"Agnieszka";"Wojciechowska";"agnieszka.wojciechowska@example.com";"Grains/Cereals";"Product VKCMF";"SKU-0056";"12";"30.40";"0.050";"346.56";"191.67";"4770.10"
"ORD-10329";"2006-10-15 07:00:00";"delivered";"Agnieszka";"Wojciechowska";"agnieszka.wojciechowska@example.com";"Beverages";"Product QDOMO";"SKU-0038";"20";"210.80";"0.050";"4005.20";"191.67";"4770.10"
"ORD-10329";"2006-10-15 07:00:00";"delivered";"Agnieszka";"Wojciechowska";"agnieszka.wojciechowska@example.com";"Seafood";"Product LYERX";"SKU-0030";"8";"20.70";"0.050";"157.32";"191.67";"4770.10"
"ORD-10329";"2006-10-15 07:00:00";"delivered";"Agnieszka";"Wojciechowska";"agnieszka.wojciechowska@example.com";"Confections";"Product XKXDO";"SKU-0019";"10";"7.30";"0.050";"69.35";"191.67";"4770.10"
"ORD-10328";"2006-10-14 07:00:00";"delivered";"Giorgio";"Cavaglieri";"giorgio.cavaglieri@example.com";"Dairy Product";"Product UKXRI";"SKU-0059";"9";"44.00";"0.000";"396.00";"87.03";"1255.03"
"ORD-10328";"2006-10-14 07:00:00";"delivered";"Giorgio";"Cavaglieri";"giorgio.cavaglieri@example.com";"Condiments";"Product XYWBZ";"SKU-0065";"40";"16.80";"0.000";"672.00";"87.03";"1255.03"
"ORD-10328";"2006-10-14 07:00:00";"delivered";"Giorgio";"Cavaglieri";"giorgio.cavaglieri@example.com";"Confections";"Product TBTBL";"SKU-0068";"10";"10.00";"0.000";"100.00";"87.03";"1255.03"
"ORD-10327";"2006-10-11 07:00:00";"delivered";"Patricia";"San Juan";"patricia.sanjuan@example.com";"Seafood";"Product ACRVI";"SKU-0058";"30";"10.60";"0.200";"254.40";"63.36";"1873.36"
"ORD-10327";"2006-10-11 07:00:00";"delivered";"Patricia";"San Juan";"patricia.sanjuan@example.com";"Seafood";"Product LYERX";"SKU-0030";"35";"20.70";"0.200";"579.60";"63.36";"1873.36"
"ORD-10327";"2006-10-11 07:00:00";"delivered";"Patricia";"San Juan";"patricia.sanjuan@example.com";"Beverages";"Product RECZE";"SKU-0002";"25";"15.20";"0.200";"304.00";"63.36";"1873.36"
"ORD-10327";"2006-10-11 07:00:00";"delivered";"Patricia";"San Juan";"patricia.sanjuan@example.com";"Dairy Product";"Product QMVUN";"SKU-0011";"50";"16.80";"0.200";"672.00";"63.36";"1873.36"
"ORD-10326";"2006-10-10 07:00:00";"delivered";"Julia";"Ilyina";"julia.ilyina@example.com";"Condiments";"Product KSBRM";"SKU-0004";"24";"17.60";"0.000";"422.40";"77.92";"1059.92"
"ORD-10326";"2006-10-10 07:00:00";"delivered";"Julia";"Ilyina";"julia.ilyina@example.com";"Grains/Cereals";"Product OVLQI";"SKU-0057";"16";"15.60";"0.000";"249.60";"77.92";"1059.92"
"ORD-10326";"2006-10-10 07:00:00";"delivered";"Julia";"Ilyina";"julia.ilyina@example.com";"Beverages";"Product BWRLG";"SKU-0075";"50";"6.20";"0.000";"310.00";"77.92";"1059.92"
"ORD-10325";"2006-10-09 07:00:00";"delivered";"Lolan";"Song";"lolan.song@example.com";"Dairy Product";"Product XWOXC";"SKU-0031";"4";"10.00";"0.000";"40.00";"64.86";"1561.86"
"ORD-10325";"2006-10-09 07:00:00";"delivered";"Lolan";"Song";"lolan.song@example.com";"Condiments";"Product VAIIV";"SKU-0006";"6";"20.00";"0.000";"120.00";"64.86";"1561.86"
"ORD-10325";"2006-10-09 07:00:00";"delivered";"Lolan";"Song";"lolan.song@example.com";"Produce";"Product PWCJB";"SKU-0014";"9";"18.60";"0.000";"167.40";"64.86";"1561.86"
"ORD-10325";"2006-10-09 07:00:00";"delivered";"Lolan";"Song";"lolan.song@example.com";"Seafood";"Product POXFU";"SKU-0013";"12";"4.80";"0.000";"57.60";"64.86";"1561.86"
"ORD-10325";"2006-10-09 07:00:00";"delivered";"Lolan";"Song";"lolan.song@example.com";"Dairy Product";"Product GEEOO";"SKU-0072";"40";"27.80";"0.000";"1112.00";"64.86";"1561.86"
"ORD-10324";"2006-10-08 07:00:00";"delivered";"Tomás";"Navarro";"tomas.navarro@example.com";"Dairy Product";"Product UKXRI";"SKU-0059";"40";"44.00";"0.150";"1496.00";"214.27";"5489.99"
"ORD-10324";"2006-10-08 07:00:00";"delivered";"Tomás";"Navarro";"tomas.navarro@example.com";"Condiments";"Product ICKNK";"SKU-0063";"80";"35.10";"0.150";"2386.80";"214.27";"5489.99"
"ORD-10324";"2006-10-08 07:00:00";"delivered";"Tomás";"Navarro";"tomas.navarro@example.com";"Seafood";"Product CBRRL";"SKU-0046";"30";"9.60";"0.000";"288.00";"214.27";"5489.99"
"ORD-10324";"2006-10-08 07:00:00";"delivered";"Tomás";"Navarro";"tomas.navarro@example.com";"Beverages";"Product NEVTJ";"SKU-0035";"70";"14.40";"0.150";"856.80";"214.27";"5489.99"
"ORD-10324";"2006-10-08 07:00:00";"delivered";"Tomás";"Navarro";"tomas.navarro@example.com";"Confections";"Product PAFRH";"SKU-0016";"21";"13.90";"0.150";"248.12";"214.27";"5489.99"
"ORD-10323";"2006-10-07 07:00:00";"delivered";"Lolan";"Song";"lolan.song@example.com";"Condiments";"Product KSZOI";"SKU-0015";"5";"12.40";"0.000";"62.00";"4.88";"169.28"
"ORD-10323";"2006-10-07 07:00:00";"delivered";"Lolan";"Song";"lolan.song@example.com";"Beverages";"Product LSOFL";"SKU-0039";"4";"14.40";"0.000";"57.60";"4.88";"169.28"
"ORD-10323";"2006-10-07 07:00:00";"delivered";"Lolan";"Song";"lolan.song@example.com";"Confections";"Product LYLNI";"SKU-0025";"4";"11.20";"0.000";"44.80";"4.88";"169.28"
"ORD-10322";"2006-10-04 07:00:00";"delivered";"Fadi";"Fakhouri";"fadi.fakhouri@example.com";"Grains/Cereals";"Product QSRXF";"SKU-0052";"20";"5.60";"0.000";"112.00";"0.40";"112.40"
"ORD-10320";"2006-10-03 07:00:00";"delivered";"Michael";"Ludwig";"michael.ludwig@example.com";"Dairy Product";"Product MYMOI";"SKU-0071";"30";"17.20";"0.000";"516.00";"34.57";"550.57"
"ORD-10321";"2006-10-03 07:00:00";"delivered";"Frank";"Lee";"frank.lee@example.com";"Beverages";"Product NEVTJ";"SKU-0035";"10";"14.40";"0.000";"144.00";"3.43";"147.43"
"ORD-10319";"2006-10-02 07:00:00";"delivered";"Jens";"Geschwandtner";"jens.geschwandtner@example.com";"Beverages";"Product JYGFE";"SKU-0076";"30";"14.40";"0.000";"432.00";"64.50";"1255.70"
"ORD-10319";"2006-10-02 07:00:00";"delivered";"Jens";"Geschwandtner";"jens.geschwandtner@example.com";"Meat/Poultry";"Product BLCAX";"SKU-0017";"8";"31.20";"0.000";"249.60";"64.50";"1255.70"
"ORD-10319";"2006-10-02 07:00:00";"delivered";"Jens";"Geschwandtner";"jens.geschwandtner@example.com";"Produce";"Product OFBNT";"SKU-0028";"14";"36.40";"0.000";"509.60";"64.50";"1255.70"
"ORD-10318";"2006-10-01 07:00:00";"delivered";"Frank";"Lee";"frank.lee@example.com";"Beverages";"Product JYGFE";"SKU-0076";"6";"14.40";"0.000";"86.40";"4.73";"245.13"
"ORD-10318";"2006-10-01 07:00:00";"delivered";"Frank";"Lee";"frank.lee@example.com";"Seafood";"Product TTEEX";"SKU-0041";"20";"7.70";"0.000";"154.00";"4.73";"245.13"
"ORD-10317";"2006-09-30 07:00:00";"delivered";"Radoslaw";"Szymczak";"radosaw.szymczak@example.com";"Beverages";"Product HHYDP";"SKU-0001";"20";"14.40";"0.000";"288.00";"12.69";"300.69"
"ORD-10316";"2006-09-27 07:00:00";"delivered";"Michael";"Moore";"michael.moore@example.com";"Seafood";"Product TTEEX";"SKU-0041";"10";"7.70";"0.000";"77.00";"150.15";"2985.15"
"ORD-10316";"2006-09-27 07:00:00";"delivered";"Michael";"Moore";"michael.moore@example.com";"Confections";"Product WUXYK";"SKU-0062";"70";"39.40";"0.000";"2758.00";"150.15";"2985.15"
"ORD-10315";"2006-09-26 07:00:00";"delivered";"Frank";"Lee";"frank.lee@example.com";"Beverages";"Product TOONT";"SKU-0070";"30";"12.00";"0.000";"360.00";"41.76";"558.56"
"ORD-10315";"2006-09-26 07:00:00";"delivered";"Frank";"Lee";"frank.lee@example.com";"Beverages";"Product SWNJY";"SKU-0034";"14";"11.20";"0.000";"156.80";"41.76";"558.56"
"ORD-10314";"2006-09-25 07:00:00";"delivered";"Michael";"Moore";"michael.moore@example.com";"Seafood";"Product ACRVI";"SKU-0058";"30";"10.60";"0.100";"286.20";"74.16";"2168.46"
"ORD-10314";"2006-09-25 07:00:00";"delivered";"Michael";"Moore";"michael.moore@example.com";"Confections";"Product WUXYK";"SKU-0062";"25";"39.40";"0.100";"886.50";"74.16";"2168.46"
"ORD-10314";"2006-09-25 07:00:00";"delivered";"Michael";"Moore";"michael.moore@example.com";"Dairy Product";"Product NUNAW";"SKU-0032";"40";"25.60";"0.100";"921.60";"74.16";"2168.46"
"ORD-10313";"2006-09-24 07:00:00";"delivered";"Giorgio";"Veronesi";"giorgio.veronesi@example.com";"Seafood";"Product GMKIJ";"SKU-0036";"12";"15.20";"0.000";"182.40";"1.96";"184.36"
"ORD-10312";"2006-09-23 07:00:00";"delivered";"Manoj";"Syamala";"manoj.syamala@example.com";"Beverages";"Product ZZZHR";"SKU-0043";"24";"36.80";"0.000";"883.20";"40.26";"1655.06"
"ORD-10312";"2006-09-23 07:00:00";"delivered";"Manoj";"Syamala";"manoj.syamala@example.com";"Meat/Poultry";"Product BKGEA";"SKU-0053";"20";"26.20";"0.000";"524.00";"40.26";"1655.06"
"ORD-10312";"2006-09-23 07:00:00";"delivered";"Manoj";"Syamala";"manoj.syamala@example.com";"Beverages";"Product BWRLG";"SKU-0075";"10";"6.20";"0.000";"62.00";"40.26";"1655.06"
"ORD-10312";"2006-09-23 07:00:00";"delivered";"Manoj";"Syamala";"manoj.syamala@example.com";"Produce";"Product OFBNT";"SKU-0028";"4";"36.40";"0.000";"145.60";"40.26";"1655.06"
"ORD-10310";"2006-09-20 07:00:00";"delivered";"Cristian";"Osorio";"cristian.osorio@example.com";"Confections";"Product PAFRH";"SKU-0016";"10";"13.90";"0.000";"139.00";"17.52";"353.52"
"ORD-10310";"2006-09-20 07:00:00";"delivered";"Cristian";"Osorio";"cristian.osorio@example.com";"Confections";"Product WUXYK";"SKU-0062";"5";"39.40";"0.000";"197.00";"17.52";"353.52"
"ORD-10311";"2006-09-20 07:00:00";"delivered";"Arif";"Rizaldy";"arif.rizaldy@example.com";"Dairy Product";"Product COAXA";"SKU-0069";"7";"28.80";"0.000";"201.60";"24.69";"293.49"
"ORD-10311";"2006-09-20 07:00:00";"delivered";"Arif";"Rizaldy";"arif.rizaldy@example.com";"Grains/Cereals";"Product RJVNM";"SKU-0042";"6";"11.20";"0.000";"67.20";"24.69";"293.49"
"ORD-10309";"2006-09-19 07:00:00";"delivered";"Ovidiu V.";"Craciun";"ovidiuv.craciun@example.com";"Condiments";"Product VAIIV";"SKU-0006";"30";"20.00";"0.000";"600.00";"47.30";"1809.30"
"ORD-10309";"2006-09-19 07:00:00";"delivered";"Ovidiu V.";"Craciun";"ovidiuv.craciun@example.com";"Grains/Cereals";"Product RJVNM";"SKU-0042";"2";"11.20";"0.000";"22.40";"47.30";"1809.30"
"ORD-10309";"2006-09-19 07:00:00";"delivered";"Ovidiu V.";"Craciun";"ovidiuv.craciun@example.com";"Dairy Product";"Product MYMOI";"SKU-0071";"3";"17.20";"0.000";"51.60";"47.30";"1809.30"
"ORD-10309";"2006-09-19 07:00:00";"delivered";"Ovidiu V.";"Craciun";"ovidiuv.craciun@example.com";"Condiments";"Product KSBRM";"SKU-0004";"20";"17.60";"0.000";"352.00";"47.30";"1809.30"
"ORD-10309";"2006-09-19 07:00:00";"delivered";"Ovidiu V.";"Craciun";"ovidiuv.craciun@example.com";"Beverages";"Product ZZZHR";"SKU-0043";"20";"36.80";"0.000";"736.00";"47.30";"1809.30"
"ORD-10308";"2006-09-18 07:00:00";"delivered";"Mark";"Hassall";"mark.hassall@example.com";"Dairy Product";"Product COAXA";"SKU-0069";"1";"28.80";"0.000";"28.80";"1.61";"90.41"
"ORD-10308";"2006-09-18 07:00:00";"delivered";"Mark";"Hassall";"mark.hassall@example.com";"Beverages";"Product TOONT";"SKU-0070";"5";"12.00";"0.000";"60.00";"1.61";"90.41"
"ORD-10307";"2006-09-17 07:00:00";"delivered";"Radoslaw";"Szymczak";"radosaw.szymczak@example.com";"Confections";"Product WUXYK";"SKU-0062";"10";"39.40";"0.000";"394.00";"0.56";"424.56"
"ORD-10307";"2006-09-17 07:00:00";"delivered";"Radoslaw";"Szymczak";"radosaw.szymczak@example.com";"Confections";"Product TBTBL";"SKU-0068";"3";"10.00";"0.000";"30.00";"0.56";"424.56"
"ORD-10306";"2006-09-16 07:00:00";"delivered";"Jason M.";"Watters";"jasonm.watters@example.com";"Seafood";"Product LYERX";"SKU-0030";"10";"20.70";"0.000";"207.00";"7.56";"506.06"
"ORD-10306";"2006-09-16 07:00:00";"delivered";"Jason M.";"Watters";"jasonm.watters@example.com";"Meat/Poultry";"Product QAQRL";"SKU-0054";"5";"5.90";"0.000";"29.50";"7.56";"506.06"
"ORD-10306";"2006-09-16 07:00:00";"delivered";"Jason M.";"Watters";"jasonm.watters@example.com";"Meat/Poultry";"Product BKGEA";"SKU-0053";"10";"26.20";"0.000";"262.00";"7.56";"506.06"
"ORD-10305";"2006-09-13 07:00:00";"delivered";"Anja";"Egelund-Muller";"anja.egelundmuller@example.com";"Seafood";"Product CKEDC";"SKU-0018";"25";"50.00";"0.100";"1125.00";"257.62";"3998.92"
"ORD-10305";"2006-09-13 07:00:00";"delivered";"Anja";"Egelund-Muller";"anja.egelundmuller@example.com";"Beverages";"Product LSOFL";"SKU-0039";"30";"14.40";"0.100";"388.80";"257.62";"3998.92"
"ORD-10305";"2006-09-13 07:00:00";"delivered";"Anja";"Egelund-Muller";"anja.egelundmuller@example.com";"Meat/Poultry";"Product VJXYN";"SKU-0029";"25";"99.00";"0.100";"2227.50";"257.62";"3998.92"
"ORD-10304";"2006-09-12 07:00:00";"delivered";"Jens";"Geschwandtner";"jens.geschwandtner@example.com";"Confections";"Product FPYPN";"SKU-0049";"30";"16.00";"0.000";"480.00";"63.79";"1018.19"
"ORD-10304";"2006-09-12 07:00:00";"delivered";"Jens";"Geschwandtner";"jens.geschwandtner@example.com";"Dairy Product";"Product MYMOI";"SKU-0071";"2";"17.20";"0.000";"34.40";"63.79";"1018.19"
"ORD-10304";"2006-09-12 07:00:00";"delivered";"Jens";"Geschwandtner";"jens.geschwandtner@example.com";"Dairy Product";"Product UKXRI";"SKU-0059";"10";"44.00";"0.000";"440.00";"63.79";"1018.19"
"ORD-10303";"2006-09-11 07:00:00";"delivered";"Rostislav";"Shabalin";"rostislav.shabalin@example.com";"Condiments";"Product XYWBZ";"SKU-0065";"30";"16.80";"0.100";"453.60";"107.83";"1225.63"
"ORD-10303";"2006-09-11 07:00:00";"delivered";"Rostislav";"Shabalin";"rostislav.shabalin@example.com";"Seafood";"Product YZIXQ";"SKU-0040";"40";"14.70";"0.100";"529.20";"107.83";"1225.63"
"ORD-10303";"2006-09-11 07:00:00";"delivered";"Rostislav";"Shabalin";"rostislav.shabalin@example.com";"Confections";"Product TBTBL";"SKU-0068";"15";"10.00";"0.100";"135.00";"107.83";"1225.63"
"ORD-10302";"2006-09-10 07:00:00";"delivered";"Katrin";"Gulbis";"katrin.gulbis@example.com";"Produce";"Product OFBNT";"SKU-0028";"28";"36.40";"0.000";"1019.20";"6.27";"2715.07"
"ORD-10302";"2006-09-10 07:00:00";"delivered";"Katrin";"Gulbis";"katrin.gulbis@example.com";"Meat/Poultry";"Product BLCAX";"SKU-0017";"40";"31.20";"0.000";"1248.00";"6.27";"2715.07"
"ORD-10302";"2006-09-10 07:00:00";"delivered";"Katrin";"Gulbis";"katrin.gulbis@example.com";"Beverages";"Product ZZZHR";"SKU-0043";"12";"36.80";"0.000";"441.60";"6.27";"2715.07"
"ORD-10301";"2006-09-09 07:00:00";"delivered";"Manoj";"Syamala";"manoj.syamala@example.com";"Seafood";"Product YZIXQ";"SKU-0040";"10";"14.70";"0.000";"147.00";"45.08";"800.08"
"ORD-10300";"2006-09-09 07:00:00";"delivered";"Bernard";"Duerr";"bernard.duerr@example.com";"Confections";"Product TBTBL";"SKU-0068";"20";"10.00";"0.000";"200.00";"17.68";"625.68"
"ORD-10300";"2006-09-09 07:00:00";"delivered";"Bernard";"Duerr";"bernard.duerr@example.com";"Condiments";"Product LQMGN";"SKU-0066";"30";"13.60";"0.000";"408.00";"17.68";"625.68"
"ORD-10301";"2006-09-09 07:00:00";"delivered";"Manoj";"Syamala";"manoj.syamala@example.com";"Grains/Cereals";"Product VKCMF";"SKU-0056";"20";"30.40";"0.000";"608.00";"45.08";"800.08"
"ORD-10299";"2006-09-06 07:00:00";"delivered";"Euan";"Garden";"euan.garden@example.com";"Confections";"Product XKXDO";"SKU-0019";"15";"7.30";"0.000";"109.50";"29.76";"379.26"
"ORD-10299";"2006-09-06 07:00:00";"delivered";"Euan";"Garden";"euan.garden@example.com";"Beverages";"Product TOONT";"SKU-0070";"20";"12.00";"0.000";"240.00";"29.76";"379.26"
"ORD-10298";"2006-09-05 07:00:00";"delivered";"Ovidiu V.";"Craciun";"ovidiuv.craciun@example.com";"Confections";"Product WUXYK";"SKU-0062";"15";"39.40";"0.000";"591.00";"168.22";"2813.22"
"ORD-10298";"2006-09-05 07:00:00";"delivered";"Ovidiu V.";"Craciun";"ovidiuv.craciun@example.com";"Beverages";"Product RECZE";"SKU-0002";"40";"15.20";"0.000";"608.00";"168.22";"2813.22"
"ORD-10298";"2006-09-05 07:00:00";"delivered";"Ovidiu V.";"Craciun";"ovidiuv.craciun@example.com";"Seafood";"Product GMKIJ";"SKU-0036";"40";"15.20";"0.250";"456.00";"168.22";"2813.22"
"ORD-10298";"2006-09-05 07:00:00";"delivered";"Ovidiu V.";"Craciun";"ovidiuv.craciun@example.com";"Dairy Product";"Product UKXRI";"SKU-0059";"30";"44.00";"0.250";"990.00";"168.22";"2813.22"
"ORD-10297";"2006-09-04 07:00:00";"delivered";"Dushyant";"Bansal";"dushyant.bansal@example.com";"Beverages";"Product LSOFL";"SKU-0039";"60";"14.40";"0.000";"864.00";"5.74";"1425.74"
"ORD-10297";"2006-09-04 07:00:00";"delivered";"Dushyant";"Bansal";"dushyant.bansal@example.com";"Dairy Product";"Product GEEOO";"SKU-0072";"20";"27.80";"0.000";"556.00";"5.74";"1425.74"
"ORD-10296";"2006-09-03 07:00:00";"delivered";"Marlies";"Dressler";"marlies.dressler@example.com";"Confections";"Product PAFRH";"SKU-0016";"30";"13.90";"0.000";"417.00";"0.12";"1050.72"
"ORD-10296";"2006-09-03 07:00:00";"delivered";"Marlies";"Dressler";"marlies.dressler@example.com";"Dairy Product";"Product QMVUN";"SKU-0011";"12";"16.80";"0.000";"201.60";"0.12";"1050.72"
"ORD-10296";"2006-09-03 07:00:00";"delivered";"Marlies";"Dressler";"marlies.dressler@example.com";"Dairy Product";"Product COAXA";"SKU-0069";"15";"28.80";"0.000";"432.00";"0.12";"1050.72"
"ORD-10295";"2006-09-02 07:00:00";"delivered";"Nkenge";"McLin";"nkenge.mclin@example.com";"Grains/Cereals";"Product VKCMF";"SKU-0056";"4";"30.40";"0.000";"121.60";"1.15";"122.75"
"ORD-10294";"2006-08-30 07:00:00";"delivered";"Michael";"Moore";"michael.moore@example.com";"Beverages";"Product HHYDP";"SKU-0001";"18";"14.40";"0.000";"259.20";"147.26";"2034.86"
"ORD-10294";"2006-08-30 07:00:00";"delivered";"Michael";"Moore";"michael.moore@example.com";"Beverages";"Product BWRLG";"SKU-0075";"6";"6.20";"0.000";"37.20";"147.26";"2034.86"
"ORD-10294";"2006-08-30 07:00:00";"delivered";"Michael";"Moore";"michael.moore@example.com";"Meat/Poultry";"Product BLCAX";"SKU-0017";"15";"31.20";"0.000";"468.00";"147.26";"2034.86"
"ORD-10294";"2006-08-30 07:00:00";"delivered";"Michael";"Moore";"michael.moore@example.com";"Dairy Product";"Product WHBYK";"SKU-0060";"21";"27.20";"0.000";"571.20";"147.26";"2034.86"
"ORD-10294";"2006-08-30 07:00:00";"delivered";"Michael";"Moore";"michael.moore@example.com";"Beverages";"Product ZZZHR";"SKU-0043";"15";"36.80";"0.000";"552.00";"147.26";"2034.86"
"ORD-10293";"2006-08-29 07:00:00";"delivered";"Jens";"Geschwandtner";"jens.geschwandtner@example.com";"Seafood";"Product CKEDC";"SKU-0018";"12";"50.00";"0.000";"600.00";"21.18";"869.88"
"ORD-10293";"2006-08-29 07:00:00";"delivered";"Jens";"Geschwandtner";"jens.geschwandtner@example.com";"Beverages";"Product QOGNU";"SKU-0024";"10";"3.60";"0.000";"36.00";"21.18";"869.88"
"ORD-10293";"2006-08-29 07:00:00";"delivered";"Jens";"Geschwandtner";"jens.geschwandtner@example.com";"Beverages";"Product BWRLG";"SKU-0075";"6";"6.20";"0.000";"37.20";"21.18";"869.88"
"ORD-10293";"2006-08-29 07:00:00";"delivered";"Jens";"Geschwandtner";"jens.geschwandtner@example.com";"Condiments";"Product ICKNK";"SKU-0063";"5";"35.10";"0.000";"175.50";"21.18";"869.88"
"ORD-10292";"2006-08-28 07:00:00";"delivered";"Jean-Philippe";"Nagel";"jeanphilippe.nagel@example.com";"Confections";"Product QHFFP";"SKU-0020";"20";"64.80";"0.000";"1296.00";"1.35";"1297.35"
"ORD-10290";"2006-08-27 07:00:00";"delivered";"Shawn";"Richardson";"shawn.richardson@example.com";"Condiments";"Product EPEIM";"SKU-0005";"20";"17.00";"0.000";"340.00";"79.70";"2248.70"
"ORD-10290";"2006-08-27 07:00:00";"delivered";"Shawn";"Richardson";"shawn.richardson@example.com";"Condiments";"Product LUNZZ";"SKU-0077";"10";"10.40";"0.000";"104.00";"79.70";"2248.70"
"ORD-10291";"2006-08-27 07:00:00";"delivered";"Krzysztof";"Florczyk";"krzysztof.florczyk@example.com";"Condiments";"Product VJIEO";"SKU-0044";"24";"15.50";"0.100";"334.80";"6.40";"503.92"
"ORD-10291";"2006-08-27 07:00:00";"delivered";"Krzysztof";"Florczyk";"krzysztof.florczyk@example.com";"Seafood";"Product POXFU";"SKU-0013";"20";"4.80";"0.100";"86.40";"6.40";"503.92"
"ORD-10290";"2006-08-27 07:00:00";"delivered";"Shawn";"Richardson";"shawn.richardson@example.com";"Meat/Poultry";"Product VJXYN";"SKU-0029";"15";"99.00";"0.000";"1485.00";"79.70";"2248.70"
"ORD-10290";"2006-08-27 07:00:00";"delivered";"Shawn";"Richardson";"shawn.richardson@example.com";"Confections";"Product FPYPN";"SKU-0049";"15";"16.00";"0.000";"240.00";"79.70";"2248.70"
"ORD-10291";"2006-08-27 07:00:00";"delivered";"Krzysztof";"Florczyk";"krzysztof.florczyk@example.com";"Produce";"Product APITJ";"SKU-0051";"2";"42.40";"0.100";"76.32";"6.40";"503.92"
"ORD-10289";"2006-08-26 07:00:00";"delivered";"David";"Jaffe";"david.jaffe@example.com";"Condiments";"Product IMEHJ";"SKU-0003";"30";"8.00";"0.000";"240.00";"22.77";"502.17"
"ORD-10289";"2006-08-26 07:00:00";"delivered";"David";"Jaffe";"david.jaffe@example.com";"Grains/Cereals";"Product HCQDE";"SKU-0064";"9";"26.60";"0.000";"239.40";"22.77";"502.17"
"ORD-10288";"2006-08-23 07:00:00";"delivered";"Florian";"Voss";"florian.voss@example.com";"Meat/Poultry";"Product QAQRL";"SKU-0054";"10";"5.90";"0.100";"53.10";"7.45";"87.55"
"ORD-10288";"2006-08-23 07:00:00";"delivered";"Florian";"Voss";"florian.voss@example.com";"Confections";"Product TBTBL";"SKU-0068";"3";"10.00";"0.100";"27.00";"7.45";"87.55"
"ORD-10287";"2006-08-22 07:00:00";"delivered";"Euan";"Garden";"euan.garden@example.com";"Seafood";"Product CBRRL";"SKU-0046";"15";"9.60";"0.150";"122.40";"12.76";"831.76"
"ORD-10287";"2006-08-22 07:00:00";"delivered";"Euan";"Garden";"euan.garden@example.com";"Beverages";"Product SWNJY";"SKU-0034";"20";"11.20";"0.000";"224.00";"12.76";"831.76"
"ORD-10287";"2006-08-22 07:00:00";"delivered";"Euan";"Garden";"euan.garden@example.com";"Confections";"Product PAFRH";"SKU-0016";"40";"13.90";"0.150";"472.60";"12.76";"831.76"
"ORD-10286";"2006-08-21 07:00:00";"delivered";"Giorgio";"Veronesi";"giorgio.veronesi@example.com";"Beverages";"Product NEVTJ";"SKU-0035";"100";"14.40";"0.000";"1440.00";"229.24";"3245.24"
"ORD-10286";"2006-08-21 07:00:00";"delivered";"Giorgio";"Veronesi";"giorgio.veronesi@example.com";"Confections";"Product WUXYK";"SKU-0062";"40";"39.40";"0.000";"1576.00";"229.24";"3245.24"
"ORD-10285";"2006-08-20 07:00:00";"delivered";"Giorgio";"Veronesi";"giorgio.veronesi@example.com";"Seafood";"Product YZIXQ";"SKU-0040";"40";"14.70";"0.200";"470.40";"76.83";"1820.19"
"ORD-10285";"2006-08-20 07:00:00";"delivered";"Giorgio";"Veronesi";"giorgio.veronesi@example.com";"Beverages";"Product HHYDP";"SKU-0001";"45";"14.40";"0.200";"518.40";"76.83";"1820.19"
"ORD-10285";"2006-08-20 07:00:00";"delivered";"Giorgio";"Veronesi";"giorgio.veronesi@example.com";"Meat/Poultry";"Product BKGEA";"SKU-0053";"36";"26.20";"0.200";"754.56";"76.83";"1820.19"
"ORD-10284";"2006-08-19 07:00:00";"delivered";"George";"Louverdis";"george.louverdis@example.com";"Condiments";"Product VJIEO";"SKU-0044";"21";"15.50";"0.000";"325.50";"76.56";"1246.94"
"ORD-10284";"2006-08-19 07:00:00";"delivered";"George";"Louverdis";"george.louverdis@example.com";"Confections";"Product SMIOH";"SKU-0027";"15";"35.10";"0.250";"394.88";"76.56";"1246.94"
"ORD-10284";"2006-08-19 07:00:00";"delivered";"George";"Louverdis";"george.louverdis@example.com";"Dairy Product";"Product WHBYK";"SKU-0060";"20";"27.20";"0.250";"408.00";"76.56";"1246.94"
"ORD-10284";"2006-08-19 07:00:00";"delivered";"George";"Louverdis";"george.louverdis@example.com";"Beverages";"Product XLXQF";"SKU-0067";"5";"11.20";"0.250";"42.00";"76.56";"1246.94"
"ORD-10283";"2006-08-16 07:00:00";"delivered";"Marlies";"Dressler";"marlies.dressler@example.com";"Dairy Product";"Product WHBYK";"SKU-0060";"35";"27.20";"0.000";"952.00";"84.81";"1499.61"
"ORD-10283";"2006-08-16 07:00:00";"delivered";"Marlies";"Dressler";"marlies.dressler@example.com";"Dairy Product";"Product GEEOO";"SKU-0072";"3";"27.80";"0.000";"83.40";"84.81";"1499.61"
"ORD-10283";"2006-08-16 07:00:00";"delivered";"Marlies";"Dressler";"marlies.dressler@example.com";"Confections";"Product XKXDO";"SKU-0019";"18";"7.30";"0.000";"131.40";"84.81";"1499.61"
"ORD-10283";"2006-08-16 07:00:00";"delivered";"Marlies";"Dressler";"marlies.dressler@example.com";"Condiments";"Product KSZOI";"SKU-0015";"20";"12.40";"0.000";"248.00";"84.81";"1499.61"
"ORD-10282";"2006-08-15 07:00:00";"delivered";"Jason M.";"Watters";"jasonm.watters@example.com";"Grains/Cereals";"Product OVLQI";"SKU-0057";"2";"15.60";"0.000";"31.20";"12.69";"168.09"
"ORD-10282";"2006-08-15 07:00:00";"delivered";"Jason M.";"Watters";"jasonm.watters@example.com";"Seafood";"Product LYERX";"SKU-0030";"6";"20.70";"0.000";"124.20";"12.69";"168.09"
"ORD-10280";"2006-08-14 07:00:00";"delivered";"Tom";"Higginbotham";"tom.higginbotham@example.com";"Beverages";"Product BWRLG";"SKU-0075";"30";"6.20";"0.000";"186.00";"8.98";"622.18"
"ORD-10281";"2006-08-14 07:00:00";"delivered";"Jason M.";"Watters";"jasonm.watters@example.com";"Confections";"Product XKXDO";"SKU-0019";"1";"7.30";"0.000";"7.30";"2.94";"89.44"
"ORD-10280";"2006-08-14 07:00:00";"delivered";"Tom";"Higginbotham";"tom.higginbotham@example.com";"Beverages";"Product QOGNU";"SKU-0024";"12";"3.60";"0.000";"43.20";"8.98";"622.18"
"ORD-10281";"2006-08-14 07:00:00";"delivered";"Jason M.";"Watters";"jasonm.watters@example.com";"Beverages";"Product NEVTJ";"SKU-0035";"4";"14.40";"0.000";"57.60";"2.94";"89.44"
"ORD-10280";"2006-08-14 07:00:00";"delivered";"Tom";"Higginbotham";"tom.higginbotham@example.com";"Meat/Poultry";"Product YYWRT";"SKU-0055";"20";"19.20";"0.000";"384.00";"8.98";"622.18"
"ORD-10281";"2006-08-14 07:00:00";"delivered";"Jason M.";"Watters";"jasonm.watters@example.com";"Beverages";"Product QOGNU";"SKU-0024";"6";"3.60";"0.000";"21.60";"2.94";"89.44"
"ORD-10279";"2006-08-13 07:00:00";"delivered";"George";"Louverdis";"george.louverdis@example.com";"Meat/Poultry";"Product BLCAX";"SKU-0017";"15";"31.20";"0.250";"351.00";"25.83";"376.83"
"ORD-10278";"2006-08-12 07:00:00";"delivered";"Tom";"Higginbotham";"tom.higginbotham@example.com";"Condiments";"Product VJIEO";"SKU-0044";"16";"15.50";"0.000";"248.00";"92.69";"1581.49"
"ORD-10278";"2006-08-12 07:00:00";"delivered";"Tom";"Higginbotham";"tom.higginbotham@example.com";"Dairy Product";"Product UKXRI";"SKU-0059";"15";"44.00";"0.000";"660.00";"92.69";"1581.49"
"ORD-10278";"2006-08-12 07:00:00";"delivered";"Tom";"Higginbotham";"tom.higginbotham@example.com";"Condiments";"Product ICKNK";"SKU-0063";"8";"35.10";"0.000";"280.80";"92.69";"1581.49"
"ORD-10278";"2006-08-12 07:00:00";"delivered";"Tom";"Higginbotham";"tom.higginbotham@example.com";"Seafood";"Product WEUJZ";"SKU-0073";"25";"12.00";"0.000";"300.00";"92.69";"1581.49"
"ORD-10277";"2006-08-09 07:00:00";"delivered";"Patrice";"Dupont-Roc";"patrice.dupontroc@example.com";"Produce";"Product OFBNT";"SKU-0028";"20";"36.40";"0.000";"728.00";"125.77";"1326.57"
"ORD-10277";"2006-08-09 07:00:00";"delivered";"Patrice";"Dupont-Roc";"patrice.dupontroc@example.com";"Confections";"Product WUXYK";"SKU-0062";"12";"39.40";"0.000";"472.80";"125.77";"1326.57"
"ORD-10276";"2006-08-08 07:00:00";"delivered";"Jens";"Geschwandtner";"jens.geschwandtner@example.com";"Seafood";"Product POXFU";"SKU-0013";"10";"4.80";"0.000";"48.00";"13.84";"433.84"
"ORD-10276";"2006-08-08 07:00:00";"delivered";"Jens";"Geschwandtner";"jens.geschwandtner@example.com";"Seafood";"Product YHXGE";"SKU-0010";"15";"24.80";"0.000";"372.00";"13.84";"433.84"
"ORD-10275";"2006-08-07 07:00:00";"delivered";"Bernard";"Duerr";"bernard.duerr@example.com";"Dairy Product";"Product UKXRI";"SKU-0059";"6";"44.00";"0.050";"250.80";"26.93";"318.77"
"ORD-10275";"2006-08-07 07:00:00";"delivered";"Bernard";"Duerr";"bernard.duerr@example.com";"Beverages";"Product QOGNU";"SKU-0024";"12";"3.60";"0.050";"41.04";"26.93";"318.77"
"ORD-10274";"2006-08-06 07:00:00";"delivered";"Nkenge";"McLin";"nkenge.mclin@example.com";"Dairy Product";"Product GEEOO";"SKU-0072";"7";"27.80";"0.000";"194.60";"6.01";"544.61"
"ORD-10274";"2006-08-06 07:00:00";"delivered";"Nkenge";"McLin";"nkenge.mclin@example.com";"Dairy Product";"Product MYMOI";"SKU-0071";"20";"17.20";"0.000";"344.00";"6.01";"544.61"
"ORD-10273";"2006-08-05 07:00:00";"delivered";"Giorgio";"Veronesi";"giorgio.veronesi@example.com";"Dairy Product";"Product XWOXC";"SKU-0031";"15";"10.00";"0.050";"142.50";"76.07";"2113.35"
"ORD-10273";"2006-08-05 07:00:00";"delivered";"Giorgio";"Veronesi";"giorgio.veronesi@example.com";"Beverages";"Product JYGFE";"SKU-0076";"33";"14.40";"0.050";"451.44";"76.07";"2113.35"
"ORD-10273";"2006-08-05 07:00:00";"delivered";"Giorgio";"Veronesi";"giorgio.veronesi@example.com";"Seafood";"Product YHXGE";"SKU-0010";"24";"24.80";"0.050";"565.44";"76.07";"2113.35"
"ORD-10273";"2006-08-05 07:00:00";"delivered";"Giorgio";"Veronesi";"giorgio.veronesi@example.com";"Dairy Product";"Product ASTMN";"SKU-0033";"20";"2.00";"0.000";"40.00";"76.07";"2113.35"
"ORD-10273";"2006-08-05 07:00:00";"delivered";"Giorgio";"Veronesi";"giorgio.veronesi@example.com";"Seafood";"Product YZIXQ";"SKU-0040";"60";"14.70";"0.050";"837.90";"76.07";"2113.35"
"ORD-10272";"2006-08-02 07:00:00";"delivered";"Michael";"Moore";"michael.moore@example.com";"Dairy Product";"Product GEEOO";"SKU-0072";"24";"27.80";"0.000";"667.20";"98.03";"1554.03"
"ORD-10272";"2006-08-02 07:00:00";"delivered";"Michael";"Moore";"michael.moore@example.com";"Confections";"Product QHFFP";"SKU-0020";"6";"64.80";"0.000";"388.80";"98.03";"1554.03"
"ORD-10272";"2006-08-02 07:00:00";"delivered";"Michael";"Moore";"michael.moore@example.com";"Dairy Product";"Product XWOXC";"SKU-0031";"40";"10.00";"0.000";"400.00";"98.03";"1554.03"
"ORD-10271";"2006-08-01 07:00:00";"delivered";"Agnieszka";"Wojciechowska";"agnieszka.wojciechowska@example.com";"Dairy Product";"Product ASTMN";"SKU-0033";"24";"2.00";"0.000";"48.00";"4.54";"52.54"
"ORD-10270";"2006-08-01 07:00:00";"delivered";"Michael";"Ludwig";"michael.ludwig@example.com";"Seafood";"Product GMKIJ";"SKU-0036";"30";"15.20";"0.000";"456.00";"136.54";"1512.54"
"ORD-10270";"2006-08-01 07:00:00";"delivered";"Michael";"Ludwig";"michael.ludwig@example.com";"Beverages";"Product ZZZHR";"SKU-0043";"25";"36.80";"0.000";"920.00";"136.54";"1512.54"
"ORD-10269";"2006-07-31 07:00:00";"delivered";"Ronaldo";"Smith Jr.";"ronaldo.smithjr@example.com";"Dairy Product";"Product GEEOO";"SKU-0072";"20";"27.80";"0.050";"528.20";"4.56";"646.76"
"ORD-10269";"2006-07-31 07:00:00";"delivered";"Ronaldo";"Smith Jr.";"ronaldo.smithjr@example.com";"Dairy Product";"Product ASTMN";"SKU-0033";"60";"2.00";"0.050";"114.00";"4.56";"646.76"
"ORD-10268";"2006-07-30 07:00:00";"delivered";"Hallur";"Sigurdarson";"hallur.sigurdarson@example.com";"Dairy Product";"Product GEEOO";"SKU-0072";"4";"27.80";"0.000";"111.20";"66.29";"1167.49"
"ORD-10268";"2006-07-30 07:00:00";"delivered";"Hallur";"Sigurdarson";"hallur.sigurdarson@example.com";"Meat/Poultry";"Product VJXYN";"SKU-0029";"10";"99.00";"0.000";"990.00";"66.29";"1167.49"
"ORD-10267";"2006-07-29 07:00:00";"delivered";"Jason";"Carlson";"jason.carlson@example.com";"Dairy Product";"Product UKXRI";"SKU-0059";"70";"44.00";"0.150";"2618.00";"208.58";"3745.18"
"ORD-10267";"2006-07-29 07:00:00";"delivered";"Jason";"Carlson";"jason.carlson@example.com";"Seafood";"Product YZIXQ";"SKU-0040";"50";"14.70";"0.000";"735.00";"208.58";"3745.18"
"ORD-10267";"2006-07-29 07:00:00";"delivered";"Jason";"Carlson";"jason.carlson@example.com";"Beverages";"Product JYGFE";"SKU-0076";"15";"14.40";"0.150";"183.60";"208.58";"3745.18"
"ORD-10266";"2006-07-26 07:00:00";"delivered";"Michael";"Ludwig";"michael.ludwig@example.com";"Dairy Product";"Product OSFNS";"SKU-0012";"12";"30.40";"0.050";"346.56";"25.73";"372.29"
"ORD-10265";"2006-07-25 07:00:00";"delivered";"Dushyant";"Bansal";"dushyant.bansal@example.com";"Meat/Poultry";"Product BLCAX";"SKU-0017";"30";"31.20";"0.000";"936.00";"55.28";"1231.28"
"ORD-10265";"2006-07-25 07:00:00";"delivered";"Dushyant";"Bansal";"dushyant.bansal@example.com";"Beverages";"Product TOONT";"SKU-0070";"20";"12.00";"0.000";"240.00";"55.28";"1231.28"
"ORD-10264";"2006-07-24 07:00:00";"delivered";"Patricia";"San Juan";"patricia.sanjuan@example.com";"Beverages";"Product RECZE";"SKU-0002";"35";"15.20";"0.000";"532.00";"3.67";"699.30"
"ORD-10264";"2006-07-24 07:00:00";"delivered";"Patricia";"San Juan";"patricia.sanjuan@example.com";"Seafood";"Product TTEEX";"SKU-0041";"25";"7.70";"0.150";"163.63";"3.67";"699.30"
"ORD-10263";"2006-07-23 07:00:00";"delivered";"John";"Kane";"john.kane@example.com";"Beverages";"Product QOGNU";"SKU-0024";"28";"3.60";"0.000";"100.80";"146.06";"2019.86"
"ORD-10263";"2006-07-23 07:00:00";"delivered";"John";"Kane";"john.kane@example.com";"Produce";"Product BKAZJ";"SKU-0074";"36";"8.00";"0.250";"216.00";"146.06";"2019.86"
"ORD-10263";"2006-07-23 07:00:00";"delivered";"John";"Kane";"john.kane@example.com";"Seafood";"Product LYERX";"SKU-0030";"60";"20.70";"0.250";"931.50";"146.06";"2019.86"
"ORD-10263";"2006-07-23 07:00:00";"delivered";"John";"Kane";"john.kane@example.com";"Confections";"Product PAFRH";"SKU-0016";"60";"13.90";"0.250";"625.50";"146.06";"2019.86"
"ORD-10262";"2006-07-22 07:00:00";"delivered";"Michael";"Moore";"michael.moore@example.com";"Produce";"Product HMLNI";"SKU-0007";"15";"24.00";"0.000";"360.00";"48.29";"632.29"
"ORD-10262";"2006-07-22 07:00:00";"delivered";"Michael";"Moore";"michael.moore@example.com";"Grains/Cereals";"Product VKCMF";"SKU-0056";"2";"30.40";"0.000";"60.80";"48.29";"632.29"
"ORD-10262";"2006-07-22 07:00:00";"delivered";"Michael";"Moore";"michael.moore@example.com";"Condiments";"Product EPEIM";"SKU-0005";"12";"17.00";"0.200";"163.20";"48.29";"632.29"
"ORD-10261";"2006-07-19 07:00:00";"delivered";"Krzysztof";"Florczyk";"krzysztof.florczyk@example.com";"Confections";"Product VJZZH";"SKU-0021";"20";"8.00";"0.000";"160.00";"3.05";"451.05"
"ORD-10260";"2006-07-19 07:00:00";"delivered";"Nadejda";"Marinova";"nadejda.marinova@example.com";"Seafood";"Product TTEEX";"SKU-0041";"16";"7.70";"0.250";"92.40";"55.09";"1559.74"
"ORD-10260";"2006-07-19 07:00:00";"delivered";"Nadejda";"Marinova";"nadejda.marinova@example.com";"Grains/Cereals";"Product OVLQI";"SKU-0057";"50";"15.60";"0.000";"780.00";"55.09";"1559.74"
"ORD-10260";"2006-07-19 07:00:00";"delivered";"Nadejda";"Marinova";"nadejda.marinova@example.com";"Beverages";"Product TOONT";"SKU-0070";"21";"12.00";"0.250";"189.00";"55.09";"1559.74"
"ORD-10261";"2006-07-19 07:00:00";"delivered";"Krzysztof";"Florczyk";"krzysztof.florczyk@example.com";"Beverages";"Product NEVTJ";"SKU-0035";"20";"14.40";"0.000";"288.00";"3.05";"451.05"
"ORD-10260";"2006-07-19 07:00:00";"delivered";"Nadejda";"Marinova";"nadejda.marinova@example.com";"Confections";"Product WUXYK";"SKU-0062";"15";"39.40";"0.250";"443.25";"55.09";"1559.74"
"ORD-10259";"2006-07-18 07:00:00";"delivered";"Almudena";"Benito";"almudena.benito@example.com";"Confections";"Product VJZZH";"SKU-0021";"10";"8.00";"0.000";"80.00";"3.25";"104.05"
"ORD-10259";"2006-07-18 07:00:00";"delivered";"Almudena";"Benito";"almudena.benito@example.com";"Seafood";"Product EVFFA";"SKU-0037";"1";"20.80";"0.000";"20.80";"3.25";"104.05"
"ORD-10258";"2006-07-17 07:00:00";"delivered";"John";"Kane";"john.kane@example.com";"Beverages";"Product RECZE";"SKU-0002";"50";"15.20";"0.200";"608.00";"140.51";"1755.39"
"ORD-10258";"2006-07-17 07:00:00";"delivered";"John";"Kane";"john.kane@example.com";"Condiments";"Product EPEIM";"SKU-0005";"65";"17.00";"0.200";"884.00";"140.51";"1755.39"
"ORD-10258";"2006-07-17 07:00:00";"delivered";"John";"Kane";"john.kane@example.com";"Dairy Product";"Product NUNAW";"SKU-0032";"6";"25.60";"0.200";"122.88";"140.51";"1755.39"
"ORD-10257";"2006-07-16 07:00:00";"delivered";"Kris";"Langohr";"kris.langohr@example.com";"Condiments";"Product LUNZZ";"SKU-0077";"15";"10.40";"0.000";"156.00";"81.91";"1201.81"
"ORD-10257";"2006-07-16 07:00:00";"delivered";"Kris";"Langohr";"kris.langohr@example.com";"Beverages";"Product LSOFL";"SKU-0039";"6";"14.40";"0.000";"86.40";"81.91";"1201.81"
"ORD-10257";"2006-07-16 07:00:00";"delivered";"Kris";"Langohr";"kris.langohr@example.com";"Confections";"Product SMIOH";"SKU-0027";"25";"35.10";"0.000";"877.50";"81.91";"1201.81"
"ORD-10256";"2006-07-15 07:00:00";"delivered";"Yan";"Li";"yan.li@example.com";"Condiments";"Product LUNZZ";"SKU-0077";"12";"10.40";"0.000";"124.80";"13.97";"531.77"
"ORD-10256";"2006-07-15 07:00:00";"delivered";"Yan";"Li";"yan.li@example.com";"Meat/Poultry";"Product BKGEA";"SKU-0053";"15";"26.20";"0.000";"393.00";"13.97";"531.77"
"ORD-10255";"2006-07-12 07:00:00";"delivered";"Jacek";"Myrcha";"jacek.myrcha@example.com";"Dairy Product";"Product UKXRI";"SKU-0059";"30";"44.00";"0.000";"1320.00";"148.33";"2638.83"
"ORD-10255";"2006-07-12 07:00:00";"delivered";"Jacek";"Myrcha";"jacek.myrcha@example.com";"Seafood";"Product GMKIJ";"SKU-0036";"25";"15.20";"0.000";"380.00";"148.33";"2638.83"
"ORD-10255";"2006-07-12 07:00:00";"delivered";"Jacek";"Myrcha";"jacek.myrcha@example.com";"Confections";"Product PAFRH";"SKU-0016";"35";"13.90";"0.000";"486.50";"148.33";"2638.83"
"ORD-10255";"2006-07-12 07:00:00";"delivered";"Jacek";"Myrcha";"jacek.myrcha@example.com";"Beverages";"Product RECZE";"SKU-0002";"20";"15.20";"0.000";"304.00";"148.33";"2638.83"
"ORD-10254";"2006-07-11 07:00:00";"delivered";"Jacek";"Jelitto";"jacek.jelitto@example.com";"Beverages";"Product QOGNU";"SKU-0024";"15";"3.60";"0.150";"45.90";"22.98";"579.60"
"ORD-10254";"2006-07-11 07:00:00";"delivered";"Jacek";"Jelitto";"jacek.jelitto@example.com";"Produce";"Product BKAZJ";"SKU-0074";"21";"8.00";"0.000";"168.00";"22.98";"579.60"
"ORD-10254";"2006-07-11 07:00:00";"delivered";"Jacek";"Jelitto";"jacek.jelitto@example.com";"Meat/Poultry";"Product YYWRT";"SKU-0055";"21";"19.20";"0.150";"342.72";"22.98";"579.60"
"ORD-10253";"2006-07-10 07:00:00";"delivered";"Shy";"Cohen";"shy.cohen@example.com";"Beverages";"Product LSOFL";"SKU-0039";"42";"14.40";"0.000";"604.80";"58.17";"1502.97"
"ORD-10253";"2006-07-10 07:00:00";"delivered";"Shy";"Cohen";"shy.cohen@example.com";"Dairy Product";"Product XWOXC";"SKU-0031";"20";"10.00";"0.000";"200.00";"58.17";"1502.97"
"ORD-10253";"2006-07-10 07:00:00";"delivered";"Shy";"Cohen";"shy.cohen@example.com";"Confections";"Product FPYPN";"SKU-0049";"40";"16.00";"0.000";"640.00";"58.17";"1502.97"
"ORD-10252";"2006-07-09 07:00:00";"delivered";"Katrin";"Gulbis";"katrin.gulbis@example.com";"Dairy Product";"Product ASTMN";"SKU-0033";"25";"2.00";"0.050";"47.50";"51.30";"3649.20"
"ORD-10252";"2006-07-09 07:00:00";"delivered";"Katrin";"Gulbis";"katrin.gulbis@example.com";"Confections";"Product QHFFP";"SKU-0020";"40";"64.80";"0.050";"2462.40";"51.30";"3649.20"
"ORD-10252";"2006-07-09 07:00:00";"delivered";"Katrin";"Gulbis";"katrin.gulbis@example.com";"Dairy Product";"Product WHBYK";"SKU-0060";"40";"27.20";"0.000";"1088.00";"51.30";"3649.20"
"ORD-10251";"2006-07-08 07:00:00";"delivered";"Sittichai";"Tuntisangaroon";"sittichai.tuntisangaroon@example.com";"Condiments";"Product XYWBZ";"SKU-0065";"20";"16.80";"0.000";"336.00";"41.34";"695.40"
"ORD-10250";"2006-07-08 07:00:00";"delivered";"Shy";"Cohen";"shy.cohen@example.com";"Seafood";"Product TTEEX";"SKU-0041";"10";"7.70";"0.000";"77.00";"65.83";"1618.43"
"ORD-10251";"2006-07-08 07:00:00";"delivered";"Sittichai";"Tuntisangaroon";"sittichai.tuntisangaroon@example.com";"Grains/Cereals";"Product CPHFY";"SKU-0022";"6";"16.80";"0.050";"95.76";"41.34";"695.40"
"ORD-10251";"2006-07-08 07:00:00";"delivered";"Sittichai";"Tuntisangaroon";"sittichai.tuntisangaroon@example.com";"Grains/Cereals";"Product OVLQI";"SKU-0057";"15";"15.60";"0.050";"222.30";"41.34";"695.40"
"ORD-10250";"2006-07-08 07:00:00";"delivered";"Shy";"Cohen";"shy.cohen@example.com";"Produce";"Product APITJ";"SKU-0051";"35";"42.40";"0.150";"1261.40";"65.83";"1618.43"
"ORD-10250";"2006-07-08 07:00:00";"delivered";"Shy";"Cohen";"shy.cohen@example.com";"Condiments";"Product XYWBZ";"SKU-0065";"15";"16.80";"0.150";"214.20";"65.83";"1618.43"
"ORD-10249";"2006-07-05 07:00:00";"delivered";"Jim";"Wickham";"jim.wickham@example.com";"Produce";"Product PWCJB";"SKU-0014";"9";"18.60";"0.000";"167.40";"11.61";"1875.01"
"ORD-10249";"2006-07-05 07:00:00";"delivered";"Jim";"Wickham";"jim.wickham@example.com";"Produce";"Product APITJ";"SKU-0051";"40";"42.40";"0.000";"1696.00";"11.61";"1875.01"
"ORD-10248";"2006-07-04 07:00:00";"delivered";"Nkenge";"McLin";"nkenge.mclin@example.com";"Dairy Product";"Product QMVUN";"SKU-0011";"12";"14.00";"0.000";"168.00";"32.38";"472.38"
"ORD-10248";"2006-07-04 07:00:00";"delivered";"Nkenge";"McLin";"nkenge.mclin@example.com";"Grains/Cereals";"Product RJVNM";"SKU-0042";"10";"9.80";"0.000";"98.00";"32.38";"472.38"
"ORD-10248";"2006-07-04 07:00:00";"delivered";"Nkenge";"McLin";"nkenge.mclin@example.com";"Dairy Product";"Product GEEOO";"SKU-0072";"5";"34.80";"0.000";"174.00";"32.38";"472.38"
